0,0,0,0,0,0,0,0,0,0,0,0,0,0,0,0,0
0.58027,-8208,-1388,13288,145,-83,165,-30208,-32513,9729,0.10453,0.025718,0.78854,0.1573,0.68945,0.6871,0.16678
0.60272,-8284,-1320,13592,130,-5,31,-29952,-32257,9473,0,0,0,0,0,0,0
0.65551,-8432,-1484,13432,94,38,37,-31488,32255,10497,0,0,0,0,0,0,0
0.72426,-8196,-1544,13280,113,102,-10,-30208,31487,8705,0.10371,0.025473,0.78873,0.14754,0.68606,0.69193,0.16967
0.80252,-8044,-1440,13400,148,-55,95,-30208,32511,9729,0,0,0,0,0,0,0
0.87489,-8176,-1428,13736,168,14,115,-29696,31487,9729,0.10536,0.025717,0.78858,0.7,-0.14064,-0.18317,0.67577
0.95802,-8308,-1376,13588,140,67,40,-30208,-32513,9729,0.10547,0.025711,0.78884,0.70001,-0.14012,-0.18327,0.67585
1.0602,-8132,-1432,13308,78,-8,-60,-29952,32255,9473,0.10583,0.02567,0.78921,0.70062,-0.13981,-0.18358,0.6752
1.125,-8084,-1448,13252,131,-34,45,-28928,32255,9985,0.10628,0.025594,0.78886,0.70559,-0.13799,-0.17139,0.67359
1.2167,-8072,-1408,13444,170,-65,154,-28928,31743,8449,0.10579,0.025612,0.78913,0.70064,-0.14012,-0.1829,0.67529
1.311,-8264,-1276,13548,164,8,91,-29952,32255,8449,0.10581,0.02562,0.78928,0.70071,-0.14015,-0.18255,0.67531
1.392,-8272,-1376,13528,94,68,2,-30464,30719,10497,0.10507,0.025538,0.78923,0.15252,0.69076,0.68632,0.16896
1.4638,-8128,-1524,13384,140,-84,23,-29952,31743,9473,0.10632,0.025659,0.78953,0.69989,-0.13943,-0.18375,0.67598
1.5624,-8292,-1444,13380,149,-117,15,-29952,32255,11009,0.10629,0.025613,0.78929,0.70181,-0.13907,-0.17957,0.67519
1.6499,-8408,-1368,13400,121,-123,-22,-31232,31999,9217,0.10635,0.025636,0.78937,0.70195,-0.13916,-0.17872,0.67525
1.7303,-8060,-1420,13328,123,-104,24,-30464,31743,9985,0,0,0,0,0,0,0
1.8266,-8220,-1428,13400,145,-43,99,-30720,32511,9729,0.10644,0.025639,0.78955,0.70213,-0.1368,-0.17705,0.67598
1.8953,-8208,-1396,13464,129,25,-11,-30720,-32513,9217,0.10651,0.025636,0.78939,0.70249,-0.13761,-0.17655,0.67557
1.9864,-8124,-1428,13208,119,24,-10,-30464,32767,9985,0.10679,0.025715,0.78952,0.70115,-0.13648,-0.17963,0.67638
2.0786,-8220,-1416,13360,132,-112,0,-31232,32511,10241,0.10693,0.025584,0.78934,0.7078,-0.1341,-0.16192,0.6744
2.1559,-8220,-1552,13312,162,-92,63,-28416,32255,11009,0.10645,0.025591,0.78953,0.70218,-0.13496,-0.18006,0.67551
2.2449,-8216,-1496,13420,158,-121,92,-29696,31999,10753,0.10731,0.02558,0.78942,0.7086,-0.13134,-0.16017,0.67452
2.3402,-8192,-1292,13460,109,-151,32,-29696,31487,11265,0.10678,0.025598,0.78927,0.70359,-0.13455,-0.17447,0.67559
2.4126,-8212,-1404,13560,131,-117,-23,-28928,31231,10497,0.10693,0.025629,0.78934,0.70288,-0.13502,-0.17397,0.67636
2.4956,-8240,-1536,13536,105,-55,-11,-29184,-32513,10753,0.1069,0.025637,0.78959,0.70311,-0.13407,-0.17454,0.67616
2.5811,-8104,-1344,13328,126,-50,18,-29952,32767,7937,0.10679,0.025634,0.78962,0.70294,-0.13423,-0.17462,0.67629
2.6699,-8152,-1480,13304,161,-134,119,-28928,32255,10497,0.10622,0.025719,0.78971,0.1503,0.6901,0.6894,0.16094
2.7673,-8184,-1372,13552,131,-103,85,-29952,32255,9985,0,0,0,0,0,0,0
2.8488,-8300,-1524,13564,114,-32,5,-30976,31743,9473,0.10685,0.025642,0.78942,0.70304,-0.13524,-0.17474,0.67595
2.9357,-8432,-1396,13448,119,-99,-9,-31488,32255,12033,0.10741,0.025689,0.7892,0.70908,-0.13528,-0.15813,0.67372
3.0079,-8084,-1416,13348,93,-119,-95,-31232,32511,9729,0.10672,0.0256,0.78929,0.70305,-0.13599,-0.17496,0.67573
3.0975,-8084,-1512,13128,92,11,-153,-31744,32511,11265,0.10671,0.025581,0.78906,0.70264,-0.13626,-0.17508,0.67608
3.1891,-7788,-1416,13156,130,-86,9,-30976,-31745,10497,0.10686,0.025597,0.78894,0.70256,-0.13599,-0.17536,0.67614
3.2805,-8180,-1468,13536,158,-133,168,-30976,32255,12033,0.10689,0.025529,0.78909,0.70247,-0.13662,-0.17628,0.67587
3.3809,-8372,-1624,13612,142,-37,140,-29952,31743,11009,0.10704,0.025591,0.78883,0.70243,-0.13814,-0.17679,0.67547
3.4665,-8328,-1448,13768,125,67,-6,-30720,31999,10241,0,0,0,0,0,0,0
3.5536,-8076,-1452,13536,97,14,-79,-29184,31999,11265,0.10683,0.025573,0.7887,0.70189,-0.1388,-0.17804,0.67556
3.6422,-7976,-1364,13340,117,-146,5,-29952,32767,12033,0.10626,0.025787,0.7886,0.70342,-0.13367,-0.17963,0.67458
3.7367,-8232,-1504,13416,136,-183,63,-28672,31999,12801,0.10656,0.025639,0.7894,0.70021,-0.13992,-0.18754,0.67451
3.8314,-8252,-1348,13420,102,-120,-24,-29952,-31745,12545,0,0,0,0,0,0,0
3.9332,-8144,-1620,13488,69,-163,-196,-30464,-31745,12545,0.10031,0.026481,0.79405,0.68611,-0.15875,-0.22178,0.67444
4.0357,-8180,-1600,13480,91,-45,-200,-29952,-31745,13057,0.097426,0.026006,0.80109,0.69187,-0.18835,-0.2279,0.65871
4.1345,-8008,-1584,13312,131,71,14,-29952,-31745,12545,0.09017,0.025459,0.80995,0.16753,0.65091,0.68543,0.28006
4.2392,-8092,-1236,13460,144,-151,138,-30208,-31489,13825,0,0,0,0,0,0,0
4.3569,-8268,-1456,13684,105,-70,46,-30464,32767,12545,0,0,0,0,0,0,0
4.464,-8216,-1672,13584,140,-110,82,-29184,-31489,12289,0,0,0,0,0,0,0
4.5744,-8156,-1452,13428,150,-91,25,-29184,-32513,13313,0,0,0,0,0,0,0
4.7069,-7972,-1396,13328,114,-212,11,-30208,-32001,13313,0.0031208,0.026578,0.90363,0.19013,0.64699,0.67427,0.30101
4.8187,-8232,-1576,13484,117,-223,65,-30208,-30977,14337,-0.011523,0.031274,0.92192,0.65404,-0.20064,-0.32949,0.6507
4.9218,-8080,-1684,13332,113,-263,77,-29440,-31745,14081,-0.02052,0.035362,0.93463,0.67594,-0.21336,-0.29825,0.63924
5.0303,-8016,-1396,13492,157,-224,51,-30464,-31745,14081,-0.029644,0.037081,0.94546,0.67398,-0.21695,-0.3006,0.63901
5.1413,-8116,-1436,13200,138,-177,-8,-29952,-30721,14593,-0.038553,0.036088,0.95839,0.67493,-0.21281,-0.31042,0.63468
5.2535,-8200,-1460,13452,118,-347,1,-28928,-31745,15105,-0.049589,0.034518,0.9634,0.6705,-0.21876,-0.30526,0.63984
5.3646,-8088,-1724,13684,161,-293,122,-28928,-31233,14081,-0.061512,0.031615,0.96933,0.67095,-0.22562,-0.30067,0.63915
5.4806,-8156,-1328,13408,146,-235,82,-29440,-31745,14081,-0.074196,0.026832,0.97835,0.6669,-0.23124,-0.30154,0.64097
5.609,-8112,-1372,13448,125,-338,-26,-29696,-32513,14849,-0.088018,0.021979,0.99415,0.6678,-0.23448,-0.31349,0.63308
5.7341,-7976,-1488,13676,102,-286,-17,-30208,-32513,14849,-0.11255,0.021234,1.0105,0.66339,-0.23933,-0.32626,0.62944
5.8547,-8008,-1524,13516,114,-623,-35,-28928,-31745,15105,-0.13443,0.020321,1.0213,0.6624,-0.25164,-0.31793,0.62994
5.9755,-7916,-1456,13376,120,-492,-2,-29440,-32257,15617,-0.15428,0.017701,1.0343,0.6605,-0.25917,-0.32164,0.627
6.1056,-8048,-1308,13524,137,-425,10,-29440,-31233,16129,-0.1767,0.013637,1.049,0.6715,-0.26998,-0.32624,0.60808
6.2348,-8080,-1584,13504,92,-425,-18,-29952,-31745,17153,-0.19689,0.014973,1.0608,0.69043,-0.28204,-0.32137,0.58351
6.3647,-7868,-1612,13580,135,-217,92,-28160,-32001,17921,-0.21368,0.020222,1.0736,0.70371,-0.27364,-0.33901,0.56123
6.4987,-7984,-1392,13660,146,-252,99,-27648,-32513,18433,-0.22261,0.02427,1.0911,0.72902,-0.25129,-0.36526,0.52151
6.6326,-7900,-1396,13688,140,-170,50,-28416,30719,16641,-0.22729,0.024613,1.1107,0.75779,-0.21481,-0.40105,0.46772
6.7694,-8028,-1592,13692,137,-170,26,-27648,32511,16897,-0.23572,0.021905,1.123,0.78762,-0.18648,-0.43629,0.39311
6.9083,-7820,-1576,13784,170,-376,21,-27904,-32257,16641,-0.25176,0.018063,1.1327,0.81795,-0.16044,-0.45468,0.31381
7.0589,-7928,-1268,13548,172,-375,81,-26880,-32257,16129,-0.27761,0.0051276,1.1471,0.84899,-0.098068,-0.48034,0.19714
7.2047,-7792,-1360,13340,102,-645,-23,-27136,32511,16385,-0.2899,-0.003121,1.1471,0.87146,-0.031135,-0.47925,0.09956
7.3587,-7856,-1392,13580,131,-450,52,-27392,31743,16129,-0.29926,-0.0082592,1.1501,0.87811,0.0091479,-0.47709,0.034878
7.5084,-7960,-1416,13576,132,-367,57,-28928,31743,18689,-0.30821,-0.012464,1.1518,0.87901,0.03777,-0.4753,0.0012274
7.6641,-8028,-1560,13628,137,-289,-20,-27904,31231,18177,-0.31919,-0.012155,1.1468,0.87769,0.053625,-0.4762,-0.0045036
7.8141,-7720,-1532,13368,153,-290,47,-27904,31743,19201,-0.33221,-0.015174,1.1465,0.87375,0.056267,-0.48304,-0.0079698
7.9737,-7644,-1520,13756,164,-247,91,-27392,31231,18177,-0.35595,-0.019381,1.158,0.86966,0.049593,-0.491,-0.012394
8.1269,-7784,-1352,13660,153,-249,125,-25856,31231,18689,-0.38591,-0.020989,1.1744,0.85951,0.043058,-0.50889,-0.020383
8.2836,-7988,-1468,13732,116,-170,31,-25856,31743,18689,-0.41697,-0.019944,1.1863,0.85066,0.027484,-0.52408,-0.030837
8.4373,-7888,-1532,13792,82,-213,-47,-25600,-32513,18433,-0.44937,-0.023986,1.1977,0.84174,0.014676,-0.53758,-0.047585
8.5984,-7664,-1696,13596,147,-173,34,-26112,32511,18945,-0.47782,-0.031463,1.21,0.83236,0.001721,-0.55053,-0.063985
8.7695,-7640,-1432,13644,195,-169,92,-25344,31231,18177,-0.50101,-0.033813,1.2264,0.82075,-0.0090655,-0.56667,-0.071946
8.9325,-7696,-1348,13788,145,-202,85,-23808,31743,19713,-0.5169,-0.031791,1.2366,0.8136,-0.020268,-0.57608,-0.076043
9.0991,-7784,-1488,13736,84,-154,-42,-25856,30719,18689,-0.52641,-0.032645,1.2385,0.81454,-0.020712,-0.57362,-0.084019
9.269,-7728,-1536,13568,133,-144,29,-26368,30207,18177,-0.50753,-0.031125,1.2301,0.8136,-0.00093371,-0.57738,-0.068508
9.438,-7772,-1552,13720,175,-222,92,-26112,29951,19969,-0.46422,-0.025313,1.2135,0.82878,0.022804,-0.55738,-0.044038
9.6108,-7948,-1480,13800,132,-296,11,-24320,29695,18689,-0.41099,-0.019889,1.1893,0.83615,0.044588,-0.54636,-0.01865
9.787,-7676,-1372,13472,112,-415,10,-24832,32255,21249,-0.35714,-0.013758,1.1651,0.84045,0.07141,-0.53717,0.0016525
9.9609,-7612,-1552,13764,164,-425,60,-24320,31743,20737,0,0,0,0,0,0,0
10.147,-7816,-1620,13844,164,-312,80,-25344,30207,19713,-0.27276,-0.0044079,1.1273,0.84263,0.093617,-0.52972,0.024505
10.324,-7768,-1432,13860,124,-258,-27,-24320,31231,20737,-0.23758,0.0041174,1.1081,0.84996,0.0933,-0.51711,0.038307
10.509,-7560,-1444,13776,117,-154,5,-25088,29951,19457,-0.20806,0.0042711,1.0916,0.85166,0.10334,-0.51218,0.040916
10.695,-7624,-1464,13624,127,-226,19,-23552,29439,20481,-0.17356,0.0032688,1.0686,0.85687,0.10964,-0.50222,0.03907
10.882,-7592,-1448,13640,143,-104,44,-25344,29695,21761,-0.13999,0.0036962,1.043,0.85935,0.11298,-0.49652,0.047083
11.066,-7696,-1532,13684,141,-9,70,-24576,31487,20993,-0.10719,0.0023385,1.0143,0.86418,0.12226,-0.48574,0.048017
11.251,-7508,-1396,13784,139,-75,114,-23296,30719,22273,-0.083682,0.0041182,0.98912,0.87064,0.1152,-0.47573,0.049007
11.442,-7756,-1408,13740,114,52,49,-23552,30463,20993,0,0,0,0,0,0,0
11.631,-7816,-1568,13972,99,-24,1,-24064,29951,21505,-0.043742,0.010177,0.95024,0.88497,0.11038,-0.44972,0.048901
11.831,-7624,-1568,13776,132,-141,22,-24576,29439,20993,-0.043916,0.012336,0.95224,0.88641,0.10856,-0.44744,0.047782
12.03,-7668,-1472,13764,138,-39,52,-24576,29439,22017,-0.074635,0.0088673,0.97963,0.88813,0.10218,-0.44573,0.045981
12.223,-7680,-1456,13928,137,-57,31,-23808,30207,20737,-0.13352,0.0079613,1.0328,0.87729,0.089192,-0.46945,0.044972
12.418,-7792,-1580,13736,104,-83,-5,-24320,31231,21249,-0.20436,0.003487,1.0885,0.86984,0.084956,-0.48432,0.040005
12.615,-7696,-1532,13740,119,-14,-12,-24320,30719,20225,-0.27134,-0.0036609,1.1334,0.86232,0.064934,-0.50105,0.03364
12.815,-7900,-1328,13764,124,-52,7,-23552,32511,22529,-0.33825,-0.01333,1.1678,0.85502,0.04078,-0.51674,0.015824
13.02,-7600,-1528,13640,121,-31,-1,-25088,31999,20993,-0.40654,-0.017031,1.2056,0.84015,0.008882,-0.54226,-0.0044538
13.225,-7480,-1520,13636,165,11,121,-24832,29183,21249,-0.45352,-0.019007,1.2291,0.82551,-0.010753,-0.56383,-0.022796
13.431,-7760,-1448,13808,161,84,145,-24320,31743,20737,-0.48929,-0.018491,1.2437,0.81148,-0.038307,-0.58193,-0.037304
13.637,-7636,-1496,13728,123,102,64,-24576,29439,20481,-0.52125,-0.019454,1.2547,0.79616,-0.060117,-0.59922,-0.058794
13.845,-7792,-1536,13768,115,27,60,-24576,29951,19969,-0.49656,-0.018634,1.2426,0.80762,-0.031474,-0.58725,-0.043497
14.055,-7692,-1540,13732,163,-39,74,-23552,29951,19457,-0.4376,-0.01212,1.2195,0.82885,0.0075532,-0.55933,-0.010408
14.278,-7664,-1596,13632,176,-39,109,-24832,30207,19201,-0.3834,-0.011331,1.1953,0.82795,0.024086,-0.56025,0.0068216
14.488,-7816,-1348,13588,118,-2,56,-25600,30463,19457,-0.334,-0.015287,1.1674,0.83653,0.04001,-0.54629,0.013547
14.709,-7776,-1452,13748,101,-74,-16,-24576,30975,19457,0,0,0,0,0,0,0
14.93,-7636,-1504,13616,120,-42,50,-24576,31487,19457,-0.21608,0.010629,1.0849,0.85271,0.072358,-0.51522,0.046791
15.154,-7744,-1484,13628,117,-25,66,-24832,30719,20225,-0.15325,0.01663,1.0372,0.861,0.082078,-0.49875,0.056407
15.381,-7728,-1372,13660,138,-84,31,-24064,29951,19969,-0.092324,0.012112,0.98835,0.87324,0.08448,-0.47658,0.056447
15.607,-7692,-1640,13624,106,-81,20,-23808,30207,20225,-0.047623,0.014777,0.948,0.88566,0.086891,-0.45299,0.053406
15.854,-7672,-1620,13780,157,-44,22,-24064,30975,20481,-0.015974,0.020207,0.91822,0.88926,0.080524,-0.44788,0.046217
16.084,-7788,-1404,13736,124,-32,40,-24064,31999,20481,-0.03762,0.022647,0.93982,0.89195,0.094674,-0.43809,0.059526
16.315,-7664,-1572,13616,111,21,58,-23808,31231,21249,0,0,0,0,0,0,0
16.544,-7644,-1604,13792,173,-22,103,-23040,30463,19457,-0.17218,0.009894,1.0563,0.88159,0.083817,-0.46073,0.059192
16.791,-7816,-1404,13792,154,114,83,-24320,30719,19713,-0.28038,-0.0080294,1.139,0.86734,0.054487,-0.49298,0.041525
17.028,-7744,-1352,13712,105,107,2,-24832,29695,21249,-0.37243,-0.018378,1.1946,0.8488,0.015726,-0.52802,0.022238
17.27,-7736,-1520,13628,82,53,1,-25088,30975,19457,-0.43791,-0.021204,1.2227,0.8402,-0.020358,-0.54188,0.0045287
17.511,-7672,-1616,13556,133,113,122,-25088,31487,20993,-0.49425,-0.020741,1.248,0.82829,-0.039564,-0.55882,-0.0094361
17.758,-7696,-1464,13508,194,75,168,-23296,29183,20225,-0.54978,-0.014168,1.2731,0.81164,-0.079582,-0.57777,-0.032935
18.009,-7896,-1456,13748,137,91,119,-25344,29183,21249,-0.55914,-0.015968,1.2739,0.80603,-0.073759,-0.58578,-0.041721
18.255,-7784,-1620,13852,132,65,6,-25600,29439,19969,-0.46461,-0.019682,1.2414,0.82384,-0.019453,-0.56647,-0.0034018
18.503,-7696,-1580,13832,151,2,38,-24320,30207,20737,-0.36224,-0.023086,1.1848,0.84008,0.035557,-0.54081,0.022953
18.756,-7648,-1400,13644,135,-18,55,-24320,29695,20225,-0.26075,-0.0087453,1.1118,0.84913,0.072458,-0.52126,0.044878
19.013,-7808,-1420,13720,127,-5,81,-23808,29695,21761,-0.16654,0.011786,1.0405,0.86461,0.080885,-0.49378,0.045684
19.267,-7996,-1548,13848,119,74,25,-24320,29183,20225,-0.097824,0.01451,0.98807,0.87538,0.046681,-0.47976,0.036898
19.541,-7932,-1508,13816,132,151,14,-24832,29183,20737,-0.12076,0.021506,1.0097,0.86557,0.055616,-0.4953,0.048712
19.798,-7988,-1468,13564,137,365,-7,-23808,29695,21761,-0.18503,0.02426,1.0633,0.86464,0.040173,-0.49854,0.047345
20.075,-7804,-1608,13492,130,192,56,-24576,29439,20993,-0.21733,0.018803,1.0818,0.86848,0.036683,-0.49266,0.041103
20.356,-7680,-1520,13652,169,-1,80,-24320,30207,21249,-0.21845,0.00962,1.0826,0.86982,0.095481,-0.48109,0.05339
20.635,-7984,-1576,13840,161,279,57,-24576,30975,19457,-0.20456,-0.01411,1.0699,0.82536,0.35623,-0.41122,0.15093
20.906,-7728,-1328,13744,131,250,8,-22784,32767,20737,-0.18597,-0.016466,1.0608,0.50908,-0.72741,-0.28069,-0.36458
21.188,-7788,-1548,13584,123,115,41,-24320,32255,20225,-0.17063,-0.018998,1.0466,0.64117,0.6389,-0.31383,0.28674
21.459,-7916,-1676,13732,117,49,57,-24576,30463,20993,-0.16396,-0.023013,1.0369,0.65715,-0.61688,-0.3249,-0.28647
21.739,-8080,-1580,13608,138,8,103,-23296,30719,20225,0,0,0,0,0,0,0
22.026,-7892,-1584,13580,142,27,60,-24320,30207,19713,-0.19449,-0.018402,1.0674,-0.46249,0.75809,0.24259,0.39058
22.308,-7900,-1512,13712,149,49,131,-24576,30975,19457,-0.22221,-0.0058599,1.0915,0.82839,0.31619,-0.43893,0.14539
22.595,-7924,-1516,13544,139,152,106,-24832,30207,18177,0,0,0,0,0,0,0
22.909,-7872,-1528,13588,151,317,84,-23808,30207,18689,-0.24218,0.039447,1.1024,0.86873,-0.049809,-0.49275,-0.0051354
23.202,-7792,-1432,13612,120,683,100,-24064,30975,16897,-0.2325,0.061237,1.0878,0.84426,-0.20727,-0.49275,-0.038141
23.495,-7856,-1520,13424,163,1004,199,-25344,30719,18177,-0.22524,0.079058,1.0752,0.80902,-0.32344,-0.48686,-0.062038
23.784,-8356,-1464,13668,90,1001,116,-25856,31743,18689,-0.22941,0.06144,1.0853,0.82295,-0.24891,-0.50806,-0.051695
24.091,-8328,-1408,13604,87,582,-54,-26624,31487,17409,-0.22964,0.016456,1.0884,0.86942,-0.014901,-0.49373,0.011238
24.386,-8004,-1484,13812,90,780,-93,-25344,-32257,16641,-0.22745,-0.020042,1.0884,0.86509,0.16401,-0.46807,0.075015
24.681,-7572,-1548,13804,76,1483,-261,-27648,-29441,14337,-0.2055,-0.048442,1.0641,0.80018,0.38815,-0.42947,0.15687
24.967,-8044,-1568,13684,120,2574,-255,-30976,-27649,11521,-0.18254,-0.059762,1.0427,0.50438,-0.72275,-0.24025,-0.40684
25.263,-8572,-1472,13856,83,2841,-140,-32512,-23553,8961,-0.17627,-0.068852,1.0372,0.51752,-0.71514,-0.23503,-0.40683
25.557,-9484,-2448,14148,377,3503,1958,-27392,-13313,-5888,-0.20393,-0.057965,1.0735,0.7787,0.41186,-0.43464,0.18732
25.878,-7956,-896,12904,188,4375,1182,-23552,-7937,-18432,-0.22895,-0.026357,1.1019,0.8215,0.29104,-0.46417,0.15805
26.172,-8428,-836,12392,-22,4347,505,-30208,-2305,-26112,-0.23847,-0.0030052,1.1122,0.84797,0.19908,-0.47678,0.11827
26.49,-8412,-1192,12888,205,4278,-702,22272,2816,31488,-0.23841,0.033088,1.1113,0.8606,-0.036491,-0.50788,0.0098317
26.792,-10396,-920,12376,32,3511,149,7168,7680,24064,-0.22558,0.098499,1.0908,0.83715,-0.21327,-0.50309,-0.024234
27.105,-10476,-1160,12500,-1029,3795,1614,-3329,10752,22528,-0.2082,0.14353,1.0644,0.82194,-0.28168,-0.49484,-0.014275
27.416,-9748,-360,12752,-1147,3626,1100,-16129,17408,24064,-0.22762,0.11592,1.0924,0.82153,-0.23866,-0.5176,-0.014944
27.728,-9412,-1764,13248,340,3813,-1647,-29697,22784,19200,-0.2393,0.068232,1.104,0.84048,-0.13655,-0.52435,0.0040168
28.037,-9644,-3580,13420,318,4167,-2071,31231,26368,4864,-0.23048,0.0090949,1.0925,0.86572,0.056923,-0.49484,0.049266
28.378,-10224,-2572,12316,-1462,4094,-893,-32257,28928,-6657,-0.20594,-0.045515,1.0584,0.82251,0.30581,-0.46028,0.13459
28.704,-11076,-820,12704,-2524,3883,921,-29185,31488,-14849,-0.15938,-0.059247,0.99854,0.76301,0.46359,-0.41112,0.1841
29.032,-10084,-1148,11896,-1336,2959,1543,-25089,30976,-17409,-0.18503,-0.054384,1.0347,0.78753,0.39503,-0.43746,0.17993
29.351,-10216,-1672,11504,-1878,2159,689,-22017,31488,-18433,-0.22894,-0.024431,1.0921,0.84328,0.19587,-0.49124,0.095893
29.684,-9880,-1180,12180,-2547,1879,-955,-17153,31232,-20225,-0.25256,0.03756,1.1211,0.84433,-0.055897,-0.53287,0.0060109
30.025,-11416,-1308,12212,-2827,1709,-1230,-11777,32512,-21505,-0.24416,0.10044,1.108,0.80545,-0.26885,-0.52541,-0.054039
30.355,-12016,-2100,13000,-2187,1704,735,-7425,-32768,-23297,-0.20107,0.14051,1.0558,0.80053,-0.32638,-0.49971,-0.054077
30.695,-11276,-2200,12656,-1180,1991,2240,-1537,32512,-23041,-0.20976,0.12045,1.071,0.81699,-0.2505,-0.51737,-0.045985
31.041,-10324,-2176,11576,-1335,2172,618,1792,-31488,-22529,-0.23086,0.056598,1.0871,0.85067,-0.032989,-0.52466,0.0029292
31.37,-10732,-2644,11984,-1527,1901,-774,3584,31744,-22273,-0.21871,0.074761,1.0739,0.86485,0.018303,-0.50052,0.034358
31.707,-11528,-2980,11772,-1478,1830,258,6656,-31744,-22273,-0.206,0.16969,1.0713,0.86493,0.032886,-0.49255,0.090646
32.045,-11004,-3144,11008,-1146,1318,-140,7424,-32000,-22017,-0.20405,0.15241,1.0702,0.866,0.023557,-0.49231,0.084378
32.383,-11244,-2968,10712,-1322,919,-816,9472,-31488,-21505,-0.20939,0.051486,1.0719,0.86579,0.027903,-0.49709,0.050197
32.724,-11700,-2584,12220,-489,638,-225,9472,-32512,-21505,-0.21008,-0.040611,1.0649,0.86909,0.05793,-0.48933,0.043285
33.069,-12420,-3168,12936,1594,836,684,9216,-32768,-20225,-0.20438,-0.13501,1.0503,0.86798,0.073772,-0.4904,0.02592
33.416,-11884,-2868,11984,1807,1455,1477,9984,-31488,-20481,0,0,0,0,0,0,0
33.76,-10064,-3200,10928,1232,1804,-818,8960,-31488,-19457,-0.20412,-0.048719,1.0616,0.86785,0.058142,-0.49033,0.054987
34.114,-9868,-2948,10384,334,1069,-2581,9472,-31488,-20481,0,0,0,0,0,0,0
34.461,-10532,-2540,10960,674,-238,-2681,9472,-32512,-20481,-0.19213,0.11928,1.0597,0.87803,0.067931,-0.465,0.090708
34.818,-11540,-2648,10944,1993,111,-1511,9216,-31744,-19201,-0.19098,0.19031,1.0527,0.87299,0.086441,-0.46478,0.11996
35.179,-12632,-1760,10228,1643,772,1734,10240,-30208,-19713,-0.19565,0.17934,1.0572,0.86751,0.070438,-0.47873,0.11524
35.538,-11208,-2040,10520,1243,-264,3816,9216,-31232,-20737,-0.20999,0.090284,1.0705,0.86566,0.042354,-0.49446,0.065919
35.891,-11064,-3236,9916,383,-1022,3070,8960,-31488,-19969,-0.22269,0.01353,1.0719,0.86909,0.02254,-0.49187,0.047308
36.248,-12708,-1884,9584,-1273,-745,1861,7936,-30464,-21505,-0.2232,-0.0643,1.0671,0.87148,0.024851,-0.48849,0.035771
36.609,-11860,-1416,10768,-1860,341,154,8448,-31488,-21505,-0.21322,-0.16386,1.0388,0.87456,0.025971,-0.48416,0.0074131
36.995,-10996,-2984,11012,172,970,-2252,8192,-31744,-22273,-0.21841,-0.13054,1.0496,0.86801,0.029962,-0.49554,0.010515
37.353,-11764,-3700,9308,-303,-172,-1590,8704,-30720,-20737,-0.21974,-0.030554,1.0822,0.86565,0.016745,-0.49804,0.048265
37.737,-11500,-2852,8884,-2905,219,-1148,7424,-32000,-21505,-0.20947,0.05387,1.0794,0.86645,0.025521,-0.49309,0.074033
38.107,-10932,-1476,10364,-2748,1667,-1501,9728,-31232,-22273,-0.19934,0.12202,1.0709,0.87021,0.038164,-0.48206,0.094312
38.494,-12736,-1500,10928,714,1222,-877,9216,-30720,-21761,-0.20647,0.1889,1.0609,0.86885,0.048211,-0.47559,0.12882
38.868,-12624,-4052,10164,2800,1649,40,9984,-30464,-22017,-0.21117,0.11633,1.0693,0.86543,0.040635,-0.49146,0.088585
39.242,-11044,-3948,8828,277,2895,559,8192,-31232,-22273,-0.2203,0.033098,1.0788,0.86342,0.035356,-0.49827,0.070676
39.622,-10616,-2040,9044,-1893,2266,-661,9216,-31232,-21761,-0.21139,-0.05075,1.0642,0.86988,0.034204,-0.48841,0.05992
40.017,-11804,-1028,10148,-513,599,-1731,9472,-31488,-22017,0,0,0,0,0,0,0
40.39,-13356,-2184,10468,2151,446,-1513,8704,-31232,-22785,-0.2051,-0.15299,1.0368,0.86863,0.037919,-0.49344,0.023748
40.766,-12916,-2376,9196,1467,639,861,9984,-28928,-24065,-0.20958,-0.071692,1.0728,0.87347,0.032341,-0.48399,0.042001
41.156,-11508,-2092,9024,52,1045,507,9472,-29952,-23553,-0.20402,0.030518,1.0787,0.87321,0.0467,-0.47863,0.079007
41.535,-10832,-2336,9572,-559,996,-615,9728,-30720,-21249,-0.20034,0.13404,1.0669,0.87423,0.06974,-0.46441,0.12318
41.936,-11824,-2308,10204,573,156,-177,9472,-31488,-22017,-0.19791,0.1973,1.051,0.87543,0.086877,-0.44845,0.15802
42.324,-12920,-2464,10532,2187,-2,1210,9472,-29952,-23041,-0.20703,0.11045,1.0667,0.8599,0.068399,-0.49399,0.10897
42.705,-12580,-2296,9624,1238,814,945,9472,-29440,-22017,-0.21523,0.007632,1.0753,0.87333,0.036898,-0.4819,0.060882
43.104,-11492,-2388,9192,-869,1218,-774,9472,-31488,-22529,-0.22123,-0.098213,1.0638,0.8726,0.019621,-0.48803,0.0021872
43.5,-11196,-2024,8944,-2515,1127,-2177,8448,-32000,-22529,-0.20378,-0.086103,1.0506,0.871,0.015592,-0.49087,0.013027
43.894,-11696,-1744,9340,-1948,166,-1504,9472,-31488,-22017,-0.15097,-0.080968,1.0147,0.87465,0.017573,-0.48417,0.015741
44.292,-11992,-2336,9616,-136,-335,-131,8704,-29696,-22785,-0.14509,0.029187,1.0225,0.88548,0.035271,-0.46127,0.043682
44.683,-12180,-3208,10764,1744,-594,1264,9472,-30464,-22529,-0.12462,0.13214,1.0047,0.88616,0.066366,-0.45035,0.086622
45.086,-12112,-3480,10812,2119,-280,2441,10752,-30208,-23297,-0.18921,0.14124,1.0559,0.87696,0.051647,-0.46793,0.096508
45.487,-11444,-2564,9820,447,486,1518,7936,-29440,-22017,-0.25491,0.13799,1.1053,0.85707,0.051516,-0.50366,0.095467
45.898,-11268,-2044,9296,-1176,135,377,8960,-30464,-23041,-0.26671,0.07563,1.1107,0.85616,0.02527,-0.51033,0.076868
46.299,-11524,-1832,10464,-901,-258,-340,10752,-30208,-22785,-0.28011,-0.044502,1.1096,0.8574,-0.0051088,-0.51338,0.035834
46.707,-12752,-2300,11100,1293,-503,-64,9728,-30208,-23809,-0.25876,-0.060812,1.0957,0.85591,-6.6154e-05,-0.51621,0.030685
47.141,-12700,-3076,10484,2579,192,974,9216,-31232,-22785,-0.15653,-0.073231,1.0028,0.87437,0.036555,-0.48018,0.059717
47.552,-13196,-2400,9388,1763,786,1158,8192,-30208,-23297,-0.16387,-0.05821,1.0133,0.87685,0.03225,-0.47789,0.041432
47.964,-11992,-1500,8732,-1142,449,617,8960,-29952,-22017,-0.14511,0.043709,1.0141,0.88464,0.058364,-0.45656,0.074563
48.375,-12464,-2100,10164,-1263,487,218,10240,-30208,-23809,-0.13966,0.13999,1.0114,0.88527,0.094319,-0.44135,0.11229
48.819,-12496,-2364,10256,-235,451,767,8704,-30720,-22785,-0.21853,0.1429,1.076,0.86882,0.060439,-0.47829,0.11291
49.245,-12324,-2688,10340,993,436,1313,10240,-30720,-22785,-0.30548,0.12644,1.1305,0.8547,0.037631,-0.50844,0.097816
49.671,-12632,-2256,9992,1276,598,1106,8448,-30464,-23041,-0.30401,0.036512,1.1256,0.85308,0.0079645,-0.51705,0.069611
50.078,-12092,-1916,9764,1177,707,-492,8448,-29952,-22529,-0.30807,-0.090117,1.1032,0.8423,0.00028883,-0.53875,0.016409
50.51,-12676,-2036,9668,421,524,-1586,8960,-29952,-23041,-0.25732,-0.073359,1.0783,0.85045,0.015701,-0.5243,0.040082
50.937,-13056,-3028,10484,-502,1424,-958,9728,-30208,-23297,-0.13918,-0.060735,0.99317,0.8678,0.043769,-0.49086,0.06377
51.373,-11992,-3228,10792,-154,2097,-618,7936,-30464,-23553,-0.14104,-0.0037898,1.0004,0.87928,0.048656,-0.4702,0.058409
51.821,-11532,-3260,10924,619,1912,-513,9728,-28672,-24321,-0.12352,0.14201,0.98639,0.88927,0.10137,-0.43083,0.11533
52.255,-12004,-3052,10620,774,1507,504,8704,-30208,-24321,-0.15703,0.16169,1.0182,0.88176,0.096279,-0.44573,0.12066
52.698,-11988,-2412,10176,677,1804,220,9216,-28160,-23297,-0.27369,0.16735,1.1141,0.8489,0.042138,-0.51445,0.11375
53.15,-11928,-2376,9564,-50,2148,-462,9216,-29696,-23809,-0.34138,0.13035,1.1552,0.8295,-0.022611,-0.55122,0.087062
53.609,-12128,-2564,9196,-920,1957,-267,9728,-28672,-24321,-0.3175,-0.036953,1.1458,0.81453,0.23538,-0.50948,0.14685
54.064,-12400,-2280,8900,-324,1311,-266,8448,-29952,-24577,-0.19223,-0.095265,1.0274,-0.48136,0.74241,0.20748,0.41723
54.547,-13356,-1972,8288,577,447,188,8704,-28160,-24833,-0.29927,-0.018162,1.142,0.83932,0.10791,-0.53029,0.051929
54.985,-13276,-2000,8576,1205,27,1154,9984,-29952,-25089,-0.28409,0.11906,1.1236,0.76137,-0.32881,-0.53871,-0.14827
55.43,-13364,-2180,8856,1962,-346,1456,10496,-28416,-24577,-0.19013,0.16327,1.0432,0.7877,-0.35186,-0.49307,-0.11226
55.88,-13620,-2116,8696,1674,-186,1422,9728,-27648,-24321,-0.2821,0.088498,1.1346,0.83518,-0.035027,-0.54751,0.038444
56.336,-13108,-1624,8540,930,584,1086,9216,-29696,-24833,-0.23729,-0.069475,1.07,0.75445,0.43122,-0.45142,0.20266
56.795,-12704,-1380,8964,634,871,327,9472,-29440,-25601,-0.18362,-0.09838,1.0259,0.50946,-0.7162,-0.2344,-0.4154
57.278,-13044,-2392,9072,664,1108,309,7168,-29696,-24321,-0.306,-0.0081356,1.1514,0.84413,-0.0018773,-0.53595,0.014095
57.749,-12528,-2224,9024,510,1250,822,8704,-29184,-24321,-0.25643,0.15337,1.0817,0.75512,-0.41854,-0.48808,-0.12806
58.225,-12360,-1500,9224,451,1250,-114,8960,-29440,-25089,-0.25752,0.15076,1.0893,0.76927,-0.34273,-0.52998,-0.099383
58.693,-12012,-1316,9544,1228,1237,-1438,8960,-29440,-24577,-0.33745,0.026328,1.1683,0.82929,0.079375,-0.54886,0.068782
59.15,-12592,-1172,10548,2695,844,-1502,8448,-27392,-24065,0,0,0,0,0,0,0
59.598,-13112,-2536,10168,3762,1206,-1248,8704,-28160,-24833,-0.3107,-0.0038853,1.0865,0.77552,0.076337,-0.62556,0.037644
60.058,-13140,-2784,8172,2880,2008,-1005,8960,-29440,-25089,-0.38536,0.0571,1.0092,0.60899,-0.063723,-0.78147,-0.11986
