491.1031,383,235,30,29,499.404,0.52,-0.47,0.57,0.43,-9.84,-0.39,-0.97,-0.01,0.18,-0.21,-2.88,-16.06,34.38
491.1171,383,235,30,29,499.427,0.52,-0.47,0.57,0.43,-9.99,-0.15,-0.87,0.02,0.14,-0.15,-3.25,-15.88,35.50
491.1341,382,234,32,31,499.451,0.52,-0.47,0.57,0.43,-9.87,0.00,-0.95,-0.01,0.06,-0.09,-3.25,-15.88,35.50
491.1573,382,234,32,31,499.472,0.52,-0.47,0.57,0.43,-9.82,-0.10,-1.11,-0.04,0.03,-0.08,-4.19,-15.19,34.88
491.1737,382,234,32,31,499.494,0.52,-0.47,0.57,0.43,-9.82,-0.19,-1.10,-0.03,0.03,-0.09,-4.19,-15.19,34.88
491.1926,382,236,30,28,499.517,0.52,-0.47,0.57,0.43,-9.94,-0.20,-1.13,0.04,0.04,-0.09,-4.88,-15.69,35.25
491.2094,382,236,31,29,499.539,0.52,-0.47,0.57,0.43,-10.05,0.28,-0.88,0.03,0.02,-0.08,-4.88,-15.69,35.25
491.2256,382,236,31,29,499.562,0.52,-0.48,0.57,0.43,-9.87,-0.11,-0.79,-0.05,-0.04,0.00,-6.06,-15.06,34.75
491.2449,381,235,33,31,499.585,0.52,-0.48,0.56,0.43,-9.71,-0.12,-0.89,-0.03,-0.03,0.04,-6.06,-15.06,34.75
491.2637,382,236,31,29,499.607,0.52,-0.47,0.56,0.43,-9.81,-0.13,-0.89,0.01,0.01,0.03,-6.06,-15.06,34.75
491.2802,382,236,31,29,499.63,0.52,-0.47,0.57,0.43,-9.87,0.28,-0.82,0.02,0.02,0.01,-5.38,-13.69,36.25
491.2971,381,236,32,29,499.652,0.52,-0.47,0.57,0.43,-9.89,0.32,-0.90,-0.02,0.01,0.02,-5.38,-13.69,36.25
491.3206,381,236,32,29,499.675,0.52,-0.47,0.57,0.43,-9.82,0.15,-1.03,-0.05,0.01,0.03,-6.00,-13.88,35.25
491.341,385,238,25,25,499.699,0.52,-0.48,0.57,0.43,-9.89,0.02,-1.01,-0.06,0.02,0.01,-6.00,-13.88,35.25
491.3606,382,237,30,29,499.722,0.52,-0.48,0.57,0.43,-9.98,-0.03,-0.88,-0.07,-0.01,-0.01,-6.69,-14.50,35.06
491.3768,382,237,30,29,499.742,0.52,-0.48,0.56,0.43,-9.88,-0.22,-1.19,-0.06,-0.02,-0.01,-6.69,-14.50,35.06
491.3937,382,238,30,27,499.765,0.52,-0.48,0.56,0.43,-9.75,-0.13,-1.01,-0.05,-0.02,-0.03,-6.06,-13.69,35.56
491.4098,382,238,30,27,499.789,0.52,-0.48,0.56,0.43,-9.65,-0.19,-1.21,-0.04,-0.03,-0.02,-6.06,-13.69,35.56
491.4278,382,236,31,30,499.81,0.52,-0.48,0.56,0.43,-9.61,-0.18,-1.07,-0.04,0.00,-0.00,-6.38,-13.19,36.50
491.4441,382,236,31,30,499.832,0.52,-0.48,0.56,0.43,-9.64,-0.59,-1.11,-0.04,-0.00,0.01,-6.38,-13.19,36.50
491.4612,381,236,33,31,499.855,0.52,-0.48,0.56,0.43,-9.74,-0.41,-1.03,-0.02,0.02,-0.02,-6.38,-13.19,36.50
491.4831,381,236,33,31,499.877,0.52,-0.48,0.56,0.43,-9.86,-0.20,-1.04,0.00,0.01,-0.01,-5.19,-14.25,35.25
491.4995,381,235,33,31,499.9,0.52,-0.48,0.56,0.43,-9.89,-0.11,-1.12,-0.02,-0.01,-0.01,-5.19,-14.25,35.25
491.5159,381,235,33,31,499.922,0.52,-0.48,0.56,0.43,-9.88,-0.13,-1.07,-0.02,-0.02,0.01,-6.69,-14.25,35.69
491.5324,381,235,33,31,499.945,0.52,-0.48,0.56,0.43,-9.76,-0.11,-0.98,-0.02,-0.04,0.02,-6.69,-14.25,35.69
491.5514,381,236,31,29,499.968,0.52,-0.48,0.56,0.43,-9.70,-0.25,-1.04,-0.02,-0.05,0.01,-6.25,-13.56,33.75
491.5692,379,234,34,32,499.99,0.52,-0.48,0.56,0.43,-9.63,-0.27,-1.06,-0.00,-0.03,-0.00,-6.25,-13.56,33.75
491.5851,379,234,34,32,500.013,0.52,-0.48,0.56,0.43,-9.65,-0.16,-0.92,0.00,-0.01,-0.01,-4.75,-14.00,35.69
491.6034,380,234,33,32,500.035,0.52,-0.48,0.56,0.43,-9.69,-0.12,-0.93,0.01,0.00,-0.00,-4.75,-14.00,35.69
491.6195,380,234,33,32,500.056,0.52,-0.48,0.56,0.43,-9.69,-0.12,-0.94,-0.00,-0.00,0.01,-4.75,-14.00,35.69
491.6443,379,234,33,32,500.08,0.52,-0.48,0.56,0.43,-9.75,-0.11,-0.93,-0.02,0.00,0.00,-5.19,-14.00,35.00
491.6606,379,234,33,32,500.103,0.52,-0.48,0.56,0.43,-9.76,-0.08,-1.00,-0.02,-0.00,-0.01,-5.19,-14.00,35.00
491.6776,381,235,31,30,500.125,0.52,-0.48,0.56,0.43,-9.80,-0.12,-0.95,-0.02,0.01,-0.01,-6.69,-14.25,36.50
491.6946,380,235,32,31,500.148,0.52,-0.48,0.56,0.43,-9.87,-0.20,-0.96,-0.01,0.00,-0.01,-6.69,-14.25,36.50
491.7111,380,235,32,31,500.172,0.52,-0.48,0.56,0.43,-9.74,-0.27,-1.07,-0.03,-0.03,0.00,-5.19,-14.00,36.50
491.7297,380,235,33,31,500.193,0.52,-0.48,0.56,0.43,-9.69,-0.38,-1.14,-0.01,-0.01,-0.01,-5.19,-14.00,36.50
491.7463,380,235,33,31,500.217,0.52,-0.48,0.56,0.43,-9.75,-0.13,-0.93,-0.00,0.00,-0.01,-5.56,-14.69,35.69
491.7626,380,235,32,31,500.24,0.52,-0.48,0.56,0.43,-9.75,-0.15,-1.12,-0.00,-0.01,0.03,-5.56,-14.69,35.69
491.7794,380,235,32,31,500.262,0.52,-0.48,0.56,0.43,-9.89,-0.34,-0.96,0.01,-0.01,0.00,-4.75,-13.56,33.75
491.8041,382,238,28,26,500.285,0.52,-0.48,0.56,0.43,-9.86,-0.10,-1.16,0.03,-0.03,-0.01,-4.75,-13.56,33.75
491.8206,382,238,28,26,500.305,0.52,-0.48,0.56,0.43,-9.85,-0.20,-0.97,0.02,-0.05,-0.02,-4.75,-13.56,33.75
491.8406,381,237,31,30,500.33,0.52,-0.48,0.56,0.43,-9.75,-0.15,-0.96,0.01,-0.06,-0.03,-6.00,-13.56,34.50
491.8582,381,237,31,30,500.353,0.52,-0.48,0.56,0.43,-9.72,-0.19,-0.92,0.01,-0.05,-0.00,-6.00,-13.56,34.50
491.8743,381,237,31,30,500.373,0.52,-0.48,0.56,0.43,-9.63,-0.27,-0.88,0.01,-0.05,0.01,-4.75,-13.69,35.69
491.8907,381,237,31,30,500.398,0.52,-0.48,0.56,0.43,-9.57,-0.18,-1.02,0.02,-0.03,0.00,-4.75,-13.69,35.69
491.9117,381,239,31,29,500.42,0.52,-0.48,0.56,0.43,-9.63,-0.20,-0.72,0.01,0.00,-0.04,-4.50,-14.06,36.06
491.9282,381,239,31,29,500.443,0.52,-0.48,0.56,0.43,-9.72,0.18,-0.79,0.01,0.00,-0.04,-4.50,-14.06,36.06
491.9453,380,238,32,30,500.465,0.52,-0.48,0.56,0.43,-9.75,0.20,-0.70,-0.03,-0.00,0.02,-5.56,-14.38,35.69
491.9639,380,238,32,30,500.49,0.52,-0.48,0.56,0.43,-9.64,-0.28,-0.86,-0.05,-0.00,0.04,-5.56,-14.38,35.69
491.9817,381,239,31,29,500.51,0.52,-0.48,0.56,0.43,-9.82,-0.07,-0.88,-0.03,0.04,-0.03,-5.56,-12.75,35.25
492.0002,379,238,33,30,500.533,0.52,-0.48,0.56,0.43,-9.86,-0.03,-0.88,-0.05,0.02,-0.03,-5.56,-12.75,35.25
492.0167,379,238,33,30,500.553,0.52,-0.48,0.56,0.43,-9.83,-0.26,-1.09,-0.07,-0.01,-0.02,-5.56,-12.75,35.25
492.034,378,237,32,31,500.578,0.52,-0.48,0.56,0.43,-9.67,-0.28,-0.94,-0.06,-0.02,-0.01,-4.50,-14.00,36.38
492.0501,378,237,32,31,500.6,0.52,-0.48,0.56,0.43,-9.66,-0.40,-1.09,-0.04,0.00,0.00,-4.50,-14.00,36.38
492.067,377,237,32,31,500.621,0.52,-0.48,0.56,0.43,-9.79,-0.40,-0.85,-0.02,0.00,-0.02,-5.19,-13.56,36.38
492.0835,377,237,32,31,500.645,0.52,-0.48,0.56,0.43,-9.77,-0.03,-1.04,-0.01,-0.01,-0.00,-5.19,-13.56,36.38
492.1131,378,241,28,25,500.668,0.52,-0.48,0.56,0.43,-9.76,-0.04,-0.94,-0.03,-0.01,0.02,-7.06,-13.19,35.56
492.1386,378,241,28,25,500.69,0.52,-0.48,0.56,0.43,-9.78,-0.18,-0.87,-0.03,-0.04,0.00,-7.06,-13.19,35.56
492.1618,376,238,31,30,500.711,0.52,-0.48,0.56,0.43,-9.72,-0.16,-0.91,-0.03,-0.05,-0.01,-5.19,-14.00,36.00
492.1879,376,239,33,30,500.736,0.52,-0.48,0.56,0.43,-9.71,-0.18,-1.00,-0.04,-0.04,0.00,-5.19,-14.00,36.00
492.2108,375,239,33,30,500.756,0.52,-0.48,0.56,0.43,-9.75,-0.20,-0.93,-0.04,-0.02,0.01,-5.19,-14.00,36.00
492.2272,375,239,33,30,500.779,0.52,-0.48,0.56,0.43,-9.91,-0.17,-0.88,-0.01,-0.01,-0.00,-5.56,-14.00,36.75
492.25,377,240,28,27,500.801,0.52,-0.48,0.56,0.43,-9.97,0.05,-0.78,-0.03,-0.04,-0.01,-5.56,-14.00,36.75
492.2663,377,240,28,27,500.824,0.52,-0.48,0.56,0.43,-9.89,-0.03,-0.76,-0.05,-0.05,-0.01,-6.25,-13.88,34.88
492.2989,373,235,32,30,500.848,0.52,-0.48,0.56,0.43,-9.87,-0.11,-0.89,-0.06,-0.05,-0.01,-6.25,-13.88,34.88
492.323,374,233,30,28,500.869,0.52,-0.48,0.56,0.44,-9.82,-0.17,-0.82,-0.05,-0.04,-0.02,-5.56,-14.19,35.06
492.3482,374,227,32,29,500.891,0.52,-0.48,0.56,0.44,-9.76,-0.10,-1.03,-0.05,-0.03,-0.02,-5.56,-14.19,35.06
492.3644,374,227,32,29,500.914,0.52,-0.48,0.55,0.44,-9.78,-0.18,-0.91,-0.04,-0.03,-0.01,-6.00,-13.56,36.25
492.3849,374,221,32,29,500.936,0.52,-0.48,0.55,0.44,-9.78,-0.25,-0.93,-0.05,-0.05,-0.02,-6.00,-13.56,36.25
492.4053,374,214,31,28,500.959,0.52,-0.48,0.55,0.44,-9.72,-0.33,-0.87,-0.03,-0.05,-0.02,-6.25,-13.88,35.50
492.4214,374,214,31,28,500.981,0.52,-0.48,0.55,0.44,-9.76,-0.24,-0.86,-0.02,-0.03,-0.02,-6.25,-13.88,35.50
492.4478,375,207,31,27,501.002,0.52,-0.48,0.55,0.44,-9.77,-0.28,-0.65,-0.04,-0.04,-0.01,-6.25,-13.88,35.50
492.4643,375,207,31,27,501.024,0.52,-0.48,0.55,0.44,-9.70,-0.34,-0.79,-0.04,-0.05,-0.01,-5.19,-13.88,35.00
492.4825,376,198,31,26,501.049,0.52,-0.48,0.55,0.44,-9.60,-0.37,-0.89,-0.02,-0.04,-0.00,-5.19,-13.88,35.00
492.5044,374,189,30,27,501.071,0.52,-0.48,0.55,0.44,-9.64,-0.20,-0.70,-0.01,-0.02,0.01,-4.75,-13.88,34.69
492.5206,374,189,30,27,501.094,0.52,-0.48,0.55,0.44,-9.61,-0.13,-0.56,-0.01,-0.01,0.02,-4.75,-13.88,34.69
492.5409,372,180,30,27,501.114,0.52,-0.48,0.55,0.44,-9.45,-0.15,-0.52,-0.05,-0.01,0.03,-5.56,-13.06,34.25
492.5599,370,171,31,26,501.139,0.52,-0.48,0.55,0.44,-9.46,-0.22,-0.76,-0.04,0.03,0.01,-5.56,-13.06,34.25
492.5764,370,171,31,26,501.159,0.52,-0.48,0.55,0.44,-9.65,-0.20,-0.64,-0.06,0.05,0.03,-6.19,-14.25,33.75
492.5981,370,171,31,26,501.182,0.52,-0.48,0.55,0.44,-9.69,-0.29,-0.96,-0.06,0.05,0.03,-6.19,-14.25,33.75
492.6197,368,161,30,27,501.204,0.52,-0.48,0.55,0.44,-9.72,-0.19,-0.90,-0.05,0.06,0.03,-6.19,-14.25,33.75
492.6373,367,148,29,32,501.229,0.52,-0.48,0.55,0.44,-9.75,-0.22,-0.89,-0.04,0.06,0.03,-5.38,-13.69,34.56
492.6535,367,148,29,32,501.25,0.52,-0.48,0.55,0.44,-9.94,-0.18,-1.32,-0.05,0.04,-0.02,-5.38,-13.69,34.56
492.6701,367,148,29,32,501.274,0.52,-0.49,0.55,0.44,-10.13,-0.09,-1.11,-0.01,0.08,-0.06,-5.75,-14.06,34.56
492.7448,368,144,26,26,501.299,0.52,-0.49,0.55,0.44,-10.26,-0.08,-0.94,0.00,0.06,-0.07,-5.75,-14.06,34.56
492.7661,362,140,32,27,501.321,0.52,-0.49,0.55,0.44,-9.98,-0.23,-0.72,-0.01,-0.05,-0.03,-6.06,-13.69,34.19
492.7964,364,140,28,25,501.344,0.52,-0.49,0.55,0.44,-10.06,-0.46,-0.59,-0.03,-0.09,-0.00,-6.06,-13.69,34.19
492.8126,364,140,28,25,501.366,0.52,-0.49,0.55,0.44,-9.09,0.44,-0.95,0.01,-0.09,0.03,-6.06,-13.69,34.88
492.8337,365,145,24,22,501.389,0.52,-0.49,0.55,0.44,-10.37,-0.46,-0.57,-0.01,0.07,-0.10,-6.06,-13.69,34.88
492.886,361,147,31,32,501.411,0.52,-0.49,0.55,0.44,-10.15,0.67,-0.21,0.01,-0.03,-0.06,-6.50,-13.25,35.19
492.9052,361,161,30,27,501.434,0.52,-0.49,0.55,0.44,-9.15,0.13,-1.42,-0.13,-0.15,-0.05,-6.50,-13.25,35.19
492.9467,361,161,30,27,501.456,0.52,-0.49,0.55,0.44,-8.94,-0.74,-1.12,-0.14,-0.06,-0.10,-6.50,-13.25,35.19
492.994,365,186,31,26,501.479,0.52,-0.49,0.55,0.44,-9.39,-0.32,-0.99,-0.04,0.08,-0.08,-6.06,-12.88,34.75
493.0164,366,199,31,26,501.501,0.52,-0.49,0.55,0.44,-9.64,0.00,-0.40,0.01,0.09,0.03,-6.06,-12.88,34.75
493.049,366,212,31,29,501.524,0.52,-0.49,0.55,0.44,-9.84,0.02,-0.53,0.03,-0.02,0.19,-5.75,-12.50,33.19
493.0747,366,225,32,28,501.549,0.52,-0.49,0.55,0.44,-10.09,0.09,-0.90,-0.05,0.00,0.29,-5.75,-12.50,33.19
493.0967,366,235,32,29,501.569,0.52,-0.49,0.55,0.44,-10.99,0.37,-0.43,-0.14,-0.02,0.26,-5.25,-13.25,33.56
493.1271,366,241,32,30,501.592,0.51,-0.48,0.55,0.45,-11.08,-0.17,-1.11,-0.20,-0.11,0.22,-5.25,-13.25,33.56
493.165,368,248,29,28,501.614,0.51,-0.48,0.55,0.45,-11.05,-0.82,-1.05,-0.18,-0.10,0.13,-5.88,-14.19,31.87
493.1812,368,248,29,28,501.639,0.51,-0.48,0.55,0.45,-10.92,-1.18,-0.97,0.03,-0.08,-0.11,-5.88,-14.19,31.87
493.231,366,251,32,30,501.659,0.51,-0.48,0.55,0.45,-11.22,0.63,-0.33,0.13,-0.12,-0.18,-4.38,-13.88,34.00
493.2513,370,258,25,24,501.684,0.52,-0.48,0.55,0.45,-11.33,1.31,-0.18,0.01,-0.24,0.00,-4.38,-13.88,34.00
493.2892,370,258,25,24,501.704,0.52,-0.48,0.54,0.45,-11.40,0.84,-0.33,-0.24,-0.41,0.36,-4.38,-13.88,34.00
493.3136,368,257,29,27,501.729,0.51,-0.48,0.54,0.46,-10.77,-1.26,-0.35,-0.47,-0.55,0.47,-4.38,-14.50,34.38
493.3357,366,252,32,30,501.749,0.51,-0.48,0.54,0.47,-10.48,-1.33,-1.08,-0.25,-0.50,0.11,-4.38,-14.50,34.38
493.3669,367,246,30,28,501.774,0.52,-0.48,0.54,0.47,-10.92,-0.31,0.07,-0.04,-0.25,-0.20,-2.25,-15.56,34.38
493.3848,366,238,32,28,501.798,0.52,-0.48,0.53,0.47,-11.34,0.77,0.26,-0.06,-0.40,-0.15,-2.25,-15.56,34.38
493.4012,366,238,32,28,501.821,0.52,-0.47,0.53,0.47,-10.69,0.16,0.01,-0.24,-0.55,0.08,0.00,-16.25,34.88
493.4254,368,231,31,26,501.846,0.52,-0.47,0.53,0.48,-10.01,-0.65,-0.27,-0.35,-0.61,0.11,0.00,-16.25,34.88
493.4544,369,221,31,26,501.866,0.52,-0.47,0.52,0.48,-9.64,-1.40,-0.16,-0.22,-0.44,-0.08,3.56,-16.50,35.56
493.4713,369,221,31,26,501.889,0.53,-0.47,0.52,0.48,-10.08,-0.43,0.39,0.03,-0.04,-0.59,3.56,-16.50,35.56
493.4901,368,210,30,27,501.911,0.53,-0.48,0.51,0.48,-10.56,0.02,0.69,0.06,0.04,-0.74,7.38,-14.88,37.25
493.5078,368,201,30,25,501.936,0.53,-0.48,0.51,0.47,-10.40,0.05,0.33,0.02,-0.07,-0.69,7.38,-14.88,37.25
493.5245,368,201,30,25,501.956,0.54,-0.48,0.51,0.47,-10.12,0.10,0.00,-0.02,-0.21,-0.60,11.75,-13.38,39.38
493.543,368,191,30,27,501.979,0.54,-0.48,0.50,0.47,-8.95,0.38,-0.51,-0.09,-0.21,-0.48,11.75,-13.38,39.38
493.5591,368,191,30,27,502.001,0.54,-0.49,0.50,0.47,-8.89,0.04,-0.80,-0.13,-0.03,-0.28,11.75,-13.38,39.38
493.5758,368,182,31,25,502.026,0.54,-0.49,0.50,0.47,-8.94,-0.61,0.03,-0.10,0.12,-0.19,15.50,-12.06,39.75
493.5923,368,182,31,25,502.048,0.54,-0.49,0.50,0.47,-8.04,-0.84,0.51,-0.03,-0.20,-0.34,15.50,-12.06,39.75
493.6231,366,173,30,27,502.071,0.55,-0.49,0.49,0.46,-6.25,0.00,-0.70,-0.05,-0.33,-0.38,18.56,-13.88,41.69
493.6464,366,165,30,27,502.095,0.55,-0.49,0.49,0.46,-5.46,-0.15,-0.69,-0.11,-0.22,-0.26,18.56,-13.88,41.69
493.6634,366,165,30,27,502.118,0.55,-0.49,0.49,0.46,-5.45,-0.35,-0.64,-0.03,0.06,-0.02,20.25,-16.69,41.69
493.6808,364,159,30,27,502.14,0.55,-0.49,0.49,0.46,-5.56,-0.11,-0.17,-0.02,0.10,-0.07,20.25,-16.69,41.69
493.6971,364,159,30,27,502.161,0.55,-0.49,0.49,0.46,-5.67,-0.05,-0.76,-0.02,0.13,0.05,21.56,-18.19,43.56
493.714,363,155,30,27,502.185,0.55,-0.50,0.49,0.46,-5.99,-0.39,-0.68,-0.08,0.34,0.19,21.56,-18.19,43.56
493.7304,363,155,30,27,502.208,0.54,-0.50,0.49,0.46,-6.96,-0.82,-0.65,-0.05,0.59,0.29,22.56,-19.19,44.69
493.7492,361,146,32,37,502.231,0.54,-0.50,0.50,0.46,-7.88,-0.41,-0.78,-0.01,0.70,0.31,22.56,-19.19,44.69
493.7743,361,146,32,37,502.251,0.53,-0.50,0.51,0.46,-8.08,-0.34,-0.48,0.01,0.75,0.43,22.56,-19.19,44.69
493.7935,358,144,35,44,502.276,0.53,-0.50,0.51,0.46,-8.45,-0.37,-1.34,-0.06,0.69,0.61,22.06,-22.19,46.56
493.8099,358,145,33,44,502.298,0.52,-0.50,0.52,0.46,-9.51,-0.15,-1.05,0.00,0.81,0.69,22.06,-22.19,46.56
493.8268,358,145,33,44,502.321,0.51,-0.50,0.53,0.46,-10.06,-0.16,-0.63,0.01,0.80,0.66,19.56,-25.25,48.38
493.8432,358,150,32,42,502.345,0.50,-0.50,0.54,0.46,-10.39,0.06,-0.87,0.01,0.70,0.57,19.56,-25.25,48.38
493.8597,358,150,32,42,502.368,0.50,-0.50,0.54,0.46,-11.12,0.19,-1.15,0.03,0.66,0.54,15.69,-27.25,51.19
493.8769,360,165,31,28,502.39,0.49,-0.50,0.55,0.46,-11.56,-0.02,-1.31,-0.01,0.64,0.54,15.69,-27.25,51.19
493.8934,360,165,31,28,502.411,0.48,-0.50,0.56,0.46,-11.76,0.00,-0.69,-0.01,0.51,0.44,11.19,-25.37,49.38
493.9117,361,173,31,28,502.435,0.48,-0.50,0.56,0.46,-11.96,0.34,-1.00,0.01,0.30,0.35,11.19,-25.37,49.38
493.9333,361,173,31,28,502.458,0.48,-0.50,0.56,0.46,-11.81,0.25,-1.03,-0.01,0.19,0.30,7.75,-25.06,48.69
493.955,363,183,30,28,502.48,0.47,-0.50,0.56,0.46,-11.59,0.40,-1.50,0.02,0.19,0.28,7.75,-25.06,48.69
493.9714,364,193,32,27,502.501,0.47,-0.50,0.57,0.46,-11.30,0.42,-1.23,-0.01,0.21,0.26,7.75,-25.06,48.69
493.9879,364,193,32,27,502.525,0.47,-0.50,0.57,0.46,-11.04,0.37,-0.92,-0.04,0.18,0.27,5.88,-25.06,50.00
494.0074,365,206,31,27,502.548,0.47,-0.50,0.57,0.46,-10.68,-0.10,-1.03,-0.07,0.11,0.19,5.88,-25.06,50.00
494.0238,365,206,31,27,502.571,0.46,-0.50,0.57,0.46,-10.84,0.09,-1.26,0.03,0.12,0.12,4.00,-26.25,49.75
494.0404,365,206,31,27,502.595,0.46,-0.50,0.57,0.46,-11.25,0.53,-1.35,0.08,0.19,0.08,4.00,-26.25,49.75
494.0624,365,216,30,28,502.618,0.46,-0.50,0.57,0.46,-12.10,0.44,-1.34,0.00,0.17,0.03,2.88,-27.50,48.88
494.1029,365,228,32,28,502.64,0.46,-0.50,0.58,0.46,-12.69,0.31,-1.38,0.05,0.05,-0.02,2.88,-27.50,48.88
494.1198,365,228,32,28,502.663,0.46,-0.50,0.57,0.46,-12.74,0.74,-1.22,0.04,-0.13,-0.10,1.50,-27.56,50.06
494.1369,366,240,30,27,502.685,0.46,-0.50,0.57,0.46,-12.32,0.35,-1.54,-0.02,-0.33,-0.13,1.50,-27.56,50.06
494.1582,367,250,29,26,502.708,0.47,-0.50,0.57,0.46,-11.78,-0.30,-1.21,-0.01,-0.39,-0.23,1.37,-27.00,50.06
494.1774,366,257,30,29,502.73,0.47,-0.50,0.57,0.46,-11.49,-0.48,-1.08,0.03,-0.44,-0.34,1.37,-27.00,50.06
494.1939,366,257,30,29,502.753,0.48,-0.50,0.56,0.46,-11.11,0.03,-1.49,0.11,-0.49,-0.41,1.37,-27.00,50.06
494.2102,368,267,26,25,502.775,0.48,-0.50,0.56,0.46,-10.83,0.08,-1.01,0.10,-0.45,-0.36,-0.25,-27.69,50.38
494.2268,368,267,26,25,502.798,0.49,-0.49,0.56,0.46,-10.53,0.05,-0.89,0.10,-0.47,-0.37,-0.25,-27.69,50.38
494.253,368,271,27,26,502.822,0.49,-0.49,0.55,0.46,-10.35,0.16,-0.69,0.09,-0.50,-0.44,0.37,-29.00,50.06
494.2689,368,271,27,26,502.845,0.50,-0.49,0.55,0.46,-9.98,-0.01,-0.93,0.02,-0.56,-0.52,0.37,-29.00,50.06
494.2867,365,270,32,31,502.867,0.50,-0.49,0.54,0.46,-9.51,0.25,-1.29,0.04,-0.50,-0.52,2.88,-29.37,52.88
494.3046,366,269,32,29,502.89,0.51,-0.49,0.53,0.46,-9.53,0.17,-0.79,0.04,-0.36,-0.46,2.88,-29.37,52.88
494.321,366,269,32,29,502.91,0.51,-0.50,0.53,0.46,-9.38,-0.17,-0.48,0.02,-0.31,-0.41,5.69,-30.50,54.00
494.3448,368,266,28,26,502.935,0.52,-0.50,0.53,0.46,-9.23,-0.48,-0.80,0.06,-0.29,-0.48,5.69,-30.50,54.00
494.3612,368,266,28,26,502.958,0.52,-0.50,0.52,0.45,-9.30,-0.19,-0.43,0.09,-0.28,-0.59,9.50,-30.69,53.00
494.3781,368,258,31,29,502.98,0.53,-0.50,0.52,0.45,-9.20,0.21,-0.67,0.09,-0.31,-0.56,9.50,-30.69,53.00
494.399,368,258,31,29,503.001,0.53,-0.50,0.51,0.45,-8.97,0.31,-0.56,0.00,-0.31,-0.45,9.50,-30.69,53.00
494.4154,368,258,31,29,503.025,0.53,-0.50,0.51,0.45,-8.55,0.17,-0.53,-0.10,-0.31,-0.33,11.75,-30.25,53.69
494.437,369,251,29,25,503.048,0.54,-0.50,0.51,0.45,-7.71,-0.40,-0.54,-0.14,-0.33,-0.29,11.75,-30.25,53.69
494.4538,369,241,30,27,503.07,0.54,-0.50,0.50,0.45,-7.31,-0.14,-0.35,-0.09,-0.28,-0.34,13.38,-30.75,53.50
494.4697,369,241,30,27,503.095,0.54,-0.50,0.50,0.45,-6.82,-0.03,-0.41,-0.12,-0.09,-0.19,13.38,-30.75,53.50
494.4865,371,230,29,27,503.117,0.54,-0.50,0.50,0.45,-6.77,-0.63,-0.40,-0.15,0.08,-0.03,14.19,-29.56,51.25
494.5029,371,230,29,27,503.142,0.54,-0.51,0.50,0.45,-6.87,-0.87,-0.27,-0.15,0.17,-0.05,14.19,-29.56,51.25
494.5216,370,218,30,26,503.162,0.54,-0.51,0.50,0.45,-6.67,-0.49,-1.01,-0.11,0.13,-0.06,16.50,-30.50,52.25
494.5378,370,218,30,26,503.187,0.54,-0.51,0.50,0.45,-7.15,-0.78,-0.70,-0.07,0.31,0.13,16.50,-30.50,52.25
494.5645,369,208,30,25,503.207,0.53,-0.51,0.50,0.45,-7.60,-0.78,-0.76,-0.08,0.34,0.25,16.25,-31.37,53.56
494.5817,370,196,28,25,503.232,0.53,-0.51,0.50,0.45,-7.89,-0.98,-1.11,-0.09,0.34,0.39,16.25,-31.37,53.56
494.598,370,196,28,25,503.252,0.53,-0.51,0.51,0.45,-8.19,-1.10,-1.00,-0.06,0.38,0.43,16.25,-31.37,53.56
494.6147,370,186,29,24,503.275,0.52,-0.51,0.51,0.45,-8.64,-0.32,-1.26,0.03,0.42,0.46,15.50,-33.00,54.06
494.6314,370,186,29,24,503.298,0.52,-0.51,0.52,0.45,-9.00,-0.09,-1.10,0.04,0.46,0.54,15.50,-33.00,54.06
494.648,370,176,29,25,503.32,0.51,-0.51,0.52,0.45,-9.12,-0.19,-1.09,0.03,0.44,0.58,14.00,-34.50,56.00
494.6643,370,176,29,25,503.345,0.51,-0.51,0.53,0.45,-9.22,-0.35,-1.34,0.10,0.45,0.51,14.00,-34.50,56.00
494.681,369,166,30,26,503.367,0.50,-0.51,0.53,0.45,-9.43,0.46,-1.28,0.10,0.45,0.46,10.56,-35.56,57.19
494.6975,369,166,30,26,503.39,0.50,-0.51,0.54,0.45,-9.65,0.21,-1.19,0.05,0.47,0.48,10.56,-35.56,57.19
494.7242,369,160,29,25,503.41,0.49,-0.50,0.55,0.45,-9.91,-0.06,-1.32,0.03,0.46,0.49,7.19,-35.75,57.19
494.7406,369,160,29,25,503.435,0.49,-0.50,0.55,0.45,-10.06,-0.40,-1.60,0.08,0.48,0.44,7.19,-35.75,57.19
494.7589,368,154,29,26,503.455,0.48,-0.50,0.56,0.45,-10.36,0.17,-0.96,0.15,0.45,0.34,3.00,-35.19,55.50
494.7742,368,154,29,26,503.478,0.48,-0.50,0.56,0.45,-10.50,0.80,-1.13,0.15,0.32,0.39,3.00,-35.19,55.50
494.7923,367,151,28,24,503.5,0.48,-0.50,0.57,0.45,-10.43,0.85,-1.70,0.03,0.26,0.45,3.00,-35.19,55.50
494.8086,367,151,28,24,503.525,0.47,-0.50,0.57,0.45,-10.63,0.24,-1.99,-0.01,0.32,0.47,0.75,-35.06,55.69
494.8304,367,146,24,28,503.547,0.47,-0.50,0.57,0.45,-11.11,0.65,-1.48,0.07,0.43,0.40,0.75,-35.06,55.69
494.8472,366,146,29,32,503.57,0.46,-0.50,0.58,0.45,-11.55,0.63,-1.29,0.06,0.42,0.42,-1.00,-34.50,55.06
494.8689,366,146,29,32,503.595,0.46,-0.50,0.58,0.45,-11.97,0.45,-1.64,-0.01,0.34,0.40,-1.00,-34.50,55.06
494.8852,366,146,29,32,503.617,0.46,-0.50,0.59,0.45,-12.67,0.03,-1.53,0.01,0.24,0.33,-2.06,-34.38,53.25
494.9058,366,149,27,30,503.64,0.45,-0.49,0.59,0.45,-12.97,-0.01,-1.55,0.04,0.12,0.20,-2.06,-34.38,53.25
494.9278,364,158,30,27,503.66,0.45,-0.49,0.59,0.45,-13.07,0.49,-1.65,0.05,-0.05,0.09,-1.37,-34.88,52.25
494.9467,364,166,31,27,503.685,0.46,-0.49,0.59,0.45,-12.85,0.23,-1.63,0.03,-0.22,-0.02,-1.37,-34.88,52.25
494.9633,364,166,31,27,503.705,0.46,-0.49,0.59,0.45,-12.19,0.17,-1.56,0.03,-0.31,-0.13,-2.50,-34.19,52.56
494.9798,365,177,30,25,503.73,0.46,-0.49,0.58,0.45,-11.74,-0.04,-1.53,0.05,-0.38,-0.25,-2.50,-34.19,52.56
494.9966,365,177,30,25,503.75,0.47,-0.49,0.58,0.45,-11.71,0.10,-1.40,0.09,-0.40,-0.36,-2.50,-34.19,52.56
495.0156,366,187,30,26,503.775,0.47,-0.49,0.58,0.45,-11.59,0.06,-1.14,0.09,-0.47,-0.43,-3.75,-34.00,51.19
495.0386,366,187,30,26,503.797,0.47,-0.49,0.57,0.45,-11.43,0.52,-1.38,0.10,-0.49,-0.43,-3.75,-34.00,51.19
495.0568,366,199,30,26,503.82,0.48,-0.49,0.57,0.45,-11.18,0.16,-1.12,0.07,-0.51,-0.44,-3.88,-33.06,52.25
495.0753,367,211,31,27,503.844,0.49,-0.49,0.56,0.45,-10.95,0.32,-1.33,0.07,-0.58,-0.55,-3.88,-33.06,52.25
495.0916,367,211,31,27,503.867,0.49,-0.49,0.56,0.45,-10.35,0.14,-1.14,0.05,-0.55,-0.58,-4.00,-34.56,54.00
495.111,367,211,31,27,503.889,0.50,-0.49,0.55,0.45,-10.19,-0.08,-1.23,0.05,-0.55,-0.59,-4.00,-34.56,54.00
495.1285,368,221,31,28,503.91,0.51,-0.49,0.55,0.45,-9.99,-0.45,-1.21,0.05,-0.54,-0.61,-2.00,-35.06,55.38
495.1451,368,221,31,28,503.934,0.51,-0.49,0.54,0.45,-9.68,-0.34,-1.11,0.13,-0.51,-0.72,-2.00,-35.06,55.38
495.1617,367,231,30,28,503.957,0.52,-0.49,0.54,0.45,-9.27,0.39,-0.85,0.13,-0.53,-0.71,1.50,-36.19,56.88
495.1781,367,231,30,28,503.98,0.53,-0.49,0.53,0.44,-9.07,0.44,-0.95,0.06,-0.53,-0.57,1.50,-36.19,56.88
495.2022,366,241,29,28,504,0.53,-0.49,0.52,0.44,-8.70,-0.18,-0.72,-0.03,-0.45,-0.39,1.50,-36.19,56.88
495.2188,366,241,29,28,504.025,0.54,-0.49,0.52,0.45,-8.15,-0.35,-0.74,-0.07,-0.21,-0.23,3.75,-35.19,57.75
495.2365,365,250,31,28,504.047,0.54,-0.50,0.52,0.44,-8.18,-0.63,-0.92,-0.07,0.05,-0.22,3.75,-35.19,57.75
495.2557,365,257,29,27,504.07,0.54,-0.50,0.52,0.44,-8.30,-0.73,-0.56,-0.01,0.21,-0.31,6.69,-35.50,55.56
495.2719,365,257,29,27,504.094,0.54,-0.50,0.52,0.44,-8.20,-0.27,-0.11,0.03,0.16,-0.46,6.69,-35.50,55.56
495.2947,365,260,29,27,504.115,0.54,-0.50,0.51,0.44,-7.99,0.19,0.00,0.02,-0.02,-0.35,8.19,-34.69,56.19
495.3122,366,258,28,27,504.139,0.54,-0.51,0.51,0.43,-7.41,-0.05,-1.16,-0.08,-0.07,-0.22,8.19,-34.69,56.19
495.3286,366,258,28,27,504.16,0.54,-0.51,0.51,0.43,-7.57,-0.61,-0.23,-0.04,-0.01,-0.17,9.50,-34.56,55.69
495.3579,365,254,31,27,504.184,0.54,-0.51,0.51,0.43,-7.10,-0.07,-0.46,-0.09,-0.20,-0.16,9.50,-34.56,55.69
495.3743,365,254,31,27,504.205,0.54,-0.51,0.51,0.43,-6.14,0.06,-1.16,-0.14,-0.07,0.05,10.56,-34.38,53.88
495.3939,366,245,30,27,504.229,0.54,-0.51,0.51,0.44,-6.15,-0.68,-0.74,-0.16,0.13,0.21,10.56,-34.38,53.88
495.4148,366,237,31,27,504.25,0.54,-0.51,0.51,0.44,-6.33,-0.82,-0.68,-0.15,0.26,0.24,10.56,-34.38,53.88
495.4309,366,237,31,27,504.274,0.54,-0.51,0.51,0.44,-6.78,-0.79,-0.79,-0.11,0.41,0.30,11.38,-35.19,53.56
495.4479,366,226,30,25,504.295,0.53,-0.51,0.52,0.44,-7.66,-0.69,-1.06,-0.07,0.52,0.37,11.38,-35.19,53.56
495.4643,366,226,30,25,504.32,0.52,-0.51,0.52,0.44,-8.24,-0.34,-0.93,-0.08,0.56,0.43,11.00,-37.19,56.50
495.4809,366,226,30,25,504.344,0.52,-0.51,0.53,0.44,-8.94,-0.20,-1.14,-0.15,0.41,0.60,11.00,-37.19,56.50
495.5105,366,214,30,24,504.365,0.51,-0.51,0.53,0.44,-9.07,-0.41,-1.35,-0.13,0.35,0.62,7.88,-38.19,58.19
495.5277,366,201,29,24,504.387,0.51,-0.51,0.54,0.44,-9.22,-0.33,-1.54,-0.09,0.37,0.59,7.88,-38.19,58.19
495.544,366,201,29,24,504.41,0.50,-0.51,0.54,0.44,-9.78,-0.16,-1.69,-0.02,0.38,0.53,5.38,-39.19,58.38
495.5673,366,191,29,23,504.434,0.50,-0.51,0.55,0.44,-10.34,0.14,-1.29,0.02,0.30,0.55,5.38,-39.19,58.38
495.5887,365,177,28,24,504.455,0.49,-0.51,0.55,0.45,-10.56,0.32,-1.23,-0.04,0.18,0.64,1.75,-40.56,58.88
495.6051,365,177,28,24,504.477,0.49,-0.50,0.55,0.45,-10.52,0.13,-1.25,-0.09,0.13,0.60,1.75,-40.56,58.88
495.6219,364,167,29,24,504.5,0.49,-0.50,0.56,0.45,-10.02,0.04,-1.37,-0.12,0.11,0.47,1.75,-40.56,58.88
495.6383,364,167,29,24,504.522,0.48,-0.50,0.56,0.45,-10.10,0.03,-1.73,-0.01,0.34,0.35,-1.50,-39.69,57.19
495.6686,362,157,28,24,504.545,0.48,-0.50,0.56,0.45,-10.93,0.42,-1.01,0.00,0.44,0.33,-1.50,-39.69,57.19
495.6949,361,145,29,31,504.569,0.47,-0.50,0.57,0.45,-11.43,0.40,-1.43,-0.06,0.35,0.37,-3.88,-39.25,55.50
495.7109,361,145,29,31,504.592,0.47,-0.50,0.57,0.45,-11.46,0.12,-1.78,-0.08,0.34,0.41,-3.88,-39.25,55.50
495.7317,359,140,30,26,504.614,0.47,-0.50,0.57,0.45,-12.42,-0.39,-1.75,-0.03,0.32,0.27,-4.88,-39.00,54.38
495.7492,356,138,32,26,504.639,0.46,-0.50,0.58,0.45,-13.26,0.09,-1.90,0.06,0.24,0.17,-4.88,-39.00,54.38
495.766,356,138,32,26,504.659,0.46,-0.50,0.58,0.45,-13.91,0.25,-1.67,0.07,0.12,0.16,-5.38,-39.56,54.06
495.7934,357,138,29,24,504.684,0.46,-0.50,0.58,0.45,-13.93,0.06,-1.22,0.00,-0.26,0.05,-5.38,-39.56,54.06
495.8165,357,138,29,24,504.705,0.46,-0.49,0.58,0.46,-13.20,-0.05,-1.50,-0.03,-0.40,-0.03,-6.19,-39.38,52.75
495.8369,355,136,32,26,504.729,0.47,-0.49,0.57,0.46,-12.69,-0.50,-1.37,0.01,-0.46,-0.18,-6.19,-39.38,52.75
495.8558,355,139,32,24,504.75,0.47,-0.49,0.57,0.46,-12.38,-0.33,-1.27,0.08,-0.52,-0.40,-6.19,-39.38,52.75
495.8727,355,139,32,24,504.774,0.48,-0.49,0.57,0.46,-11.60,0.32,-1.37,0.15,-0.56,-0.55,-6.00,-40.69,53.19
495.8934,356,142,32,29,504.795,0.49,-0.49,0.56,0.46,-11.40,0.26,-0.99,0.12,-0.55,-0.50,-6.00,-40.69,53.19
495.9109,356,142,32,29,504.819,0.49,-0.49,0.56,0.46,-11.15,0.01,-0.71,0.08,-0.58,-0.54,-6.06,-39.88,53.75
495.9322,356,147,33,35,504.844,0.50,-0.49,0.55,0.46,-10.91,0.17,-1.04,0.09,-0.60,-0.62,-6.06,-39.88,53.75
495.9492,359,162,29,26,504.864,0.51,-0.49,0.54,0.45,-10.42,-0.04,-0.83,0.08,-0.59,-0.64,-5.50,-40.88,56.19
495.9695,359,162,29,26,504.889,0.51,-0.49,0.54,0.45,-10.15,-0.09,-0.80,0.11,-0.61,-0.68,-5.50,-40.88,56.19
495.9859,359,162,29,26,504.911,0.52,-0.49,0.53,0.45,-9.96,-0.25,-0.77,0.16,-0.58,-0.65,-1.37,-42.06,57.06
496.0072,360,175,30,26,504.934,0.53,-0.49,0.53,0.45,-9.52,-0.21,-0.44,0.14,-0.52,-0.65,-1.37,-42.06,57.06
496.0341,362,188,30,25,504.954,0.53,-0.49,0.52,0.45,-9.31,-0.61,-0.51,0.13,-0.51,-0.70,2.50,-41.25,56.75
496.0513,363,202,30,24,504.979,0.54,-0.50,0.51,0.45,-9.12,-0.06,-0.70,0.15,-0.47,-0.72,2.50,-41.25,56.75
496.0677,363,202,30,24,505.001,0.55,-0.50,0.51,0.45,-8.86,-0.22,-0.24,0.10,-0.42,-0.61,5.06,-39.88,56.25
496.0857,365,216,30,26,505.024,0.55,-0.50,0.50,0.44,-7.90,-0.68,-0.62,0.10,-0.39,-0.50,5.06,-39.88,56.25
496.1019,365,216,30,26,505.044,0.56,-0.50,0.50,0.44,-7.56,-0.29,-0.69,0.11,-0.29,-0.49,5.06,-39.88,56.25
496.1289,367,230,26,25,505.069,0.56,-0.50,0.49,0.44,-7.48,-0.06,-0.37,0.02,-0.18,-0.46,7.69,-38.50,54.06
496.1449,367,230,26,25,505.094,0.56,-0.50,0.49,0.44,-7.26,-0.40,-0.32,-0.12,-0.21,-0.36,7.69,-38.50,54.06
496.1617,365,240,32,28,505.116,0.56,-0.50,0.49,0.44,-6.49,-0.72,-0.50,-0.12,-0.19,-0.21,10.50,-37.75,52.75
496.1783,365,240,32,28,505.141,0.57,-0.50,0.49,0.44,-6.31,-0.98,-0.35,-0.11,-0.04,-0.09,10.50,-37.75,52.75
496.1949,366,248,31,30,505.161,0.56,-0.50,0.49,0.44,-6.42,-1.13,-0.46,-0.05,0.15,-0.06,11.88,-36.69,52.25
496.2113,366,248,31,30,505.184,0.56,-0.50,0.49,0.44,-6.36,-0.66,-0.65,-0.05,0.18,-0.03,11.88,-36.69,52.25
496.2316,366,258,30,29,505.206,0.56,-0.51,0.49,0.44,-6.36,-0.75,-0.92,-0.06,0.26,0.13,13.06,-36.69,53.38
496.2479,366,258,30,29,505.231,0.56,-0.51,0.49,0.44,-6.48,-0.89,-0.72,-0.05,0.38,0.28,13.06,-36.69,53.38
496.2723,367,261,31,31,505.251,0.55,-0.51,0.49,0.44,-7.01,-0.82,-0.57,-0.06,0.50,0.41,12.38,-36.06,52.56
496.3,368,262,31,28,505.274,0.55,-0.51,0.50,0.44,-7.50,-0.66,-0.89,-0.07,0.56,0.48,12.38,-36.06,52.56
496.3166,368,262,31,28,505.296,0.54,-0.51,0.51,0.44,-7.83,-0.72,-0.95,-0.09,0.62,0.51,12.38,-36.06,52.56
496.3359,370,260,29,26,505.321,0.54,-0.51,0.51,0.44,-8.29,-0.49,-0.91,-0.06,0.65,0.55,13.06,-37.56,54.56
496.3525,369,254,31,27,505.344,0.53,-0.51,0.52,0.44,-9.28,0.04,-1.05,-0.12,0.65,0.78,13.06,-37.56,54.56
496.3689,369,254,31,27,505.366,0.52,-0.51,0.53,0.44,-9.29,-0.70,-0.74,-0.19,0.64,0.84,10.06,-38.88,57.00
496.3859,369,245,30,27,505.391,0.51,-0.51,0.53,0.44,-9.41,-0.68,-1.53,-0.13,0.56,0.73,10.06,-38.88,57.00
496.4026,369,245,30,27,505.411,0.51,-0.51,0.54,0.44,-9.82,-0.08,-1.13,-0.08,0.48,0.70,7.19,-41.88,58.25
496.4203,369,233,31,26,505.434,0.50,-0.50,0.55,0.45,-10.27,0.16,-1.15,-0.04,0.45,0.72,7.19,-41.88,58.25
496.4366,369,233,31,26,505.456,0.49,-0.50,0.55,0.45,-10.31,0.06,-1.35,-0.04,0.40,0.69,3.50,-42.19,58.75
496.4622,371,222,29,25,505.481,0.49,-0.50,0.56,0.45,-10.60,-0.03,-2.12,0.02,0.49,0.65,3.50,-42.19,58.75
496.4785,371,222,29,25,505.501,0.48,-0.50,0.56,0.45,-10.99,0.17,-1.59,0.12,0.55,0.54,0.25,-42.75,58.38
496.496,370,210,29,23,505.524,0.48,-0.50,0.57,0.45,-11.59,0.69,-1.23,0.02,0.45,0.61,0.25,-42.75,58.38
496.5127,368,196,29,24,505.546,0.47,-0.50,0.58,0.45,-11.84,0.31,-1.69,-0.04,0.45,0.65,0.25,-42.75,58.38
496.5288,368,196,29,24,505.569,0.46,-0.49,0.58,0.45,-11.97,-0.28,-1.56,-0.04,0.50,0.58,-1.37,-41.38,56.69
496.5455,368,196,29,24,505.593,0.46,-0.49,0.59,0.45,-12.91,-0.04,-1.74,0.04,0.38,0.40,-1.37,-41.38,56.69
496.5621,368,184,29,25,505.616,0.46,-0.49,0.59,0.45,-13.15,0.39,-1.85,0.06,0.23,0.34,-2.75,-40.00,54.75
496.5786,368,184,29,25,505.64,0.45,-0.49,0.59,0.45,-13.23,0.23,-1.82,0.03,0.07,0.27,-2.75,-40.00,54.75
496.5971,366,173,29,25,505.661,0.45,-0.49,0.59,0.45,-13.20,0.13,-1.89,0.06,-0.10,0.03,-3.56,-40.00,54.00
496.6172,366,173,29,25,505.683,0.45,-0.49,0.59,0.45,-13.03,0.41,-1.68,0.06,-0.22,-0.11,-3.56,-40.00,54.00
496.6386,366,162,28,26,505.706,0.46,-0.49,0.59,0.45,-12.94,0.12,-1.66,0.07,-0.31,-0.23,-3.38,-40.75,54.19
496.6573,364,156,30,25,505.731,0.46,-0.49,0.59,0.45,-12.93,0.26,-1.58,0.09,-0.39,-0.36,-3.38,-40.75,54.19
496.6738,364,156,30,25,505.751,0.47,-0.49,0.58,0.45,-12.49,0.21,-1.31,0.05,-0.58,-0.49,-3.56,-40.00,54.38
496.6948,365,150,25,23,505.774,0.48,-0.49,0.58,0.45,-11.85,0.52,-1.63,0.08,-0.59,-0.56,-3.56,-40.00,54.38
496.7112,365,150,25,23,505.796,0.48,-0.49,0.57,0.45,-11.60,0.59,-1.30,0.08,-0.56,-0.63,-3.56,-40.00,54.38
496.7279,363,144,28,26,505.821,0.49,-0.49,0.57,0.45,-11.11,0.68,-1.24,0.03,-0.63,-0.65,-3.69,-40.25,54.75
496.7444,363,144,28,26,505.843,0.49,-0.49,0.56,0.45,-10.30,0.20,-1.17,-0.02,-0.71,-0.66,-3.69,-40.25,54.75
496.7653,362,141,28,26,505.866,0.50,-0.49,0.55,0.45,-9.84,-0.06,-1.09,-0.02,-0.74,-0.69,-2.06,-40.75,56.69
496.7925,362,142,29,24,505.89,0.51,-0.49,0.54,0.45,-9.16,-0.09,-1.05,0.00,-0.71,-0.72,-2.06,-40.75,56.69
496.8088,362,142,29,24,505.913,0.52,-0.49,0.54,0.45,-8.44,-0.07,-1.06,0.03,-0.56,-0.69,0.50,-42.00,58.06
496.8269,362,144,29,28,505.935,0.53,-0.49,0.53,0.45,-8.31,-0.13,-1.06,0.06,-0.39,-0.62,0.50,-42.00,58.06
496.8434,363,149,29,31,505.956,0.53,-0.50,0.52,0.45,-8.40,-0.35,-0.42,0.09,-0.30,-0.54,4.75,-41.56,58.56
496.8597,363,149,29,31,505.98,0.53,-0.50,0.52,0.44,-8.15,-0.26,-0.58,0.09,-0.25,-0.43,4.75,-41.56,58.56
496.8763,363,149,29,31,506.003,0.54,-0.50,0.52,0.44,-7.80,-0.16,-0.95,0.04,-0.09,-0.33,8.38,-40.06,57.00
496.8932,363,163,30,25,506.023,0.54,-0.50,0.52,0.44,-7.77,-0.60,-1.22,0.02,0.08,-0.29,8.38,-40.06,57.00
496.9096,363,163,30,25,506.046,0.54,-0.50,0.52,0.44,-8.30,-0.83,-0.46,0.09,0.12,-0.37,8.38,-40.06,57.00
496.9265,363,163,30,25,506.071,0.54,-0.50,0.51,0.43,-8.34,-0.42,-0.22,0.07,-0.10,-0.44,11.00,-39.75,56.56
496.9589,364,176,30,25,506.093,0.55,-0.50,0.51,0.43,-7.05,0.08,-1.31,-0.02,-0.28,-0.20,11.00,-39.75,56.56
496.983,367,191,28,25,506.116,0.55,-0.50,0.51,0.43,-6.47,-0.43,-1.22,-0.08,-0.11,-0.04,11.56,-39.06,55.69
497.0009,366,207,31,25,506.14,0.55,-0.50,0.51,0.44,-6.25,-0.43,-1.16,-0.10,0.10,0.04,11.56,-39.06,55.69
497.0173,366,207,31,25,506.163,0.55,-0.50,0.51,0.44,-6.30,-0.22,-0.84,-0.07,0.15,0.15,12.56,-38.69,55.38
497.0346,367,221,30,27,506.185,0.54,-0.50,0.51,0.44,-5.49,-0.18,-0.92,-0.14,0.11,0.26,12.56,-38.69,55.38
497.0507,367,221,30,27,506.206,0.54,-0.50,0.51,0.44,-5.60,-0.51,-1.45,-0.11,0.30,0.38,11.88,-39.56,55.50
497.0754,367,236,30,27,506.23,0.53,-0.50,0.52,0.44,-6.26,-0.69,-0.85,-0.05,0.57,0.48,11.88,-39.56,55.50
497.1005,367,247,31,29,506.251,0.53,-0.50,0.52,0.44,-6.98,-0.22,-0.76,-0.08,0.54,0.55,13.06,-39.00,56.25
497.1169,367,247,31,29,506.275,0.52,-0.50,0.53,0.44,-7.52,0.28,-1.09,-0.13,0.56,0.67,13.06,-39.00,56.25
497.1383,366,254,32,31,506.296,0.51,-0.50,0.54,0.44,-8.29,0.51,-1.34,-0.22,0.59,0.85,13.06,-39.00,56.25
497.1575,367,258,31,31,506.32,0.51,-0.50,0.54,0.44,-8.88,-0.15,-1.33,-0.20,0.60,0.82,9.06,-41.50,58.19
497.1736,367,258,31,31,506.343,0.50,-0.50,0.55,0.45,-9.77,0.00,-1.45,-0.14,0.60,0.68,9.06,-41.50,58.19
497.1902,370,262,24,25,506.365,0.49,-0.50,0.56,0.45,-10.50,0.18,-1.66,-0.10,0.54,0.69,4.69,-43.25,59.00
497.2068,370,262,24,25,506.39,0.48,-0.50,0.56,0.45,-10.94,0.66,-1.93,-0.11,0.54,0.70,4.69,-43.25,59.00
497.2236,367,254,31,29,506.411,0.48,-0.50,0.57,0.45,-11.43,0.15,-1.56,-0.10,0.64,0.75,0.75,-43.19,59.06
497.2404,367,254,31,29,506.435,0.47,-0.50,0.58,0.45,-12.17,0.40,-1.56,-0.07,0.57,0.70,0.75,-43.19,59.06
497.26,367,254,31,29,506.456,0.46,-0.50,0.58,0.45,-12.39,0.38,-1.87,-0.07,0.47,0.61,-2.38,-43.19,56.56
497.2803,367,245,31,28,506.48,0.45,-0.50,0.58,0.45,-12.78,0.29,-2.06,-0.03,0.38,0.47,-2.38,-43.19,56.56
497.297,367,234,30,26,506.501,0.45,-0.50,0.59,0.45,-13.58,0.66,-2.10,-0.01,0.26,0.42,-4.19,-41.88,55.06
497.3137,367,234,30,26,506.523,0.45,-0.49,0.59,0.45,-14.17,0.40,-2.01,-0.02,0.16,0.41,-4.19,-41.88,55.06
497.3383,366,219,30,26,506.546,0.44,-0.49,0.59,0.46,-14.34,0.14,-1.70,-0.05,-0.01,0.20,-4.19,-41.88,55.06
497.3545,366,219,30,26,506.57,0.44,-0.49,0.59,0.46,-14.24,-0.07,-1.83,0.01,-0.23,-0.16,-5.00,-42.75,55.50
497.3824,364,205,30,23,506.593,0.45,-0.49,0.59,0.46,-13.85,0.09,-1.83,0.07,-0.32,-0.36,-5.00,-42.75,55.50
497.4004,362,189,28,24,506.615,0.45,-0.49,0.59,0.46,-13.76,0.47,-1.51,0.08,-0.43,-0.47,-5.19,-42.00,53.38
497.4219,362,189,28,24,506.64,0.46,-0.49,0.58,0.46,-12.98,0.20,-1.36,0.07,-0.62,-0.63,-5.19,-42.00,53.38
497.4416,361,175,29,24,506.66,0.47,-0.49,0.58,0.46,-12.62,0.84,-1.18,0.09,-0.61,-0.74,-4.75,-42.56,54.38
497.4594,358,163,29,24,506.685,0.48,-0.49,0.57,0.45,-12.27,0.63,-1.13,0.05,-0.73,-0.85,-4.75,-42.56,54.38
497.4855,358,163,29,24,506.705,0.49,-0.50,0.56,0.45,-11.56,0.71,-1.31,0.00,-0.83,-0.93,-4.50,-43.06,55.88
497.5079,357,156,29,25,506.73,0.49,-0.50,0.55,0.45,-10.65,0.24,-1.41,-0.03,-0.86,-0.98,-4.50,-43.06,55.88
497.5246,358,150,25,24,506.753,0.50,-0.50,0.54,0.45,-9.73,0.23,-1.33,0.03,-0.85,-0.96,-1.06,-43.56,57.00
497.5408,358,150,25,24,506.775,0.51,-0.50,0.53,0.45,-8.68,0.34,-1.33,0.06,-0.80,-0.84,-1.06,-43.56,57.00
497.5579,355,147,29,31,506.796,0.52,-0.50,0.52,0.45,-7.93,-0.01,-1.13,0.11,-0.72,-0.73,-1.06,-43.56,57.00
497.5789,355,147,29,31,506.82,0.53,-0.50,0.52,0.45,-7.46,0.04,-0.96,0.10,-0.79,-0.76,4.75,-42.69,58.06
497.5958,354,148,30,34,506.843,0.54,-0.50,0.50,0.45,-5.74,0.72,-1.32,-0.01,-0.81,-0.65,4.75,-42.69,58.06
497.6119,354,148,30,34,506.865,0.55,-0.50,0.50,0.45,-4.64,0.22,-1.27,-0.13,-0.64,-0.43,7.88,-41.50,56.19
497.6283,354,148,30,34,506.89,0.55,-0.50,0.49,0.45,-4.19,-0.34,-1.08,-0.14,-0.33,-0.12,7.88,-41.50,56.19
497.6452,356,161,28,25,506.912,0.55,-0.50,0.49,0.46,-3.59,-0.54,-0.72,-0.08,-0.11,0.04,11.38,-40.75,54.19
497.6636,357,172,29,25,506.935,0.55,-0.50,0.49,0.46,-4.00,-0.36,-0.21,-0.01,0.11,0.13,11.38,-40.75,54.19
497.6802,357,172,29,25,506.957,0.55,-0.50,0.49,0.46,-4.23,0.17,-0.61,-0.04,0.26,0.27,11.00,-40.00,54.19
497.6998,358,184,29,25,506.98,0.54,-0.50,0.50,0.46,-6.00,-0.44,-0.92,-0.11,0.65,0.60,11.00,-40.00,54.19
497.7159,358,184,29,25,507,0.53,-0.50,0.51,0.46,-7.39,-1.21,-0.91,-0.09,0.68,0.58,11.56,-40.75,54.56
497.7439,358,195,30,27,507.025,0.53,-0.50,0.51,0.46,-8.06,-0.75,-1.27,-0.02,0.73,0.53,11.56,-40.75,54.56
497.7602,358,195,30,27,507.047,0.52,-0.50,0.52,0.46,-9.33,-0.48,-0.91,0.06,0.77,0.57,11.56,-40.75,54.56
497.7807,360,208,31,26,507.07,0.51,-0.50,0.53,0.46,-10.05,0.21,-1.17,0.03,0.68,0.69,10.19,-41.88,55.25
497.8007,361,219,30,28,507.09,0.50,-0.50,0.54,0.46,-10.67,0.01,-1.15,0.02,0.69,0.73,10.19,-41.88,55.25
497.8174,361,219,30,28,507.115,0.50,-0.50,0.54,0.46,-10.85,0.04,-1.09,0.00,0.61,0.68,5.56,-43.38,57.75
497.8376,362,230,30,27,507.14,0.49,-0.50,0.55,0.46,-10.96,-0.01,-0.96,-0.00,0.48,0.67,5.56,-43.38,57.75
497.8556,362,236,32,30,507.16,0.49,-0.50,0.55,0.46,-10.95,0.38,-1.51,-0.03,0.49,0.72,2.06,-43.25,58.25
497.872,362,236,32,30,507.183,0.48,-0.49,0.56,0.46,-11.03,0.00,-1.61,-0.04,0.59,0.72,2.06,-43.25,58.25
497.9013,363,243,32,29,507.205,0.47,-0.49,0.57,0.46,-11.89,-0.18,-1.11,-0.04,0.60,0.55,-1.56,-43.25,56.69
497.9179,363,243,32,29,507.228,0.47,-0.49,0.57,0.46,-12.16,-0.08,-1.28,-0.03,0.43,0.37,-1.56,-43.25,56.69
497.9399,364,243,32,30,507.25,0.46,-0.49,0.58,0.46,-12.82,0.09,-1.78,0.04,0.42,0.32,-3.00,-42.56,56.38
497.9584,364,241,32,29,507.273,0.46,-0.49,0.58,0.46,-13.78,0.28,-1.42,0.09,0.37,0.22,-3.00,-42.56,56.38
497.9749,364,241,32,29,507.295,0.46,-0.49,0.58,0.46,-14.28,0.30,-1.28,0.08,0.16,0.05,-3.00,-42.56,56.38
497.9911,364,241,32,29,507.318,0.46,-0.49,0.58,0.45,-14.42,0.09,-1.47,0.08,-0.15,-0.19,-3.69,-42.00,55.19
498.0156,366,235,30,27,507.34,0.46,-0.49,0.58,0.45,-13.96,0.00,-1.24,0.10,-0.30,-0.33,-3.69,-42.00,55.19
498.0319,367,224,28,26,507.363,0.47,-0.49,0.58,0.45,-13.54,0.51,-1.48,0.09,-0.41,-0.41,-3.50,-42.56,54.25
498.0545,367,224,28,26,507.387,0.47,-0.49,0.57,0.45,-12.97,0.71,-1.46,0.11,-0.57,-0.55,-3.50,-42.56,54.25
498.0765,365,212,30,25,507.41,0.48,-0.49,0.57,0.45,-12.11,0.42,-1.06,0.06,-0.66,-0.60,-4.50,-41.75,55.38
498.1033,364,198,30,24,507.435,0.49,-0.49,0.56,0.45,-11.28,0.02,-0.99,0.01,-0.75,-0.69,-4.50,-41.75,55.38
498.1234,364,198,30,24,507.455,0.50,-0.50,0.55,0.45,-10.73,-0.02,-1.04,0.01,-0.82,-0.83,-1.88,-43.69,57.00
498.1434,364,185,28,25,507.48,0.50,-0.50,0.54,0.45,-9.59,0.05,-1.17,0.02,-0.81,-0.85,-1.88,-43.69,57.00
498.1606,362,173,29,25,507.5,0.51,-0.50,0.54,0.45,-8.96,-0.02,-1.11,0.02,-0.82,-0.87,1.88,-43.69,56.50
498.1769,362,173,29,25,507.525,0.52,-0.50,0.52,0.45,-8.52,0.14,-1.07,0.06,-0.81,-0.86,1.88,-43.69,56.50
498.202,361,163,29,24,507.545,0.53,-0.50,0.52,0.45,-7.85,0.10,-0.78,0.05,-0.79,-0.79,1.88,-43.69,56.50
498.2218,361,163,29,24,507.57,0.54,-0.50,0.51,0.45,-7.35,0.12,-0.84,-0.01,-0.70,-0.63,5.88,-41.75,56.38
498.2405,359,154,30,26,507.59,0.55,-0.50,0.50,0.45,-6.64,-0.21,-0.90,-0.03,-0.58,-0.52,5.88,-41.75,56.38
498.2603,359,146,29,30,507.615,0.55,-0.50,0.49,0.45,-6.32,-0.31,-0.77,-0.03,-0.46,-0.42,9.69,-41.00,55.69
498.2766,359,146,29,30,507.639,0.55,-0.50,0.49,0.45,-6.08,-0.26,-0.86,-0.04,-0.32,-0.32,9.69,-41.00,55.69
498.2978,361,145,24,31,507.662,0.56,-0.50,0.49,0.45,-5.48,-0.05,-0.78,-0.04,-0.21,-0.17,11.56,-39.50,53.75
498.3142,361,145,24,31,507.686,0.56,-0.50,0.49,0.45,-5.06,-0.08,-0.78,-0.06,-0.10,0.01,11.56,-39.50,53.75
498.3345,358,144,30,35,507.707,0.56,-0.50,0.49,0.45,-5.14,-0.18,-0.83,-0.07,0.15,0.26,12.75,-39.19,52.88
498.3513,358,144,30,35,507.729,0.55,-0.50,0.49,0.45,-5.47,-0.52,-0.42,-0.08,0.35,0.36,12.75,-39.19,52.88
498.3677,358,144,30,35,507.752,0.55,-0.50,0.49,0.45,-5.91,-0.63,-0.66,-0.07,0.51,0.45,13.06,-38.69,53.19
498.3977,359,147,29,33,507.777,0.54,-0.50,0.50,0.45,-6.72,-0.33,-0.88,-0.05,0.72,0.55,13.06,-38.69,53.19
498.4172,358,160,28,25,507.797,0.53,-0.50,0.51,0.45,-7.62,-0.30,-0.61,-0.13,0.81,0.72,11.50,-40.19,54.25
498.4337,360,170,29,24,507.82,0.53,-0.50,0.51,0.46,-8.64,0.05,-1.33,-0.14,0.88,0.84,11.50,-40.19,54.25
498.4513,360,170,29,24,507.842,0.51,-0.50,0.53,0.46,-9.77,-0.27,-1.42,-0.14,0.98,0.90,11.50,-40.19,54.25
498.4975,361,185,30,23,507.865,0.50,-0.50,0.53,0.46,-10.41,-0.37,-1.43,-0.09,1.01,0.82,9.25,-42.06,57.00
498.5217,362,198,31,25,507.889,0.50,-0.50,0.54,0.46,-11.67,0.76,-1.48,0.03,0.87,0.66,9.25,-42.06,57.00
498.553,362,212,30,26,507.912,0.49,-0.50,0.55,0.45,-11.83,1.14,-1.31,-0.02,0.71,0.74,4.06,-43.06,57.38
498.5721,363,224,31,26,507.936,0.48,-0.50,0.56,0.46,-11.79,0.42,-1.82,-0.12,0.56,0.86,4.06,-43.06,57.38
498.5889,363,234,31,28,507.957,0.47,-0.50,0.56,0.46,-11.90,0.16,-1.58,-0.09,0.53,0.70,0.06,-43.00,56.75
498.6055,363,234,31,28,507.979,0.46,-0.50,0.57,0.46,-12.43,0.29,-1.23,-0.09,0.43,0.60,0.06,-43.00,56.75
498.6252,361,240,33,30,508,0.46,-0.50,0.58,0.46,-12.53,0.42,-1.21,-0.11,0.29,0.54,-2.00,-42.19,55.69
498.6416,361,240,33,30,508.024,0.45,-0.50,0.58,0.46,-12.45,-0.17,-1.74,-0.10,0.19,0.46,-2.00,-42.19,55.69
498.6598,365,249,26,25,508.047,0.45,-0.50,0.58,0.46,-13.40,-0.18,-1.47,-0.06,0.21,0.28,-1.19,-42.19,54.06
498.6758,365,249,26,25,508.069,0.45,-0.50,0.58,0.46,-14.35,-0.06,-1.25,0.04,0.09,0.02,-1.19,-42.19,54.06
498.6923,365,249,26,25,508.092,0.45,-0.50,0.58,0.46,-14.88,-0.23,-1.71,0.06,-0.09,-0.09,-1.19,-42.19,54.06
498.718,361,247,32,31,508.114,0.45,-0.50,0.58,0.46,-15.07,-0.27,-1.50,0.07,-0.26,-0.27,-3.56,-41.56,54.19
498.7344,361,247,32,31,508.139,0.46,-0.50,0.58,0.46,-14.42,-0.05,-1.56,0.10,-0.59,-0.57,-3.56,-41.56,54.19
498.7552,361,245,32,29,508.162,0.47,-0.50,0.57,0.46,-14.00,-0.27,-1.58,0.11,-0.78,-0.71,-2.69,-42.19,53.69
498.778,362,237,31,26,508.186,0.48,-0.50,0.56,0.46,-13.14,-0.22,-1.50,0.14,-0.92,-0.80,-2.69,-42.19,53.69
498.8,362,237,31,26,508.207,0.49,-0.49,0.55,0.46,-12.37,0.17,-1.33,0.15,-1.12,-0.85,-2.38,-42.06,56.00
498.822,363,225,30,26,508.231,0.50,-0.49,0.54,0.46,-10.45,0.62,-1.15,0.11,-1.20,-0.82,-2.38,-42.06,56.00
498.844,365,212,30,22,508.252,0.51,-0.49,0.53,0.46,-8.82,0.66,-1.04,0.07,-1.22,-0.84,1.69,-42.06,56.69
498.868,365,212,30,22,508.276,0.52,-0.49,0.52,0.46,-7.83,0.83,-1.13,0.07,-1.14,-0.87,1.69,-42.06,56.69
498.89,366,195,29,23,508.299,0.53,-0.49,0.51,0.46,-6.84,0.89,-0.91,0.06,-0.88,-0.85,8.00,-42.19,55.56
498.912,367,179,27,22,508.319,0.54,-0.49,0.50,0.46,-5.92,0.84,-0.81,0.02,-0.76,-0.80,8.00,-42.19,55.56
498.934,364,167,31,21,508.342,0.55,-0.49,0.49,0.46,-5.12,0.70,-0.61,-0.04,-0.70,-0.72,8.00,-42.19,55.56
498.958,364,167,31,21,508.366,0.55,-0.49,0.49,0.46,-4.13,0.28,-1.18,-0.08,-0.59,-0.57,11.25,-40.25,53.19
498.9811,365,154,27,25,508.389,0.56,-0.49,0.48,0.46,-3.13,0.33,-0.76,-0.03,-0.23,-0.28,11.25,-40.25,53.19
499.004,363,144,26,30,508.411,0.56,-0.49,0.48,0.46,-3.22,0.80,-0.80,-0.03,-0.07,-0.03,12.56,-39.06,52.19
499.029,363,144,26,30,508.436,0.56,-0.49,0.48,0.46,-3.35,0.55,-0.49,-0.07,0.12,0.28,12.56,-39.06,52.19
499.051,363,143,24,31,508.459,0.55,-0.49,0.48,0.47,-3.90,-0.81,-0.80,-0.14,0.49,0.58,13.75,-38.38,51.38
499.0731,363,143,24,31,508.481,0.54,-0.49,0.49,0.47,-6.13,-0.01,-1.12,-0.05,0.85,0.62,13.75,-38.38,51.38
499.095,363,145,25,31,508.502,0.54,-0.49,0.50,0.47,-7.19,-0.11,-0.54,-0.01,1.10,0.79,13.00,-40.06,52.25
499.119,363,153,25,26,508.526,0.53,-0.49,0.51,0.47,-8.30,-0.21,-1.17,-0.06,0.94,0.98,13.00,-40.06,52.25
499.1411,363,153,25,26,508.549,0.52,-0.49,0.52,0.47,-9.79,0.43,-1.58,-0.02,0.98,1.00,10.75,-42.00,56.00
499.1631,362,166,28,25,508.571,0.50,-0.49,0.53,0.47,-10.64,0.56,-1.88,0.04,1.11,0.96,10.75,-42.00,56.00
499.1909,364,182,29,23,508.592,0.49,-0.49,0.54,0.46,-12.04,0.75,-1.24,0.08,1.18,0.86,10.75,-42.00,56.00
499.2101,363,197,30,24,508.616,0.49,-0.49,0.55,0.46,-12.73,0.70,-0.99,0.05,0.88,0.72,5.50,-43.38,56.50
499.231,363,197,30,24,508.639,0.48,-0.49,0.56,0.46,-12.93,0.96,-1.68,-0.01,0.60,0.72,5.50,-43.38,56.50
499.254,365,212,29,26,508.661,0.47,-0.49,0.57,0.46,-13.16,0.36,-1.44,-0.06,0.48,0.75,1.50,-42.69,54.56
499.279,364,227,31,27,508.686,0.46,-0.49,0.57,0.47,-13.18,-0.06,-1.07,-0.07,0.37,0.72,1.50,-42.69,54.56
499.301,364,227,31,27,508.708,0.46,-0.49,0.58,0.47,-13.01,0.07,-0.96,-0.06,0.15,0.49,-1.37,-41.88,53.38
499.324,363,238,30,27,508.731,0.46,-0.48,0.58,0.47,-12.74,0.28,-1.20,-0.02,0.01,0.36,-1.37,-41.88,53.38
499.3601,364,245,30,29,508.751,0.45,-0.48,0.58,0.47,-13.14,0.28,-1.45,-0.03,-0.05,0.22,-1.75,-42.25,53.00
499.3817,364,249,30,29,508.776,0.45,-0.48,0.58,0.47,-13.52,0.35,-1.11,0.04,-0.09,-0.01,-1.75,-42.25,53.00
499.4002,364,250,30,29,508.798,0.46,-0.48,0.58,0.47,-13.98,0.26,-1.02,0.04,-0.22,-0.17,-2.25,-42.50,52.50
499.4166,364,250,30,29,508.821,0.46,-0.48,0.58,0.47,-14.22,-0.22,-1.08,0.04,-0.30,-0.35,-2.25,-42.50,52.50
499.435,364,250,30,29,508.841,0.46,-0.48,0.58,0.47,-14.42,0.06,-1.01,0.10,-0.41,-0.60,-2.25,-42.50,52.50
499.459,365,248,28,27,508.866,0.47,-0.48,0.57,0.47,-14.08,0.58,-1.11,0.11,-0.67,-0.76,-1.56,-41.50,52.06
499.481,364,241,31,27,508.889,0.48,-0.48,0.56,0.47,-12.79,0.24,-1.20,0.07,-0.87,-0.81,-1.56,-41.50,52.06
499.505,364,241,31,27,508.911,0.49,-0.48,0.55,0.47,-12.09,0.42,-1.36,0.09,-1.02,-0.89,-0.56,-42.19,53.25
499.5291,364,230,29,25,508.936,0.50,-0.48,0.54,0.47,-10.94,0.56,-1.04,0.10,-1.15,-0.88,-0.56,-42.19,53.25
499.551,365,217,29,24,508.958,0.51,-0.48,0.53,0.47,-9.40,0.45,-0.90,0.08,-1.16,-0.89,1.25,-41.00,54.06
499.573,365,202,29,22,508.981,0.53,-0.48,0.52,0.47,-8.66,0.43,-0.88,0.08,-1.11,-0.87,1.25,-41.00,54.06
499.595,365,202,29,22,509.001,0.54,-0.48,0.51,0.47,-7.70,0.59,-0.72,0.08,-1.03,-0.86,5.38,-42.19,54.38
499.619,366,187,27,23,509.026,0.55,-0.48,0.50,0.47,-6.94,0.54,-0.45,0.07,-0.93,-0.83,5.38,-42.19,54.38
499.641,365,175,28,21,509.046,0.55,-0.48,0.49,0.47,-5.97,0.63,-0.58,0.05,-0.87,-0.70,9.00,-40.25,53.00
499.6631,365,175,28,21,509.069,0.56,-0.48,0.48,0.47,-5.28,0.33,-0.44,0.01,-0.70,-0.52,9.00,-40.25,53.00
499.6841,363,163,28,23,509.091,0.57,-0.48,0.48,0.47,-4.72,0.12,-0.45,-0.01,-0.52,-0.36,9.00,-40.25,53.00
499.709,363,154,27,25,509.116,0.57,-0.48,0.48,0.47,-4.22,-0.03,-0.20,-0.03,-0.27,-0.22,13.19,-38.75,49.56
499.731,363,154,27,25,509.138,0.57,-0.48,0.47,0.47,-3.83,0.13,-0.47,-0.07,0.06,-0.06,13.19,-38.75,49.56
499.754,361,145,28,34,509.161,0.57,-0.48,0.48,0.47,-4.03,0.48,-0.30,-0.08,0.29,0.16,14.00,-37.88,49.69
499.7792,360,141,31,43,509.186,0.57,-0.48,0.48,0.47,-4.54,-0.07,-0.51,-0.11,0.49,0.41,14.00,-37.88,49.69
499.801,360,141,31,43,509.208,0.56,-0.48,0.48,0.47,-5.74,-0.47,-0.60,-0.06,0.81,0.52,14.69,-38.19,48.25
499.8253,359,141,32,47,509.231,0.55,-0.48,0.49,0.47,-6.99,-0.03,-0.77,-0.03,0.98,0.55,14.69,-38.19,48.25
499.8461,359,141,32,47,509.251,0.54,-0.48,0.50,0.47,-8.08,0.51,-0.66,-0.06,1.08,0.62,13.75,-39.00,49.56
499.87,360,144,31,49,509.276,0.53,-0.49,0.51,0.47,-8.86,0.65,-1.17,-0.17,0.90,0.94,13.75,-39.00,49.56
499.8911,363,168,25,22,509.298,0.52,-0.49,0.52,0.47,-9.33,-0.28,-1.37,-0.17,0.96,0.97,10.88,-40.06,53.19
499.915,362,181,28,22,509.321,0.51,-0.49,0.53,0.47,-10.03,-0.15,-1.07,-0.13,1.02,0.84,10.88,-40.06,53.19
499.937,362,181,28,22,509.343,0.50,-0.49,0.54,0.47,-10.89,0.07,-1.37,-0.06,0.99,0.72,10.88,-40.06,53.19
499.96,363,195,28,24,509.366,0.49,-0.49,0.55,0.47,-11.47,0.24,-1.35,0.03,0.82,0.76,4.88,-42.00,53.88
499.985,363,212,28,25,509.388,0.48,-0.49,0.56,0.47,-12.42,0.63,-0.70,0.06,0.66,0.86,4.88,-42.00,53.88
500.005,363,212,28,25,509.411,0.47,-0.48,0.57,0.47,-12.75,0.78,-0.99,0.03,0.50,0.91,1.25,-40.69,52.88
500.029,363,226,29,27,509.435,0.47,-0.48,0.57,0.47,-13.42,0.44,-1.25,-0.04,0.46,0.82,1.25,-40.69,52.88
500.051,364,241,30,27,509.456,0.46,-0.48,0.58,0.47,-14.72,0.73,-1.25,0.04,0.46,0.62,-1.25,-40.38,52.25
500.074,365,251,30,27,509.478,0.46,-0.48,0.58,0.47,-15.55,0.87,-1.26,0.07,0.33,0.38,-1.25,-40.38,52.25
500.095,365,251,30,27,509.501,0.45,-0.48,0.59,0.47,-15.95,0.96,-0.92,0.03,0.09,0.16,-2.38,-40.69,50.69
500.1191,367,257,29,30,509.526,0.45,-0.48,0.58,0.47,-15.63,0.76,-0.85,-0.07,-0.31,-0.14,-2.38,-40.69,50.69
500.141,367,257,29,30,509.546,0.46,-0.48,0.58,0.48,-14.68,0.12,-0.91,-0.07,-0.48,-0.32,-2.50,-41.00,49.75
500.164,365,259,30,28,509.569,0.46,-0.48,0.57,0.48,-14.34,0.14,-1.13,-0.02,-0.62,-0.58,-2.50,-41.00,49.75
500.186,365,253,31,28,509.591,0.47,-0.48,0.57,0.48,-14.06,0.52,-1.07,0.06,-0.75,-0.74,-2.50,-41.00,49.75
500.209,365,253,31,28,509.616,0.48,-0.48,0.56,0.48,-13.52,0.36,-0.99,0.05,-0.96,-0.87,-0.88,-40.75,51.25
500.232,366,245,29,26,509.636,0.49,-0.48,0.55,0.48,-12.51,0.54,-0.94,0.08,-1.12,-0.91,-0.88,-40.75,51.25
500.255,366,232,29,26,509.661,0.51,-0.48,0.54,0.48,-11.20,0.73,-0.80,0.11,-1.26,-0.91,-0.50,-41.38,53.25
500.2791,366,232,29,26,509.685,0.52,-0.47,0.53,0.48,-10.16,0.79,-0.99,0.05,-1.37,-0.93,-0.50,-41.38,53.25
500.3042,366,217,29,24,509.708,0.53,-0.47,0.52,0.48,-7.89,1.16,-0.97,0.00,-1.34,-0.98,3.00,-41.69,54.38
500.3313,366,202,28,21,509.73,0.54,-0.47,0.50,0.48,-6.17,1.58,-0.85,-0.06,-1.22,-0.94,3.00,-41.69,54.38
500.3541,365,186,28,21,509.753,0.55,-0.47,0.49,0.48,-5.09,1.41,-0.78,-0.17,-1.03,-0.79,8.75,-41.06,52.69
500.3728,364,171,27,22,509.775,0.56,-0.47,0.48,0.48,-4.00,0.61,-0.79,-0.23,-0.64,-0.53,8.75,-41.06,52.69
500.392,364,171,27,22,509.796,0.56,-0.47,0.48,0.48,-2.86,0.11,-0.40,-0.23,-0.40,-0.43,12.75,-38.75,48.69
500.4151,362,159,27,24,509.82,0.57,-0.47,0.47,0.48,-2.59,-0.36,0.01,-0.17,-0.15,-0.29,12.75,-38.75,48.69
500.437,359,153,29,26,509.843,0.57,-0.47,0.47,0.48,-2.45,0.52,-0.30,-0.08,-0.01,-0.15,12.75,-38.75,48.69
500.46,359,153,29,26,509.865,0.56,-0.48,0.47,0.48,-3.99,-0.12,-0.59,-0.11,0.46,0.29,13.88,-37.38,48.06
500.4832,357,146,30,36,509.886,0.56,-0.48,0.48,0.48,-5.04,-0.51,-0.50,-0.07,0.70,0.42,13.88,-37.38,48.06
500.506,357,146,30,36,509.911,0.55,-0.48,0.48,0.48,-6.65,-0.52,-1.02,-0.00,0.82,0.43,12.75,-38.38,48.06
500.53,356,146,30,42,509.935,0.55,-0.48,0.49,0.48,-8.02,-0.33,-0.46,-0.03,0.92,0.70,12.75,-38.38,48.06
500.552,356,160,28,32,509.958,0.54,-0.48,0.50,0.48,-8.87,-0.40,-1.04,-0.03,0.81,0.90,12.50,-39.88,49.19
500.576,356,160,28,32,509.98,0.52,-0.48,0.51,0.48,-9.81,-0.13,-0.95,0.03,0.85,0.97,12.50,-39.88,49.19
500.5981,356,174,28,23,510.003,0.52,-0.48,0.52,0.48,-10.76,-0.05,-0.79,0.11,0.89,0.96,9.88,-41.00,50.25
500.621,357,186,28,24,510.025,0.51,-0.48,0.53,0.48,-11.55,0.49,-0.42,0.13,0.82,0.77,9.88,-41.00,50.25
500.6421,357,186,28,24,510.048,0.50,-0.48,0.54,0.48,-11.89,0.61,-0.24,0.03,0.75,0.70,5.38,-41.69,52.69
500.6723,359,200,28,25,510.07,0.49,-0.48,0.55,0.48,-12.26,0.25,-0.69,-0.02,0.71,0.70,5.38,-41.69,52.69
500.7064,360,214,29,25,510.093,0.48,-0.48,0.55,0.48,-12.27,-0.09,-0.29,-0.01,0.67,0.66,2.19,-40.88,50.00
500.7258,360,224,30,27,510.115,0.48,-0.48,0.56,0.48,-12.52,0.38,-0.83,0.02,0.49,0.54,2.19,-40.88,50.00
500.7536,361,235,30,27,510.138,0.47,-0.48,0.56,0.48,-12.74,0.12,-0.65,-0.03,0.47,0.42,2.19,-40.88,50.00
500.7697,361,235,30,27,510.16,0.47,-0.48,0.57,0.48,-13.13,0.10,-0.89,0.00,0.40,0.26,0.25,-41.25,50.38
500.7885,363,242,28,26,510.185,0.47,-0.48,0.57,0.48,-13.93,0.69,-0.70,0.15,0.27,0.06,0.25,-41.25,50.38
500.8123,362,245,31,29,510.208,0.47,-0.48,0.57,0.48,-14.78,0.85,-0.50,0.09,0.09,-0.07,-1.19,-39.75,49.56
500.8285,362,245,31,29,510.23,0.47,-0.48,0.57,0.48,-14.73,0.76,-0.59,0.03,-0.11,-0.22,-1.19,-39.75,49.56
500.8517,362,244,32,30,510.253,0.47,-0.48,0.57,0.48,-14.39,0.29,-0.71,0.00,-0.29,-0.44,-0.50,-40.75,50.25
500.8701,362,244,32,30,510.275,0.47,-0.48,0.56,0.47,-13.55,0.14,-0.80,0.07,-0.53,-0.71,-0.50,-40.75,50.25
500.892,363,242,30,27,510.296,0.49,-0.48,0.56,0.47,-13.17,0.14,-0.76,0.07,-0.67,-0.78,-0.50,-41.56,49.75
500.9161,363,242,30,27,510.32,0.49,-0.48,0.55,0.47,-12.55,0.03,-0.75,0.07,-0.79,-0.81,-0.50,-41.56,49.75
500.938,363,233,28,24,510.343,0.50,-0.48,0.54,0.47,-11.47,0.19,-0.89,0.07,-0.93,-0.85,0.56,-41.56,50.88
500.96,362,223,30,23,510.365,0.51,-0.48,0.53,0.47,-10.07,0.07,-0.89,0.10,-1.01,-0.88,0.56,-41.56,50.88
500.9862,363,208,29,23,510.386,0.53,-0.48,0.52,0.47,-9.53,0.00,-0.73,0.10,-0.97,-0.93,0.56,-41.56,50.88
501.005,363,208,29,23,510.41,0.53,-0.48,0.51,0.47,-8.74,0.16,-0.60,0.13,-0.90,-0.94,4.69,-41.06,51.19
501.0291,363,193,29,22,510.433,0.54,-0.48,0.50,0.47,-8.24,0.31,-0.54,0.14,-0.77,-0.82,4.69,-41.06,51.19
501.0511,362,179,28,22,510.455,0.55,-0.48,0.50,0.47,-7.29,0.39,-0.48,0.09,-0.66,-0.75,9.88,-40.25,51.19
501.074,362,179,28,22,510.478,0.56,-0.48,0.49,0.47,-6.95,0.48,-0.67,0.03,-0.55,-0.70,9.88,-40.25,51.19
501.0951,361,166,28,22,510.5,0.57,-0.48,0.48,0.46,-6.64,0.19,-0.34,-0.06,-0.50,-0.64,14.25,-38.88,49.25
501.1193,360,155,29,23,510.523,0.57,-0.48,0.48,0.46,-5.98,0.09,-0.71,-0.04,-0.45,-0.45,14.25,-38.88,49.25
501.1499,359,144,29,26,510.545,0.57,-0.48,0.47,0.46,-5.03,0.13,-0.49,-0.06,-0.36,-0.29,14.38,-37.19,47.00
501.1664,359,144,29,26,510.568,0.58,-0.48,0.47,0.47,-4.61,0.09,-0.48,-0.11,-0.20,-0.10,14.38,-37.19,47.00
501.186,357,140,30,25,510.59,0.58,-0.48,0.47,0.47,-4.39,-0.19,-0.45,-0.16,-0.02,0.09,14.38,-37.19,47.00
501.21,357,140,30,25,510.613,0.57,-0.48,0.47,0.47,-4.80,-0.40,-0.17,-0.10,0.25,0.27,16.87,-36.56,45.19
501.2321,357,139,28,25,510.636,0.57,-0.48,0.47,0.47,-5.34,-0.44,-0.50,-0.08,0.41,0.38,16.87,-36.56,45.19
501.255,356,139,30,26,510.658,0.56,-0.49,0.48,0.47,-6.03,-0.62,-0.49,-0.05,0.65,0.49,16.75,-36.56,46.00
501.2791,356,139,30,26,510.683,0.56,-0.49,0.48,0.47,-7.29,-0.25,-0.32,-0.03,0.82,0.59,16.75,-36.56,46.00
501.302,356,143,30,27,510.705,0.55,-0.49,0.49,0.47,-8.58,0.67,-0.82,-0.04,0.83,0.69,15.50,-37.00,47.50
501.3371,355,145,33,35,510.73,0.54,-0.49,0.50,0.47,-9.55,0.87,-0.43,-0.12,0.87,0.91,15.50,-37.00,47.50
501.3535,355,145,33,35,510.75,0.53,-0.49,0.51,0.47,-9.86,0.08,-0.15,-0.23,0.75,1.04,14.38,-38.75,50.56
501.3705,357,164,29,23,510.773,0.52,-0.49,0.52,0.47,-9.81,0.22,-0.95,-0.21,0.69,0.96,14.38,-38.75,50.56
501.392,359,176,28,24,510.795,0.51,-0.49,0.52,0.48,-10.39,-0.13,-0.78,-0.11,0.78,0.94,9.88,-40.69,51.75
501.415,359,189,29,24,510.818,0.50,-0.48,0.54,0.48,-10.83,0.23,-0.61,-0.05,0.68,1.01,9.88,-40.69,51.75
501.437,359,189,29,24,510.84,0.49,-0.48,0.54,0.48,-10.77,0.71,-0.37,-0.06,0.57,1.06,9.88,-40.69,51.75
501.46,358,205,30,25,510.863,0.48,-0.48,0.55,0.48,-10.77,0.89,-1.11,-0.14,0.65,1.04,4.75,-42.06,53.25
501.4859,361,218,29,26,510.885,0.47,-0.48,0.56,0.49,-11.84,0.60,-1.09,-0.16,0.75,0.82,4.75,-42.06,53.25
501.506,361,218,29,26,510.908,0.46,-0.48,0.57,0.49,-12.40,0.31,-0.87,-0.14,0.83,0.58,2.88,-41.56,51.19
501.5291,360,231,30,27,510.932,0.46,-0.48,0.57,0.49,-13.75,0.44,-1.57,-0.00,0.71,0.32,2.88,-41.56,51.19
501.551,357,243,32,28,510.955,0.45,-0.48,0.57,0.48,-15.06,0.13,-1.32,-0.01,0.51,0.17,0.25,-41.19,50.50
501.574,357,243,32,28,510.978,0.45,-0.48,0.58,0.48,-15.85,0.33,-1.90,0.04,0.23,0.06,0.25,-41.19,50.50
501.5961,358,253,28,25,510.998,0.45,-0.48,0.58,0.48,-15.58,0.14,-1.26,0.05,-0.02,-0.03,0.25,-40.25,50.38
501.62,358,253,28,25,511.023,0.45,-0.48,0.58,0.48,-14.87,-0.09,-1.67,0.02,-0.47,-0.28,0.25,-40.25,50.38
501.641,357,254,26,28,511.045,0.45,-0.48,0.57,0.48,-14.02,-0.24,-1.09,0.07,-0.60,-0.51,-0.50,-39.38,49.00
501.6682,355,252,31,29,511.068,0.46,-0.48,0.57,0.48,-13.73,-0.03,-1.42,0.16,-0.70,-0.66,-0.50,-39.38,49.00
501.6871,356,245,30,26,511.09,0.47,-0.48,0.56,0.48,-13.20,0.11,-0.71,0.19,-0.79,-0.77,-0.50,-39.38,49.00
501.71,356,245,30,26,511.113,0.48,-0.48,0.55,0.48,-12.71,0.42,-0.99,0.21,-0.99,-0.90,0.06,-39.38,49.56
501.732,357,234,30,26,511.135,0.50,-0.48,0.54,0.48,-11.58,0.68,-0.99,0.20,-1.03,-0.93,0.06,-39.38,49.56
501.755,360,222,27,23,511.158,0.51,-0.48,0.53,0.48,-10.80,0.62,-0.73,0.16,-1.07,-0.99,1.50,-40.50,51.56
501.7793,360,222,27,23,511.182,0.52,-0.48,0.52,0.48,-10.11,0.58,-0.65,0.14,-1.13,-1.07,1.50,-40.50,51.56
501.802,361,205,28,23,511.205,0.53,-0.48,0.51,0.48,-8.23,0.85,-0.81,0.11,-1.11,-1.07,5.25,-40.06,52.25
501.8329,361,189,28,22,511.227,0.54,-0.48,0.50,0.48,-7.02,1.05,-0.79,0.08,-0.99,-0.98,5.25,-40.06,52.25
501.8528,360,174,29,22,511.25,0.55,-0.48,0.49,0.48,-5.96,0.99,-0.53,0.03,-0.85,-0.81,10.75,-40.19,50.69
501.87,359,162,29,22,511.272,0.56,-0.48,0.48,0.48,-5.24,0.73,-0.61,-0.04,-0.60,-0.46,10.75,-40.19,50.69
501.892,359,162,29,22,511.295,0.56,-0.48,0.48,0.48,-4.22,0.24,-0.49,-0.04,-0.34,-0.28,13.69,-38.69,48.56
501.916,359,162,29,22,511.318,0.57,-0.48,0.47,0.48,-4.24,-0.16,0.41,-0.07,-0.14,-0.21,13.69,-38.69,48.56
501.937,360,151,26,23,511.34,0.57,-0.48,0.47,0.48,-3.57,0.40,0.23,-0.07,-0.15,-0.18,13.69,-38.69,48.56
501.96,357,141,32,32,511.363,0.57,-0.48,0.47,0.48,-3.59,0.50,-0.73,-0.11,0.24,0.22,16.75,-37.06,45.38
501.9821,357,141,32,32,511.385,0.56,-0.48,0.48,0.48,-4.55,-0.05,-0.29,-0.10,0.55,0.36,16.75,-37.06,45.38
502.006,356,137,32,38,511.408,0.56,-0.48,0.48,0.48,-5.46,-0.05,-0.20,-0.09,0.70,0.42,15.56,-37.06,46.25
502.0301,354,138,35,43,511.432,0.55,-0.48,0.49,0.48,-6.51,-0.50,-0.56,-0.07,0.82,0.57,15.56,-37.06,46.25
502.0521,354,138,35,43,511.455,0.54,-0.49,0.49,0.47,-8.12,-0.47,-0.86,-0.07,0.94,0.67,15.75,-37.75,48.06
502.076,356,145,30,37,511.477,0.53,-0.49,0.51,0.47,-9.01,-0.27,-1.10,-0.02,0.98,0.83,15.75,-37.75,48.06
502.098,356,161,28,25,511.5,0.52,-0.49,0.52,0.47,-10.09,0.46,-0.93,-0.01,0.93,0.99,13.06,-38.50,50.06
502.121,357,173,28,25,511.522,0.51,-0.49,0.52,0.48,-10.80,0.45,-1.19,-0.02,0.87,0.98,13.06,-38.50,50.06
502.1432,357,173,28,25,511.545,0.50,-0.48,0.54,0.48,-10.86,0.60,-1.02,-0.03,0.84,0.81,10.06,-40.75,53.19
502.1661,359,187,28,25,511.567,0.49,-0.48,0.54,0.48,-10.99,1.24,-1.40,-0.04,0.77,0.79,10.06,-40.75,53.19
502.188,361,203,27,23,511.59,0.48,-0.48,0.55,0.48,-11.64,0.94,-0.93,-0.10,0.75,0.95,10.06,-40.75,53.19
502.211,361,203,27,23,511.612,0.48,-0.48,0.56,0.48,-12.02,-0.31,-0.93,-0.13,0.69,0.82,5.38,-41.50,51.88
502.232,358,216,30,25,511.635,0.47,-0.48,0.57,0.48,-12.41,0.03,-1.58,-0.03,0.61,0.54,5.38,-41.50,51.88
502.256,359,228,30,27,511.657,0.46,-0.48,0.57,0.48,-13.23,0.63,-1.35,0.05,0.57,0.47,2.19,-41.50,51.88
502.2791,359,228,30,27,511.682,0.46,-0.48,0.58,0.48,-13.69,0.86,-1.46,-0.01,0.37,0.41,2.19,-41.50,51.88
502.302,361,239,26,24,511.705,0.45,-0.48,0.58,0.48,-14.35,0.70,-1.01,-0.02,0.14,0.29,0.06,-40.00,50.38
502.3251,361,239,26,24,511.727,0.45,-0.48,0.58,0.48,-14.40,0.35,-1.04,-0.04,-0.07,0.09,0.06,-40.00,50.38
502.347,359,246,28,27,511.75,0.45,-0.48,0.58,0.48,-14.51,0.43,-1.03,-0.02,-0.20,-0.11,0.37,-39.56,50.00
502.37,358,247,32,29,511.772,0.45,-0.48,0.58,0.48,-14.28,0.47,-0.68,0.00,-0.44,-0.40,0.37,-39.56,50.00
502.392,358,245,32,30,511.793,0.46,-0.48,0.57,0.48,-13.11,0.82,-0.91,-0.01,-0.62,-0.57,-0.50,-39.75,49.38
502.415,358,245,32,30,511.817,0.47,-0.48,0.56,0.48,-12.69,1.05,-0.82,0.00,-0.69,-0.70,-0.50,-39.75,49.38
502.437,358,239,32,28,511.84,0.48,-0.48,0.56,0.48,-12.31,0.92,-0.54,-0.04,-0.73,-0.80,-0.50,-39.75,49.38
502.46,358,230,30,27,511.862,0.48,-0.48,0.55,0.48,-11.92,0.73,-0.64,-0.11,-0.84,-0.89,0.56,-40.56,51.00
502.4821,358,230,30,27,511.883,0.50,-0.48,0.54,0.48,-11.40,-0.05,-0.74,-0.10,-0.95,-0.90,0.56,-40.56,51.00
502.506,358,217,28,26,511.907,0.50,-0.48,0.53,0.48,-10.60,-0.06,-0.77,-0.04,-1.02,-0.99,3.19,-40.56,51.00
502.5301,356,205,29,23,511.932,0.51,-0.48,0.52,0.48,-9.79,0.12,-0.74,0.03,-1.05,-1.01,3.19,-40.56,51.00
502.5525,354,190,29,23,511.954,0.52,-0.48,0.51,0.48,-8.57,0.25,-0.83,0.04,-1.02,-0.92,8.38,-40.56,52.19
502.577,354,190,29,23,511.977,0.54,-0.48,0.49,0.48,-7.97,0.36,-0.81,-0.01,-0.98,-0.84,8.38,-40.56,52.19
502.5991,353,175,28,23,512,0.55,-0.48,0.48,0.48,-7.00,0.48,-0.82,-0.07,-0.93,-0.75,12.38,-39.00,49.06
502.621,352,163,29,22,512.022,0.55,-0.48,0.48,0.48,-5.75,0.10,-0.81,-0.12,-0.78,-0.62,12.38,-39.00,49.06
502.6476,352,163,29,22,512.045,0.56,-0.48,0.47,0.49,-5.14,-0.21,-0.93,-0.10,-0.59,-0.53,16.19,-37.56,48.25
502.674,352,151,27,22,512.069,0.56,-0.48,0.46,0.49,-4.70,-0.44,-0.84,-0.05,-0.37,-0.38,16.19,-37.56,48.25
502.6927,349,143,29,23,512.09,0.57,-0.48,0.46,0.49,-4.52,-0.50,-0.48,-0.01,-0.20,-0.22,17.50,-36.38,46.19
502.712,349,143,29,23,512.112,0.57,-0.48,0.46,0.49,-4.21,-0.20,-0.45,0.01,0.03,0.03,17.50,-36.38,46.19
502.7331,347,139,33,23,512.135,0.56,-0.48,0.46,0.49,-4.07,-0.34,-0.85,0.01,0.24,0.21,17.50,-36.38,46.19
502.7581,347,139,33,23,512.159,0.56,-0.48,0.46,0.48,-4.62,-0.38,-0.53,0.05,0.54,0.38,17.37,-35.88,45.25
502.781,346,138,34,24,512.182,0.56,-0.48,0.47,0.48,-6.13,-0.47,-0.26,0.10,0.79,0.53,17.37,-35.88,45.25
502.8102,347,140,33,24,512.204,0.55,-0.49,0.48,0.48,-7.17,-0.32,-0.54,0.09,0.89,0.60,16.87,-35.50,45.38
502.8329,351,146,28,23,512.229,0.54,-0.49,0.49,0.48,-7.87,-0.14,-0.69,0.10,0.97,0.61,16.87,-35.50,45.38
502.8561,352,156,28,24,512.249,0.53,-0.49,0.50,0.48,-9.01,0.88,-0.90,0.06,1.07,0.88,16.69,-38.56,47.88
502.8726,352,156,28,24,512.272,0.52,-0.49,0.51,0.48,-10.35,0.16,-0.80,-0.02,1.02,1.15,16.69,-38.56,47.88
502.893,355,169,27,25,512.294,0.51,-0.49,0.52,0.48,-10.77,0.00,-1.46,0.04,0.90,1.00,13.69,-40.06,50.19
502.9171,355,169,27,25,512.319,0.50,-0.48,0.53,0.48,-11.19,0.83,-1.23,0.09,0.86,0.84,13.69,-40.06,50.19
502.939,356,184,29,25,512.339,0.49,-0.48,0.54,0.48,-11.67,1.22,-0.53,0.06,0.75,0.95,9.19,-41.00,51.69
502.969,359,197,29,25,512.362,0.49,-0.48,0.55,0.48,-11.37,0.56,-0.49,0.00,0.60,0.96,9.19,-41.00,51.69
502.9904,360,211,30,27,512.385,0.48,-0.48,0.56,0.48,-11.47,0.76,-0.89,-0.02,0.63,0.76,9.19,-41.00,51.69
503.007,360,211,30,27,512.407,0.47,-0.48,0.56,0.48,-12.55,0.51,-0.44,0.03,0.69,0.61,5.25,-41.75,50.75
503.031,362,224,31,27,512.432,0.46,-0.48,0.57,0.48,-13.07,0.99,-0.52,0.03,0.46,0.49,5.25,-41.75,50.75
503.053,362,224,31,27,512.454,0.46,-0.48,0.58,0.48,-13.37,0.54,-0.86,-0.02,0.35,0.44,2.06,-41.38,48.75
503.077,362,234,31,29,512.479,0.45,-0.48,0.58,0.48,-13.64,0.62,-1.13,-0.01,0.19,0.28,2.06,-41.38,48.75
503.1,361,240,32,30,512.499,0.45,-0.48,0.58,0.48,-14.01,0.76,-1.05,-0.01,-0.03,0.03,1.25,-40.75,49.19
503.122,361,240,32,30,512.522,0.45,-0.48,0.58,0.48,-14.09,0.55,-1.09,-0.00,-0.18,-0.15,1.25,-40.75,49.19
503.144,361,244,32,31,512.544,0.46,-0.48,0.58,0.48,-14.00,0.51,-0.79,0.03,-0.31,-0.33,1.25,-40.69,48.75
503.1681,363,246,28,26,512.569,0.46,-0.48,0.57,0.48,-13.90,0.32,-0.89,0.02,-0.47,-0.49,1.25,-40.69,48.75
503.1901,362,240,31,29,512.589,0.47,-0.48,0.57,0.48,-13.64,0.05,-0.92,0.06,-0.68,-0.73,2.00,-41.00,48.25
503.2121,362,240,31,29,512.612,0.48,-0.48,0.56,0.48,-13.14,0.47,-0.99,0.10,-0.79,-0.89,2.00,-41.00,48.25
503.234,362,232,31,27,512.634,0.49,-0.48,0.55,0.48,-12.62,0.68,-0.86,0.10,-0.92,-0.95,2.00,-41.00,48.25
503.2581,362,221,30,24,512.659,0.50,-0.48,0.54,0.48,-12.13,0.60,-0.82,0.08,-1.07,-0.99,2.00,-41.56,49.88
503.2811,362,221,30,24,512.681,0.51,-0.48,0.53,0.48,-10.67,0.65,-0.69,0.09,-1.20,-0.99,2.00,-41.56,49.88
503.3118,362,207,29,23,512.704,0.53,-0.48,0.52,0.48,-9.44,0.71,-0.78,0.05,-1.22,-1.00,6.06,-41.69,51.38
503.3311,362,192,29,22,512.729,0.54,-0.47,0.50,0.48,-8.68,0.61,-0.87,0.01,-1.15,-1.00,6.06,-41.69,51.38
503.3524,361,177,28,21,512.751,0.55,-0.47,0.49,0.48,-7.56,0.72,-0.72,-0.05,-1.00,-0.92,11.56,-41.25,49.69
503.373,361,177,28,21,512.774,0.56,-0.47,0.48,0.48,-6.13,0.39,-0.76,-0.13,-0.85,-0.80,11.56,-41.25,49.69
503.394,361,177,28,21,512.794,0.56,-0.48,0.47,0.48,-5.47,-0.03,-0.67,-0.11,-0.65,-0.61,16.75,-38.00,46.50
503.419,359,162,28,23,512.819,0.57,-0.48,0.47,0.48,-4.56,-0.39,-0.49,-0.10,-0.40,-0.44,16.75,-38.00,46.50
503.4446,362,149,23,25,512.841,0.57,-0.48,0.47,0.48,-4.59,-0.80,0.72,-0.01,-0.09,-0.25,17.25,-37.56,43.75
503.4631,356,141,30,25,512.864,0.57,-0.48,0.46,0.48,-4.06,-0.14,0.02,-0.01,-0.14,-0.19,17.25,-37.56,43.75
503.485,356,141,30,25,512.884,0.57,-0.48,0.46,0.48,-3.48,0.47,-1.15,-0.02,0.07,0.04,17.25,-37.56,43.75
503.509,355,138,30,25,512.909,0.57,-0.48,0.47,0.48,-4.18,-0.11,-0.34,0.01,0.45,0.27,19.50,-36.06,42.56
503.531,354,136,32,27,512.931,0.57,-0.48,0.47,0.48,-5.50,0.15,-0.28,0.02,0.69,0.42,19.50,-36.06,42.56
503.554,354,136,32,27,512.954,0.56,-0.48,0.48,0.48,-6.17,0.06,-0.52,0.02,0.84,0.52,18.69,-36.50,44.50
503.5791,355,138,31,24,512.978,0.55,-0.48,0.49,0.47,-7.31,-0.05,-0.63,0.03,0.98,0.58,18.69,-36.50,44.50
503.6054,355,142,32,30,513.001,0.54,-0.48,0.50,0.47,-9.24,0.70,-0.79,-0.01,1.05,0.66,18.37,-37.19,45.50
503.6241,358,150,27,32,513.024,0.53,-0.49,0.51,0.47,-9.92,0.60,-0.78,-0.09,1.02,0.89,18.37,-37.19,45.50
503.6451,358,150,27,32,513.044,0.52,-0.49,0.52,0.47,-10.40,0.12,-1.27,-0.08,0.90,0.98,16.19,-40.56,49.00
503.669,357,168,29,24,513.069,0.51,-0.48,0.53,0.47,-10.67,0.76,-0.97,-0.07,0.75,1.12,16.19,-40.56,49.00
503.691,359,183,29,25,513.091,0.50,-0.48,0.53,0.48,-11.11,0.83,-0.98,-0.11,0.70,1.10,12.00,-41.50,51.25
503.714,359,183,29,25,513.114,0.49,-0.48,0.55,0.48,-11.43,0.11,-0.79,-0.07,0.72,1.05,12.00,-41.50,51.25
503.735,359,197,30,25,513.134,0.48,-0.48,0.55,0.48,-11.60,0.19,-0.64,-0.05,0.61,0.86,12.00,-41.50,51.25
503.759,359,197,30,25,513.159,0.47,-0.48,0.56,0.48,-11.73,0.08,-0.66,0.01,0.55,0.70,7.06,-41.88,50.38
503.782,360,212,30,25,513.181,0.47,-0.48,0.57,0.48,-12.41,1.09,-0.57,-0.05,0.51,0.76,7.06,-41.88,50.38
503.805,360,224,30,26,513.204,0.46,-0.47,0.57,0.49,-12.34,0.53,-0.83,-0.09,0.44,0.63,4.88,-41.19,49.69
503.8291,360,224,30,26,513.228,0.45,-0.47,0.58,0.49,-12.90,-0.03,-1.34,-0.04,0.44,0.37,4.88,-41.19,49.69
503.851,361,234,31,28,513.251,0.45,-0.47,0.58,0.49,-14.23,0.63,-0.89,0.10,0.25,0.09,3.38,-41.19,48.75
503.874,362,242,29,28,513.273,0.45,-0.47,0.58,0.48,-14.77,1.02,-0.88,0.06,0.03,0.07,3.38,-41.19,48.75
503.895,359,246,32,30,513.294,0.45,-0.47,0.58,0.48,-14.46,0.52,-0.91,-0.01,-0.25,-0.02,2.25,-41.25,49.19
503.919,359,246,32,30,513.318,0.45,-0.47,0.58,0.49,-13.94,0.16,-1.38,0.02,-0.41,-0.29,2.25,-41.25,49.19
503.9411,361,248,28,27,513.341,0.46,-0.47,0.57,0.49,-13.58,0.57,-0.71,0.07,-0.56,-0.60,1.19,-40.88,48.75
503.9641,361,243,31,28,513.363,0.47,-0.47,0.57,0.48,-13.35,0.42,-0.93,0.07,-0.69,-0.64,1.19,-40.88,48.75
503.985,361,243,31,28,513.384,0.48,-0.47,0.56,0.48,-12.94,0.42,-1.11,0.10,-0.86,-0.79,1.19,-40.88,48.75
504.009,361,236,30,25,513.409,0.49,-0.47,0.55,0.48,-12.73,0.50,-0.63,0.16,-0.89,-0.93,2.69,-40.50,49.19
504.0321,362,224,29,26,513.431,0.50,-0.47,0.54,0.48,-11.92,0.94,-0.61,0.12,-1.00,-0.99,2.69,-40.50,49.19
504.055,361,210,30,25,513.454,0.51,-0.47,0.53,0.48,-10.85,0.82,-0.67,0.06,-1.08,-1.03,5.25,-41.69,49.88
504.08,361,210,30,25,513.478,0.52,-0.47,0.52,0.48,-10.11,0.61,-0.95,0.03,-1.09,-1.08,5.25,-41.69,49.88
504.102,361,210,30,25,513.501,0.53,-0.47,0.51,0.48,-8.76,0.63,-0.77,0.06,-1.02,-1.11,10.50,-42.50,51.06
504.1251,363,195,29,24,513.523,0.55,-0.47,0.50,0.48,-7.64,0.80,-0.68,0.03,-0.99,-1.01,10.50,-42.50,51.06
504.147,361,180,29,22,513.546,0.56,-0.47,0.49,0.48,-6.53,0.72,-0.75,-0.01,-0.91,-0.85,16.00,-40.69,48.19
504.17,359,166,28,23,513.568,0.56,-0.47,0.48,0.48,-5.96,0.72,-0.43,-0.11,-0.71,-0.51,16.00,-40.69,48.19
504.192,359,166,28,23,513.591,0.57,-0.47,0.47,0.48,-4.91,0.07,-0.45,-0.18,-0.50,-0.34,19.37,-38.06,45.50
504.216,358,154,28,23,513.613,0.57,-0.47,0.47,0.48,-4.70,-0.69,-0.10,-0.14,-0.37,-0.36,19.37,-38.06,45.50
504.2463,356,141,31,28,513.636,0.57,-0.47,0.46,0.48,-4.13,0.16,-0.46,-0.08,-0.29,-0.31,19.37,-38.06,45.50
504.2684,353,138,33,25,513.658,0.57,-0.48,0.46,0.48,-3.63,0.19,-0.58,-0.10,0.10,0.07,20.19,-36.19,43.06
504.2849,353,138,33,25,513.681,0.57,-0.48,0.46,0.48,-3.84,-0.30,-0.50,-0.08,0.33,0.27,20.19,-36.19,43.06
504.3221,352,137,32,25,513.705,0.57,-0.48,0.47,0.48,-4.25,-0.37,-0.42,-0.04,0.58,0.41,21.00,-35.88,41.50
504.3424,353,138,31,26,513.728,0.56,-0.48,0.47,0.48,-5.35,-0.39,-0.45,0.00,0.81,0.60,21.00,-35.88,41.50
504.3674,355,142,29,25,513.751,0.56,-0.48,0.48,0.48,-6.67,-0.22,-0.73,0.02,0.94,0.69,20.87,-37.38,43.75
504.3908,358,151,23,26,513.775,0.54,-0.48,0.49,0.48,-7.42,-0.04,-0.99,0.06,1.07,0.79,20.87,-37.38,43.75
504.4071,358,151,23,26,513.796,0.53,-0.48,0.50,0.48,-9.00,1.34,-1.14,0.02,1.19,0.93,18.25,-37.88,45.56
504.4247,356,166,29,24,513.82,0.52,-0.48,0.52,0.48,-10.92,0.31,-0.91,-0.09,1.09,1.16,18.25,-37.88,45.56
504.443,356,166,29,24,513.841,0.51,-0.48,0.53,0.48,-11.37,0.22,-0.98,-0.04,0.95,1.09,15.75,-41.25,50.00
504.467,356,166,29,24,513.865,0.50,-0.48,0.54,0.48,-11.71,0.64,-1.22,-0.01,0.89,1.03,15.75,-41.25,50.00
504.488,356,183,30,23,513.886,0.49,-0.48,0.55,0.48,-12.03,0.54,-0.96,-0.02,0.77,0.94,9.75,-42.75,49.75
504.511,358,199,30,25,513.908,0.48,-0.48,0.55,0.48,-12.27,0.66,-0.66,0.03,0.68,0.87,9.75,-42.75,49.75
504.5331,358,199,30,25,513.931,0.47,-0.47,0.56,0.48,-12.38,0.78,-0.82,0.02,0.63,0.84,9.75,-42.75,49.75
504.5607,358,213,30,26,513.953,0.46,-0.47,0.57,0.48,-12.73,0.53,-1.05,-0.01,0.53,0.74,5.88,-41.56,47.56
504.5801,359,227,30,27,513.978,0.46,-0.47,0.58,0.49,-13.14,0.27,-0.85,-0.02,0.45,0.52,5.88,-41.56,47.56
504.603,359,238,31,27,514,0.45,-0.47,0.58,0.49,-13.58,0.76,-0.87,-0.01,0.28,0.39,4.00,-42.38,48.25
504.626,359,238,31,27,514.025,0.45,-0.47,0.58,0.49,-13.37,0.66,-1.05,-0.04,0.10,0.30,4.00,-42.38,48.25
504.648,360,245,29,28,514.045,0.45,-0.47,0.58,0.49,-13.49,0.68,-1.01,-0.02,-0.01,0.08,2.56,-41.25,47.19
504.671,360,250,29,27,514.068,0.45,-0.47,0.58,0.49,-14.14,0.02,-0.71,-0.03,-0.10,-0.12,2.56,-41.25,47.19
504.693,360,250,29,27,514.091,0.45,-0.47,0.58,0.49,-14.57,-0.13,-0.78,0.03,-0.22,-0.36,3.19,-40.38,46.75
504.7186,358,248,32,30,514.115,0.46,-0.47,0.58,0.49,-15.06,-0.10,-0.81,0.11,-0.35,-0.56,3.19,-40.38,46.75
504.7381,358,245,33,29,514.136,0.46,-0.47,0.57,0.48,-15.17,0.58,-0.88,0.16,-0.57,-0.75,2.75,-40.69,48.00
504.761,359,237,31,27,514.158,0.47,-0.47,0.57,0.48,-14.28,0.76,-1.24,0.11,-0.94,-0.89,2.75,-40.69,48.00
504.783,359,237,31,27,514.181,0.49,-0.47,0.55,0.48,-13.71,0.65,-0.77,0.11,-1.12,-0.96,2.75,-40.69,48.00
504.806,359,226,30,23,514.203,0.50,-0.47,0.54,0.48,-12.23,0.94,-0.85,0.11,-1.33,-1.11,3.50,-41.75,50.00
504.83,359,226,30,23,514.228,0.51,-0.47,0.53,0.48,-10.49,1.03,-1.37,0.07,-1.48,-1.16,3.50,-41.75,50.00
504.853,360,207,28,24,514.25,0.53,-0.47,0.51,0.48,-8.27,0.91,-1.09,0.04,-1.47,-1.11,9.50,-40.69,49.88
504.8798,361,192,27,21,514.275,0.54,-0.47,0.50,0.49,-6.98,1.01,-1.02,-0.00,-1.46,-1.03,9.50,-40.69,49.88
504.899,361,192,27,21,514.297,0.55,-0.46,0.49,0.49,-5.39,0.90,-0.96,-0.05,-1.36,-0.91,15.38,-41.06,47.50
504.922,359,173,27,20,514.32,0.56,-0.46,0.48,0.49,-3.90,0.62,-0.72,-0.11,-1.00,-0.68,15.38,-41.06,47.50
504.9431,358,158,28,21,514.34,0.57,-0.46,0.47,0.49,-3.20,0.34,-0.51,-0.14,-0.68,-0.50,19.06,-38.88,43.56
504.968,357,143,29,26,514.365,0.58,-0.46,0.46,0.49,-2.95,-0.17,-0.38,-0.14,-0.34,-0.34,19.06,-38.88,43.56
504.989,357,143,29,26,514.387,0.58,-0.46,0.46,0.49,-2.85,0.10,-0.31,-0.01,-0.04,-0.23,20.00,-37.00,40.69
505.012,355,138,31,24,514.41,0.58,-0.46,0.46,0.49,-2.59,1.09,-0.55,-0.04,0.05,-0.07,20.00,-37.00,40.69
505.0406,352,133,32,28,514.43,0.58,-0.47,0.46,0.49,-3.04,-0.14,-0.84,-0.12,0.31,0.26,20.00,-37.00,40.69
505.058,352,133,32,28,514.455,0.57,-0.47,0.47,0.49,-3.70,-0.81,-0.47,-0.09,0.72,0.43,20.75,-36.38,41.19
505.085,356,135,25,28,514.478,0.56,-0.47,0.47,0.49,-5.93,-0.77,-0.45,0.09,1.06,0.44,20.75,-36.38,41.19
505.1062,353,140,28,24,514.5,0.55,-0.47,0.49,0.48,-7.15,-0.14,-0.85,0.14,1.13,0.51,19.75,-37.19,42.50
505.1282,353,145,29,32,514.525,0.55,-0.47,0.50,0.48,-8.85,0.41,-0.63,0.19,1.20,0.74,19.75,-37.19,42.50
505.15,353,145,29,32,514.547,0.54,-0.47,0.51,0.48,-10.38,1.75,-0.31,0.01,1.18,1.12,19.19,-38.69,45.75
505.173,353,145,29,32,514.57,0.53,-0.47,0.52,0.48,-11.73,0.17,-0.72,-0.13,1.17,1.40,19.19,-38.69,45.75
505.2011,354,166,27,23,514.59,0.51,-0.47,0.53,0.48,-12.37,0.05,-1.12,-0.09,1.04,1.31,14.69,-41.00,48.19
505.2207,355,183,28,22,514.615,0.50,-0.47,0.54,0.48,-12.82,0.07,-0.81,-0.00,0.95,1.08,14.69,-41.00,48.19
505.2401,357,198,30,24,514.637,0.49,-0.47,0.55,0.49,-13.14,0.95,-1.17,0.10,0.73,0.91,9.06,-42.19,48.75
505.263,357,198,30,24,514.66,0.48,-0.47,0.56,0.49,-12.81,0.56,-0.66,0.05,0.56,0.89,9.06,-42.19,48.75
505.2841,358,214,30,25,514.68,0.47,-0.46,0.57,0.49,-12.58,0.60,-0.54,0.05,0.40,0.78,9.06,-42.19,48.75
505.3164,360,225,30,28,514.705,0.47,-0.46,0.57,0.49,-12.85,0.81,-0.26,0.06,0.37,0.62,5.88,-42.25,47.19
505.3565,362,234,29,28,514.727,0.46,-0.46,0.58,0.49,-13.19,0.70,-0.37,0.02,0.29,0.42,5.88,-42.25,47.19
505.38,363,242,27,26,514.752,0.46,-0.46,0.58,0.49,-13.28,0.84,-0.56,0.01,0.18,0.27,4.50,-41.19,46.50
505.4002,361,245,32,29,514.777,0.46,-0.46,0.58,0.49,-13.72,0.69,-0.67,-0.01,0.07,0.13,4.50,-41.19,46.50
505.4172,361,245,32,29,514.797,0.46,-0.46,0.58,0.49,-13.75,0.73,-0.61,0.00,-0.12,-0.16,4.00,-41.50,47.19
505.4337,362,243,31,30,514.82,0.46,-0.46,0.58,0.49,-13.75,0.78,-0.57,0.02,-0.26,-0.32,4.00,-41.50,47.19
505.45,362,243,31,30,514.842,0.46,-0.46,0.58,0.49,-13.52,0.20,-0.42,-0.03,-0.39,-0.46,3.25,-42.06,45.69
505.47,362,240,31,29,514.867,0.47,-0.46,0.57,0.49,-13.63,0.20,-0.75,0.06,-0.52,-0.74,3.25,-42.06,45.69
505.4938,362,240,31,29,514.887,0.48,-0.46,0.57,0.49,-13.73,0.45,-0.31,0.07,-0.66,-0.86,4.75,-41.25,46.06
505.5179,362,232,30,27,514.91,0.49,-0.46,0.56,0.49,-13.19,0.44,-0.55,0.03,-0.85,-0.94,4.75,-41.25,46.06
505.5356,362,220,29,26,514.932,0.50,-0.47,0.55,0.49,-12.58,0.42,-0.61,0.00,-0.96,-1.04,4.75,-41.25,46.06
505.56,362,220,29,26,514.957,0.51,-0.47,0.54,0.48,-11.95,0.73,-0.63,0.04,-1.06,-1.24,6.56,-42.00,46.50
505.5821,362,207,28,22,514.977,0.52,-0.47,0.53,0.48,-10.51,0.87,-0.85,0.03,-1.12,-1.27,6.56,-42.00,46.50
505.605,362,191,29,22,515.002,0.54,-0.47,0.51,0.48,-9.30,0.49,-0.58,-0.00,-1.15,-1.23,11.50,-42.38,49.19
505.6301,362,191,29,22,515.026,0.55,-0.47,0.50,0.48,-8.51,0.35,-0.80,-0.03,-1.17,-1.19,11.50,-42.38,49.19
505.6595,360,175,28,21,515.047,0.56,-0.47,0.49,0.48,-6.92,0.56,-0.60,-0.02,-1.12,-1.03,17.69,-40.06,46.50
505.6792,358,160,28,21,515.069,0.57,-0.47,0.47,0.48,-5.85,0.40,-0.54,-0.06,-1.04,-0.83,17.69,-40.06,46.50
505.6998,356,142,30,26,515.092,0.58,-0.47,0.46,0.48,-5.00,-0.02,-0.49,-0.13,-0.91,-0.66,21.06,-38.00,42.88
505.72,356,142,30,26,515.117,0.59,-0.47,0.46,0.48,-3.99,-0.54,-0.82,-0.10,-0.59,-0.52,21.06,-38.00,42.88
505.7424,352,136,32,21,515.137,0.59,-0.47,0.45,0.48,-3.24,-0.28,-0.77,0.00,-0.31,-0.45,22.00,-36.06,39.75
505.765,352,136,32,21,515.162,0.59,-0.47,0.45,0.48,-2.98,0.65,-0.85,0.06,-0.09,-0.26,22.00,-36.06,39.75
505.786,352,136,32,21,515.182,0.59,-0.47,0.45,0.48,-2.73,1.00,-0.53,-0.01,0.07,0.12,22.00,-36.06,39.75
505.8316,354,131,27,21,515.207,0.59,-0.47,0.45,0.48,-2.77,-0.24,-0.53,-0.13,0.43,0.59,23.00,-33.88,39.19
505.8838,353,129,29,22,515.227,0.58,-0.47,0.45,0.48,-3.63,-0.93,-0.40,-0.04,0.78,0.63,23.00,-33.88,39.19
505.9348,353,132,31,23,515.252,0.57,-0.47,0.47,0.48,-5.59,-0.07,-0.42,0.08,1.09,0.58,23.00,-35.38,38.88
505.9953,355,139,31,25,515.276,0.57,-0.47,0.48,0.48,-7.15,0.41,-0.51,0.09,1.25,0.80,23.00,-35.38,38.88
506.016,341,142,45,3,515.299,0.56,-0.47,0.49,0.48,-9.09,0.46,-0.87,0.07,1.30,0.94,22.37,-36.88,40.75
506.0549,357,130,65,18,515.321,0.54,-0.48,0.50,0.47,-10.68,0.98,-0.79,0.04,1.40,0.98,22.37,-36.88,40.75
506.0712,357,130,65,18,515.344,0.53,-0.48,0.52,0.47,-11.95,0.79,-0.88,-0.11,1.33,1.11,19.75,-39.06,45.06
506.1061,352,131,88,20,515.366,0.52,-0.48,0.53,0.48,-12.26,0.43,-0.77,-0.13,0.98,1.30,19.75,-39.06,45.06
506.1398,351,130,98,22,515.389,0.51,-0.48,0.54,0.48,-12.79,0.05,-0.51,-0.12,0.84,1.40,13.88,-41.75,47.69
506.1657,347,130,96,21,515.411,0.49,-0.47,0.55,0.48,-12.56,-0.26,-0.76,-0.09,0.67,1.30,13.88,-41.75,47.69
506.1898,359,129,84,22,515.434,0.48,-0.47,0.56,0.49,-12.36,-0.12,-0.81,0.01,0.60,1.08,13.88,-41.75,47.69
506.209,357,130,97,22,515.457,0.47,-0.47,0.57,0.49,-13.20,0.82,-0.56,0.10,0.58,0.86,9.19,-41.75,47.38
506.2282,354,131,88,21,515.479,0.47,-0.46,0.58,0.49,-13.37,0.20,-0.20,0.07,0.51,0.74,9.19,-41.75,47.38
506.2677,354,131,88,21,515.502,0.46,-0.46,0.58,0.49,-13.43,0.52,-0.77,0.10,0.40,0.48,6.69,-41.50,46.50
506.3162,354,131,88,21,515.526,0.46,-0.46,0.58,0.49,-14.49,0.57,-0.70,0.08,0.35,0.13,6.69,-41.50,46.50
506.3401,351,130,105,22,515.547,0.46,-0.46,0.59,0.49,-16.02,0.16,-0.30,0.09,0.21,-0.06,5.19,-41.75,46.19
506.3614,353,132,108,21,515.569,0.46,-0.46,0.59,0.48,-15.96,0.07,-0.47,0.08,-0.10,-0.24,5.19,-41.75,46.19
506.3779,362,130,90,23,515.592,0.46,-0.46,0.58,0.48,-15.25,0.48,-0.85,0.11,-0.44,-0.43,5.56,-40.50,45.00
506.3946,362,130,90,23,515.614,0.47,-0.46,0.58,0.48,-14.22,0.62,-1.11,0.07,-0.73,-0.61,5.56,-40.50,45.00
506.4139,356,131,91,20,515.637,0.47,-0.46,0.57,0.48,-13.00,0.64,-0.69,0.06,-0.86,-0.76,6.19,-41.19,46.50
506.4305,342,131,96,37,515.659,0.49,-0.46,0.56,0.48,-12.54,0.81,-0.88,0.06,-0.96,-0.90,6.19,-41.19,46.50
506.4551,342,131,96,37,515.682,0.50,-0.46,0.55,0.48,-12.04,0.77,-0.36,0.07,-1.01,-0.99,6.19,-41.19,46.50
506.4714,352,138,58,27,515.704,0.51,-0.46,0.54,0.48,-11.50,0.73,-0.57,0.04,-1.12,-1.17,7.75,-41.06,47.25
506.4882,352,138,58,27,515.727,0.52,-0.46,0.53,0.48,-10.59,0.28,-0.77,0.05,-1.07,-1.26,7.75,-41.06,47.25
506.5092,355,132,44,27,515.751,0.54,-0.47,0.52,0.48,-10.19,0.14,-0.59,0.06,-1.04,-1.30,11.56,-41.88,47.56
506.5276,358,127,38,30,515.774,0.55,-0.47,0.51,0.48,-9.59,0.32,-0.58,0.10,-1.16,-1.15,11.56,-41.88,47.56
506.544,358,127,38,30,515.796,0.56,-0.47,0.49,0.47,-7.71,0.75,-0.87,0.08,-1.19,-0.94,17.50,-40.50,46.25
506.5619,364,127,27,32,515.821,0.57,-0.46,0.48,0.48,-6.33,0.73,-1.16,0.00,-1.14,-0.75,17.50,-40.50,46.25
506.5783,364,127,27,32,515.842,0.58,-0.46,0.47,0.48,-5.02,0.58,-0.18,-0.02,-0.94,-0.56,21.06,-37.88,42.25
506.5947,364,127,27,32,515.866,0.59,-0.46,0.46,0.48,-3.41,0.36,-0.69,-0.13,-0.67,-0.34,21.06,-37.88,42.25
506.6255,360,128,33,37,515.887,0.59,-0.46,0.46,0.48,-2.35,-0.04,-0.81,-0.14,-0.34,-0.15,22.00,-35.56,39.69
506.6418,360,128,33,37,515.911,0.59,-0.46,0.46,0.48,-1.71,0.63,-0.72,-0.08,0.01,0.02,22.00,-35.56,39.69
506.6642,361,138,32,27,515.932,0.59,-0.46,0.46,0.48,-1.81,1.07,0.00,-0.04,0.23,0.23,22.00,-35.56,39.69
506.6815,364,149,26,31,515.956,0.59,-0.46,0.46,0.48,-1.76,1.06,-0.19,-0.15,0.47,0.59,22.69,-35.50,38.38
506.6982,364,149,26,31,515.977,0.58,-0.46,0.47,0.48,-3.38,-0.10,-0.56,-0.17,0.89,0.75,22.69,-35.50,38.38
506.7146,363,175,27,21,516.001,0.57,-0.46,0.48,0.48,-4.89,-0.45,-0.08,-0.10,1.28,0.77,22.87,-36.69,38.06
506.731,363,175,27,21,516.024,0.56,-0.47,0.49,0.48,-6.75,-0.68,-1.11,0.03,1.57,0.69,22.87,-36.69,38.06
506.7498,364,192,28,22,516.046,0.55,-0.47,0.50,0.48,-10.29,0.74,-0.86,0.14,1.71,0.69,23.25,-37.06,40.75
506.7768,365,209,29,24,516.071,0.53,-0.48,0.52,0.47,-12.08,2.14,-0.94,0.01,1.61,0.95,23.25,-37.06,40.75
506.793,365,209,29,24,516.093,0.51,-0.48,0.53,0.47,-13.49,0.86,-1.38,-0.23,1.31,1.34,19.19,-40.06,46.19
506.8124,364,221,30,26,516.116,0.50,-0.48,0.54,0.48,-14.19,-0.38,-1.45,-0.18,0.95,1.23,19.19,-40.06,46.19
506.8293,366,231,29,26,516.136,0.49,-0.47,0.56,0.48,-14.33,0.47,-0.81,-0.05,0.72,0.98,13.38,-41.56,46.88
506.8466,366,231,29,26,516.161,0.48,-0.47,0.56,0.48,-13.70,1.18,-1.19,-0.09,0.42,0.86,13.38,-41.56,46.88
506.865,364,237,31,29,516.184,0.47,-0.47,0.57,0.48,-12.84,0.17,-0.76,-0.13,0.25,0.91,9.00,-42.00,46.19
506.8815,364,237,31,29,516.206,0.47,-0.47,0.57,0.49,-12.24,-0.12,-0.77,-0.08,0.13,0.63,9.00,-42.00,46.19
506.9016,364,240,31,30,516.227,0.46,-0.46,0.57,0.49,-11.86,0.31,-0.81,0.00,0.09,0.38,9.00,-42.00,46.19
506.9232,364,240,31,30,516.251,0.46,-0.46,0.58,0.49,-11.74,0.61,-0.90,0.01,0.12,0.25,6.88,-41.25,47.25
506.9429,367,245,24,25,516.274,0.46,-0.46,0.58,0.49,-11.86,0.77,-1.03,0.02,0.11,0.26,6.88,-41.25,47.25
506.9593,367,245,24,25,516.296,0.46,-0.46,0.58,0.49,-12.03,0.53,-0.69,-0.01,0.03,0.21,7.00,-41.88,43.75
506.9813,364,243,31,29,516.319,0.46,-0.46,0.58,0.49,-12.27,0.44,-0.93,-0.00,-0.04,0.00,7.00,-41.88,43.75
506.9976,364,243,31,29,516.339,0.46,-0.46,0.58,0.49,-12.57,1.11,-0.89,0.06,-0.04,-0.22,6.50,-41.50,43.75
507.0143,365,240,29,28,516.364,0.46,-0.46,0.57,0.49,-12.95,0.93,-0.81,0.01,-0.16,-0.32,6.50,-41.50,43.75
507.0305,365,240,29,28,516.386,0.47,-0.46,0.57,0.49,-13.39,0.31,-0.71,0.06,-0.28,-0.44,6.50,-41.75,45.38
507.0473,364,234,30,28,516.409,0.47,-0.47,0.57,0.49,-13.84,0.39,-0.62,0.08,-0.42,-0.61,6.50,-41.75,45.38
507.0638,364,234,30,28,516.429,0.48,-0.47,0.56,0.49,-13.92,0.33,-0.47,0.11,-0.57,-0.75,6.50,-41.75,45.38
507.0911,365,226,29,25,516.454,0.49,-0.47,0.56,0.48,-13.57,0.15,-0.39,0.10,-0.79,-0.93,6.50,-40.56,45.69
507.1077,365,226,29,25,516.476,0.50,-0.47,0.55,0.48,-13.24,0.26,-0.43,0.11,-0.91,-1.07,6.50,-40.56,45.69
507.1248,365,213,29,24,516.499,0.51,-0.47,0.53,0.48,-12.60,0.68,-0.28,0.14,-1.05,-1.13,8.25,-41.75,46.56
507.1431,366,198,27,23,516.524,0.52,-0.47,0.52,0.48,-11.56,1.04,-0.60,0.09,-1.28,-1.14,8.25,-41.75,46.56
507.1596,366,198,27,23,516.546,0.54,-0.47,0.51,0.48,-10.21,0.83,-0.68,0.03,-1.37,-1.10,13.19,-41.38,45.69
507.1792,363,183,28,20,516.569,0.55,-0.47,0.49,0.48,-8.57,0.73,-0.78,-0.01,-1.42,-1.06,13.19,-41.38,45.69
507.197,363,183,28,20,516.591,0.57,-0.46,0.48,0.48,-6.99,0.76,-0.67,-0.05,-1.38,-1.00,19.50,-40.25,44.56
507.221,363,167,28,21,516.614,0.57,-0.46,0.47,0.48,-5.94,0.68,-0.71,-0.14,-1.18,-0.83,19.50,-40.25,44.56
507.2476,360,145,29,31,516.636,0.59,-0.46,0.46,0.48,-4.04,0.41,-0.57,-0.17,-0.99,-0.67,22.00,-36.88,40.69
507.268,360,145,29,31,516.659,0.59,-0.46,0.45,0.49,-2.89,-0.15,-0.70,-0.18,-0.73,-0.52,22.00,-36.88,40.69
507.2881,357,139,30,25,516.681,0.59,-0.46,0.44,0.49,-2.51,0.09,-0.69,-0.10,-0.44,-0.36,22.00,-36.88,40.69
507.311,357,134,28,24,516.704,0.60,-0.46,0.44,0.49,-2.19,0.87,-0.16,-0.05,-0.07,0.02,23.37,-35.38,38.25
507.333,357,134,28,24,516.726,0.59,-0.46,0.44,0.49,-2.43,0.35,-0.44,-0.15,0.19,0.33,23.37,-35.38,38.25
507.357,357,130,26,28,516.751,0.59,-0.46,0.45,0.49,-2.96,-0.46,-0.33,-0.19,0.55,0.50,24.00,-34.50,37.06
507.381,357,130,26,28,516.773,0.58,-0.47,0.45,0.49,-4.44,-0.91,-0.39,-0.02,0.99,0.56,24.00,-34.50,37.06
507.41,356,129,26,30,516.796,0.57,-0.47,0.46,0.49,-6.29,-0.05,-0.69,0.05,1.13,0.67,24.19,-35.38,36.69
507.428,354,135,31,27,516.82,0.56,-0.47,0.48,0.49,-7.39,0.05,-0.71,0.08,1.23,0.85,24.19,-35.38,36.69
507.45,357,145,27,23,516.843,0.55,-0.47,0.49,0.48,-8.88,0.39,-0.72,0.06,1.31,0.96,23.56,-38.19,40.25
507.472,357,145,27,23,516.866,0.54,-0.47,0.50,0.48,-10.97,1.57,-0.77,-0.12,1.26,1.25,23.56,-38.19,40.25
507.494,357,159,27,22,516.886,0.52,-0.47,0.52,0.49,-11.56,0.27,-0.31,-0.20,1.12,1.46,19.75,-40.69,44.25
507.518,357,176,27,22,516.911,0.51,-0.47,0.53,0.49,-11.59,0.18,-0.84,-0.11,0.97,1.37,19.75,-40.69,44.25
507.54,357,176,27,22,516.933,0.50,-0.47,0.54,0.49,-11.55,0.57,-0.66,-0.05,0.89,1.14,14.69,-41.75,45.56
507.5666,359,194,29,23,516.956,0.49,-0.47,0.54,0.49,-12.36,0.34,-1.05,-0.04,0.96,0.99,14.69,-41.75,45.56
507.5868,359,212,30,23,516.976,0.48,-0.47,0.56,0.49,-13.25,0.38,-0.54,0.00,0.98,0.88,14.69,-41.75,45.56
507.6164,360,227,28,25,517.001,0.47,-0.47,0.57,0.49,-13.94,0.58,-0.13,0.09,0.77,0.81,9.88,-41.69,45.06
507.6328,360,227,28,25,517.023,0.46,-0.47,0.57,0.49,-13.72,0.69,-1.28,0.04,0.39,0.65,9.88,-41.69,45.06
507.6648,358,239,30,28,517.046,0.45,-0.46,0.58,0.49,-14.36,0.51,-0.86,0.03,0.45,0.48,7.00,-41.25,44.06
507.6816,360,249,29,28,517.07,0.45,-0.46,0.58,0.49,-15.13,0.59,-0.39,0.02,0.26,0.23,7.00,-41.25,44.06
507.7062,360,249,29,28,517.093,0.45,-0.46,0.58,0.49,-15.19,0.79,-0.83,0.02,-0.08,-0.04,6.25,-42.00,42.75
507.7271,358,254,31,30,517.115,0.45,-0.46,0.58,0.49,-14.82,0.43,-0.62,0.02,-0.25,-0.24,6.25,-42.00,42.75
507.7553,358,255,31,29,517.136,0.46,-0.46,0.58,0.49,-14.51,0.23,-0.52,0.04,-0.39,-0.49,5.75,-41.19,42.00
507.7719,358,255,31,29,517.16,0.46,-0.46,0.57,0.49,-14.34,0.39,-0.77,0.08,-0.55,-0.75,5.75,-41.19,42.00
507.7901,359,250,30,28,517.183,0.47,-0.47,0.57,0.49,-14.20,0.46,-0.38,0.10,-0.73,-0.95,6.50,-40.69,42.38
507.812,359,241,31,27,517.206,0.48,-0.47,0.56,0.49,-13.75,0.60,-0.32,0.06,-0.89,-1.07,6.50,-40.69,42.38
507.834,359,241,31,27,517.226,0.50,-0.47,0.54,0.49,-13.05,0.43,-0.62,0.04,-1.02,-1.18,6.50,-40.69,42.38
507.858,359,230,30,24,517.251,0.51,-0.47,0.53,0.49,-12.50,0.46,-0.57,0.09,-1.12,-1.28,7.56,-41.38,44.00
507.8824,362,214,27,23,517.273,0.52,-0.47,0.52,0.48,-10.75,1.21,-0.59,0.13,-1.29,-1.40,7.56,-41.38,44.00
507.9041,362,214,27,23,517.296,0.54,-0.47,0.50,0.48,-8.98,1.88,-1.25,0.10,-1.38,-1.25,12.38,-41.38,45.56
507.9291,360,197,28,21,517.32,0.55,-0.47,0.49,0.48,-7.70,1.27,-0.93,-0.01,-1.35,-1.00,12.38,-41.38,45.56
507.9505,359,179,28,21,517.343,0.56,-0.47,0.48,0.48,-5.89,0.54,-0.97,-0.08,-1.22,-0.92,19.06,-40.25,45.06
507.973,359,162,27,21,517.365,0.57,-0.47,0.47,0.49,-4.22,0.71,-0.90,-0.03,-1.02,-0.81,19.06,-40.25,45.06
507.995,359,162,27,21,517.386,0.58,-0.46,0.46,0.49,-3.45,0.68,-0.81,-0.06,-0.84,-0.61,23.06,-37.00,41.19
508.0191,357,147,28,24,517.41,0.59,-0.46,0.45,0.49,-2.41,0.31,-0.75,-0.10,-0.61,-0.38,23.06,-37.00,41.19
508.0426,357,147,28,24,517.433,0.59,-0.46,0.45,0.49,-1.75,0.81,-0.93,-0.01,-0.24,-0.01,24.25,-35.56,38.88
508.0701,355,139,31,25,517.455,0.59,-0.46,0.45,0.49,-1.67,0.91,-0.57,-0.03,0.07,0.23,24.25,-35.56,38.88
508.0882,359,137,23,27,517.478,0.59,-0.46,0.45,0.49,-2.41,0.62,-0.98,-0.07,0.43,0.45,24.25,-35.56,38.88
508.1146,359,137,23,27,517.5,0.58,-0.46,0.46,0.49,-3.68,-0.01,-0.12,-0.05,0.78,0.61,24.75,-35.88,37.19
508.1396,359,140,23,23,517.523,0.57,-0.46,0.46,0.49,-4.91,-0.20,-0.99,-0.02,1.11,0.74,24.75,-35.88,37.19
508.157,356,143,29,25,517.548,0.56,-0.47,0.48,0.49,-6.56,0.25,-1.06,0.08,1.37,0.83,24.25,-37.06,39.38
508.1801,356,155,28,22,517.572,0.55,-0.47,0.49,0.49,-8.82,1.32,-1.38,0.12,1.51,0.97,24.25,-37.06,39.38
508.2021,356,155,28,22,517.595,0.53,-0.47,0.51,0.49,-11.21,0.75,-1.33,-0.10,1.33,1.39,22.00,-40.06,41.69
508.2251,357,172,27,21,517.617,0.51,-0.47,0.52,0.49,-12.00,0.49,-1.02,-0.09,1.23,1.40,22.00,-40.06,41.69
508.2471,358,190,28,22,517.638,0.50,-0.47,0.54,0.49,-12.80,0.58,-0.66,0.03,1.15,1.28,16.75,-41.25,46.00
508.2701,358,190,28,22,517.662,0.49,-0.47,0.55,0.49,-13.21,0.46,-0.67,0.07,0.98,1.04,16.75,-41.25,46.00
508.292,359,208,28,24,517.685,0.48,-0.47,0.56,0.49,-14.15,0.74,-0.42,0.02,0.89,0.88,10.50,-42.00,45.19
508.315,360,226,26,24,517.707,0.47,-0.47,0.57,0.49,-14.73,0.70,-0.41,-0.01,0.75,0.79,10.50,-42.00,45.19
508.337,360,226,26,24,517.728,0.46,-0.46,0.57,0.49,-14.66,0.54,-0.49,-0.02,0.52,0.69,10.50,-42.00,45.19
508.3628,358,238,30,29,517.752,0.46,-0.46,0.58,0.49,-14.32,0.56,-0.37,-0.04,0.17,0.41,8.25,-40.88,43.25
508.3831,357,248,31,28,517.775,0.46,-0.46,0.58,0.49,-13.82,0.66,-0.72,-0.04,0.06,0.23,8.25,-40.88,43.25
508.406,357,248,31,28,517.797,0.46,-0.46,0.58,0.49,-13.84,0.17,-0.29,-0.05,0.01,0.06,7.19,-42.00,42.06
508.4301,360,255,25,24,517.822,0.46,-0.46,0.58,0.49,-13.84,-0.16,-0.29,0.00,-0.19,-0.29,7.19,-42.00,42.06
508.452,360,255,25,24,517.842,0.46,-0.46,0.58,0.49,-14.15,0.13,-0.24,0.04,-0.28,-0.46,6.75,-41.19,42.38
508.475,357,253,31,29,517.867,0.47,-0.46,0.57,0.49,-13.96,0.62,-0.81,0.08,-0.45,-0.63,6.75,-41.19,42.38
508.4962,356,250,32,29,517.888,0.47,-0.47,0.56,0.49,-13.76,0.96,-0.65,0.05,-0.59,-0.76,6.69,-40.69,42.38
508.5212,357,244,31,26,517.912,0.48,-0.47,0.56,0.49,-13.16,0.85,-0.56,-0.00,-0.85,-0.88,6.69,-40.69,42.38
508.5421,357,244,31,26,517.933,0.49,-0.47,0.55,0.49,-12.00,0.55,-0.40,-0.03,-0.95,-0.97,7.38,-41.38,44.25
508.565,359,232,29,26,517.955,0.50,-0.47,0.54,0.49,-11.69,0.18,-0.53,-0.01,-0.97,-1.09,7.38,-41.38,44.25
508.587,358,220,30,23,517.978,0.51,-0.47,0.53,0.49,-10.91,0.23,-0.61,0.01,-1.00,-1.21,7.38,-41.38,44.25
508.611,358,220,30,23,518.002,0.53,-0.47,0.52,0.49,-10.53,0.18,-0.63,0.10,-1.03,-1.23,10.38,-41.38,44.06
508.6331,360,204,27,24,518.025,0.54,-0.47,0.51,0.48,-9.19,1.07,-0.49,0.11,-1.11,-1.12,10.38,-41.38,44.06
508.656,359,188,27,23,518.047,0.55,-0.47,0.49,0.48,-8.01,1.23,-0.84,0.04,-1.10,-0.95,15.19,-40.19,44.75
508.6801,359,188,27,23,518.072,0.56,-0.47,0.48,0.48,-7.37,1.00,-0.80,-0.11,-1.01,-0.77,15.19,-40.19,44.75
508.703,356,174,28,21,518.094,0.57,-0.47,0.47,0.48,-5.80,0.52,-1.00,-0.18,-0.90,-0.73,21.87,-39.50,43.69
508.726,356,159,29,22,518.117,0.58,-0.47,0.46,0.49,-5.03,0.07,-0.81,-0.16,-0.69,-0.61,21.87,-39.50,43.69
508.748,356,147,27,22,518.139,0.58,-0.47,0.45,0.49,-4.14,-0.27,-0.77,-0.13,-0.56,-0.46,23.69,-36.88,40.50
508.771,356,147,27,22,518.162,0.58,-0.47,0.45,0.49,-3.56,0.27,-0.85,-0.07,-0.29,-0.17,23.69,-36.88,40.50
508.793,356,147,27,22,518.184,0.58,-0.47,0.45,0.49,-3.18,0.53,-0.71,-0.08,-0.07,0.13,25.25,-35.50,38.75
508.8161,353,139,31,23,518.207,0.58,-0.47,0.45,0.49,-3.12,0.11,-0.73,-0.12,0.17,0.38,25.25,-35.50,38.75
508.8418,355,138,27,23,518.23,0.58,-0.47,0.45,0.49,-3.37,-0.34,-0.56,-0.09,0.44,0.46,25.25,-35.50,38.75
508.8639,352,136,30,25,518.252,0.57,-0.47,0.46,0.49,-4.81,-0.07,-0.60,0.02,0.87,0.55,24.56,-36.25,38.00
508.8839,352,139,32,23,518.273,0.56,-0.47,0.47,0.49,-6.00,0.19,-0.31,0.04,1.05,0.71,24.56,-36.25,38.00
508.9061,352,139,32,23,518.297,0.55,-0.47,0.48,0.49,-6.80,0.42,-0.74,0.02,1.17,0.85,24.37,-37.50,39.50
508.9301,357,149,24,23,518.322,0.54,-0.48,0.49,0.49,-8.94,1.20,-0.27,-0.06,1.30,1.04,24.37,-37.50,39.50
508.952,355,163,28,23,518.342,0.53,-0.48,0.50,0.49,-11.00,0.94,-0.54,-0.16,1.26,1.24,21.69,-39.00,41.38
508.976,355,163,28,23,518.367,0.51,-0.48,0.52,0.49,-11.90,-0.20,-1.19,-0.12,1.15,1.22,21.69,-39.00,41.38
509.0015,356,179,28,23,518.387,0.50,-0.48,0.53,0.49,-13.45,-0.67,-0.38,0.02,1.11,1.03,18.00,-42.00,45.69
509.021,357,196,29,24,518.412,0.49,-0.48,0.54,0.49,-14.39,0.19,-0.23,0.10,0.73,0.82,18.00,-42.00,45.69
509.0431,356,213,30,24,518.432,0.49,-0.47,0.54,0.49,-14.50,0.17,-0.89,0.06,0.51,0.80,12.06,-41.88,46.06
509.0661,356,213,30,24,518.457,0.48,-0.47,0.55,0.49,-14.34,-0.03,-0.71,0.05,0.33,0.70,12.06,-41.88,46.06
509.088,356,225,30,27,518.477,0.48,-0.47,0.56,0.49,-14.13,0.54,-0.17,0.03,0.14,0.57,12.06,-41.88,46.06
509.1111,356,225,30,27,518.502,0.47,-0.47,0.56,0.50,-13.30,0.70,-0.54,-0.02,-0.09,0.44,9.19,-41.38,43.88
509.1331,356,233,31,29,518.522,0.47,-0.46,0.56,0.50,-12.21,0.39,-0.75,-0.01,-0.19,0.22,9.19,-41.38,43.88
509.1561,356,233,31,29,518.547,0.47,-0.46,0.56,0.50,-11.39,1.01,-0.83,0.03,-0.21,0.02,7.25,-39.88,43.50
509.18,358,238,29,28,518.569,0.47,-0.46,0.56,0.50,-10.99,1.09,-0.75,0.01,-0.24,-0.08,7.25,-39.88,43.50
509.202,358,239,30,28,518.592,0.48,-0.46,0.56,0.50,-10.01,1.02,-0.44,-0.02,-0.24,-0.10,8.38,-41.50,43.06
509.226,358,238,30,29,518.617,0.48,-0.46,0.55,0.50,-9.75,0.74,-0.57,-0.03,-0.20,-0.16,8.38,-41.50,43.06
509.2564,358,238,30,29,518.637,0.48,-0.46,0.55,0.50,-9.75,0.65,-0.69,0.01,-0.14,-0.23,7.56,-41.38,42.69
509.2768,358,236,31,29,518.662,0.48,-0.46,0.55,0.50,-9.93,0.76,-0.44,0.01,-0.19,-0.26,7.56,-41.38,42.69
509.2996,358,233,31,28,518.682,0.48,-0.46,0.55,0.50,-9.96,0.70,-0.43,0.01,-0.19,-0.19,9.38,-41.88,42.69
509.3236,359,231,29,28,518.705,0.49,-0.46,0.55,0.50,-10.29,0.50,-0.25,0.02,-0.18,-0.14,9.38,-41.88,42.69
509.3401,359,231,29,28,518.727,0.49,-0.46,0.55,0.50,-10.59,0.62,0.00,0.01,-0.22,-0.16,9.38,-41.88,42.69
509.361,359,229,28,26,518.75,0.49,-0.46,0.54,0.50,-10.47,0.76,-0.24,-0.05,-0.29,-0.21,8.69,-40.75,43.50
509.383,358,225,31,28,518.772,0.50,-0.46,0.54,0.50,-10.44,0.77,0.00,-0.08,-0.30,-0.22,8.69,-40.75,43.50
509.406,358,225,31,28,518.797,0.50,-0.46,0.54,0.50,-10.51,0.67,0.20,-0.09,-0.34,-0.21,9.75,-42.38,43.38
509.4301,360,222,27,26,518.819,0.50,-0.46,0.53,0.50,-10.19,0.78,0.03,-0.17,-0.35,-0.22,9.75,-42.38,43.38
509.452,359,218,30,27,518.842,0.50,-0.46,0.53,0.51,-9.98,0.50,-0.28,-0.20,-0.28,-0.27,9.50,-42.00,43.75
509.476,359,218,30,27,518.864,0.50,-0.46,0.52,0.51,-9.95,0.16,-0.20,-0.17,-0.29,-0.35,9.50,-42.00,43.75
509.4972,359,218,30,27,518.887,0.51,-0.46,0.52,0.51,-9.54,0.38,-0.31,-0.08,-0.42,-0.38,11.00,-42.50,43.69
509.521,359,212,30,27,518.909,0.51,-0.46,0.52,0.51,-8.87,0.50,-0.54,-0.07,-0.45,-0.36,11.00,-42.50,43.69
509.543,359,206,30,28,518.932,0.52,-0.46,0.51,0.51,-8.50,0.76,-0.50,-0.09,-0.32,-0.31,13.25,-42.50,44.38
509.5661,359,201,30,28,518.957,0.52,-0.46,0.51,0.51,-8.22,0.92,-0.82,-0.18,-0.20,-0.23,13.25,-42.50,44.38
509.588,359,201,30,28,518.977,0.52,-0.47,0.50,0.51,-8.28,0.57,-0.73,-0.20,-0.04,-0.16,13.25,-42.50,44.38
509.611,359,196,30,28,519,0.52,-0.47,0.50,0.51,-8.82,0.42,0.02,-0.15,-0.02,-0.15,14.69,-42.75,44.50
509.633,359,194,30,27,519.022,0.52,-0.47,0.50,0.51,-9.03,0.65,0.35,-0.14,-0.12,-0.08,14.69,-42.75,44.50
509.6573,359,191,31,28,519.047,0.52,-0.47,0.50,0.51,-9.08,0.52,0.18,-0.12,-0.18,0.03,15.06,-41.88,44.50
509.68,359,191,31,28,519.069,0.52,-0.47,0.50,0.51,-9.30,-0.04,0.34,-0.14,-0.06,0.08,15.06,-41.88,44.50
509.703,359,191,30,26,519.092,0.52,-0.47,0.50,0.51,-9.53,-0.01,0.02,-0.15,0.06,0.04,16.56,-42.56,44.19
509.7264,360,189,31,26,519.116,0.52,-0.47,0.50,0.51,-9.92,0.10,-0.35,-0.09,0.24,0.09,16.56,-42.56,44.19
509.7481,360,188,31,28,519.137,0.51,-0.47,0.50,0.51,-10.96,-0.24,0.94,-0.06,0.30,0.04,15.69,-42.75,44.69
509.771,360,188,31,28,519.159,0.51,-0.47,0.50,0.51,-10.54,0.64,1.59,-0.14,-0.13,0.06,15.69,-42.75,44.69
509.793,360,187,30,28,519.182,0.51,-0.47,0.50,0.52,-9.12,0.67,-0.38,-0.30,-0.08,0.06,16.75,-42.00,44.75
509.8171,361,185,31,28,519.204,0.51,-0.48,0.50,0.52,-8.85,0.23,-0.83,-0.35,0.33,-0.03,16.75,-42.00,44.75
509.838,361,185,31,28,519.227,0.51,-0.48,0.50,0.51,-10.13,-0.38,-0.92,-0.20,0.77,-0.17,16.75,-42.00,44.75
509.861,361,185,31,28,519.249,0.50,-0.49,0.50,0.51,-11.06,-0.18,1.25,-0.01,0.39,-0.59,17.87,-42.56,44.88
509.8844,359,183,32,29,519.272,0.51,-0.49,0.50,0.50,-10.19,0.75,-0.47,-0.07,-0.10,-0.51,17.87,-42.56,44.88
509.9073,358,180,32,30,519.297,0.51,-0.49,0.49,0.50,-9.07,0.85,-1.21,-0.21,-0.06,-0.28,16.75,-42.50,46.56
509.9312,355,177,32,30,519.319,0.51,-0.50,0.49,0.50,-8.75,0.31,-0.89,-0.33,0.10,-0.20,16.75,-42.50,46.56
509.954,355,177,32,30,519.342,0.51,-0.50,0.49,0.50,-9.03,-0.22,-0.88,-0.21,0.11,-0.19,19.37,-42.75,47.00
509.9796,354,176,32,29,519.366,0.51,-0.50,0.49,0.50,-8.48,0.12,0.25,-0.10,-0.16,-0.14,19.37,-42.75,47.00
510.0034,353,174,32,29,519.389,0.51,-0.50,0.49,0.51,-7.91,0.69,-1.32,-0.15,-0.22,0.02,20.06,-41.88,46.50
510.0234,353,174,31,29,519.411,0.51,-0.50,0.48,0.51,-8.42,-0.16,-0.31,-0.14,-0.09,0.15,20.06,-41.88,46.50
510.044,353,174,31,29,519.434,0.51,-0.50,0.48,0.51,-9.01,-0.50,-0.10,-0.11,-0.19,0.14,20.06,-42.50,45.38
510.069,352,174,32,29,519.456,0.51,-0.50,0.48,0.51,-9.82,-0.26,-0.57,-0.01,-0.05,0.16,20.06,-42.50,45.38
510.091,352,177,32,29,519.479,0.50,-0.50,0.48,0.51,-10.52,-0.15,-0.10,0.02,0.15,-0.01,18.56,-42.19,46.06
510.1131,352,177,32,29,519.501,0.50,-0.50,0.49,0.51,-11.16,0.04,-0.61,0.00,0.19,-0.06,18.56,-42.19,46.06
510.1404,353,178,33,30,519.524,0.50,-0.50,0.49,0.51,-11.11,-0.32,-0.50,-0.01,0.15,-0.06,18.56,-42.19,46.06
510.1638,352,181,33,31,519.548,0.50,-0.50,0.49,0.51,-10.97,-0.51,-0.17,0.01,0.07,-0.01,18.37,-42.50,45.25
510.1834,352,183,33,29,519.571,0.50,-0.50,0.49,0.51,-10.41,-0.09,-0.20,0.05,-0.09,0.04,18.37,-42.50,45.25
510.205,352,183,33,29,519.593,0.50,-0.50,0.49,0.51,-10.04,0.18,-0.20,0.05,-0.13,0.04,17.19,-42.06,47.25
510.23,352,183,33,29,519.618,0.50,-0.50,0.49,0.51,-9.89,0.24,-0.11,0.01,-0.15,0.04,17.19,-42.06,47.25
510.251,352,184,33,29,519.641,0.51,-0.50,0.49,0.51,-9.35,-0.22,0.01,-0.05,-0.14,0.06,17.56,-42.38,47.00
510.2741,353,182,33,30,519.663,0.51,-0.50,0.48,0.51,-9.29,-0.29,-0.02,-0.02,-0.08,0.04,17.56,-42.38,47.00
510.2991,355,183,29,28,519.684,0.51,-0.50,0.48,0.51,-9.39,-0.20,0.01,0.01,-0.03,0.03,18.00,-43.38,47.88
510.32,355,183,29,28,519.708,0.51,-0.50,0.48,0.51,-9.65,0.08,-0.15,0.01,0.01,0.02,18.00,-43.38,47.88
510.3421,354,183,32,29,519.731,0.50,-0.50,0.49,0.51,-9.87,-0.04,0.00,-0.01,-0.01,0.04,17.19,-41.38,46.38
510.3665,355,183,31,28,519.753,0.50,-0.50,0.49,0.51,-9.87,-0.17,-0.09,-0.01,-0.04,0.06,17.19,-41.38,46.38
510.3861,354,183,33,30,519.774,0.50,-0.50,0.49,0.51,-9.88,-0.27,0.15,-0.00,-0.05,0.05,17.19,-41.38,46.38
510.4091,354,183,33,30,519.798,0.50,-0.49,0.49,0.51,-9.80,-0.10,-0.04,-0.00,-0.05,0.04,18.00,-41.75,45.50
510.4321,355,183,33,30,519.821,0.50,-0.50,0.49,0.51,-9.85,0.09,-0.07,0.01,0.00,0.03,18.00,-41.75,45.50
510.455,355,183,33,30,519.843,0.50,-0.49,0.49,0.51,-9.91,0.16,-0.07,0.00,-0.00,0.04,17.56,-43.38,45.88
510.4791,356,184,32,28,519.868,0.50,-0.49,0.49,0.51,-9.89,0.11,0.00,0.00,-0.05,0.02,17.56,-43.38,45.88
510.501,356,185,32,28,519.888,0.50,-0.49,0.49,0.51,-9.78,0.17,-0.10,0.00,-0.06,0.01,18.00,-42.88,45.50
510.5221,357,185,30,27,519.911,0.50,-0.49,0.49,0.52,-9.77,0.05,0.05,-0.02,-0.05,0.02,18.00,-42.88,45.50
510.544,357,185,30,27,519.931,0.50,-0.49,0.49,0.52,-9.71,0.04,-0.12,-0.02,-0.03,0.00,17.56,-42.19,46.25
510.568,357,185,30,27,519.956,0.50,-0.49,0.49,0.51,-9.79,0.05,-0.10,-0.00,0.02,-0.01,17.56,-42.19,46.25
510.5901,357,185,30,28,519.979,0.50,-0.50,0.49,0.51,-9.84,0.02,0.00,0.00,0.01,-0.01,18.00,-43.00,45.88
510.6227,356,184,33,30,519.999,0.50,-0.50,0.49,0.51,-9.76,0.05,-0.11,-0.01,-0.02,0.00,18.00,-43.00,45.88
510.644,356,185,32,29,520.022,0.50,-0.50,0.49,0.51,-9.81,0.00,-0.11,-0.01,-0.03,0.01,18.00,-43.00,45.88
510.6668,356,185,32,29,520.046,0.50,-0.50,0.49,0.51,-9.79,-0.16,-0.03,-0.01,-0.01,-0.01,15.75,-42.25,45.19
510.6838,356,185,32,29,520.069,0.50,-0.50,0.49,0.51,-9.85,0.04,-0.11,0.01,0.00,-0.00,15.75,-42.25,45.19
510.704,356,185,32,29,520.091,0.50,-0.50,0.49,0.51,-9.90,-0.06,-0.06,0.01,-0.02,0.01,18.00,-42.56,45.50
510.726,357,185,31,29,520.114,0.50,-0.50,0.49,0.51,-9.91,-0.13,-0.07,0.02,-0.05,-0.00,18.00,-42.56,45.50
510.747,357,185,31,29,520.134,0.50,-0.50,0.49,0.51,-9.65,0.11,0.03,0.01,-0.07,-0.01,17.56,-43.00,46.69
510.771,356,185,32,28,520.159,0.50,-0.50,0.49,0.51,-9.55,0.15,-0.12,-0.02,-0.01,0.02,17.56,-43.00,46.69
510.7998,358,186,29,27,520.179,0.50,-0.50,0.49,0.51,-9.68,-0.04,0.21,-0.03,0.03,0.01,17.56,-42.50,45.50
510.8163,358,186,29,27,520.202,0.50,-0.50,0.49,0.51,-9.77,0.03,-0.02,-0.00,0.02,0.00,17.56,-42.50,45.50
510.8373,356,185,33,29,520.224,0.50,-0.50,0.49,0.51,-9.80,0.07,0.03,-0.01,-0.00,0.01,17.56,-42.50,45.50
510.8601,357,185,30,28,520.247,0.50,-0.50,0.49,0.51,-9.89,0.09,-0.11,-0.02,0.01,0.01,16.56,-42.25,45.88
510.882,357,185,30,28,520.269,0.50,-0.50,0.49,0.51,-10.01,0.05,-0.08,-0.02,-0.00,-0.00,16.56,-42.25,45.88
510.905,356,185,32,29,520.292,0.50,-0.50,0.49,0.51,-9.99,0.05,0.04,-0.02,-0.02,0.01,17.19,-42.25,45.19
510.9291,356,185,32,29,520.316,0.50,-0.50,0.49,0.51,-9.86,-0.08,0.02,-0.03,-0.07,0.01,17.19,-42.25,45.19
510.9544,356,185,33,29,520.339,0.50,-0.50,0.49,0.51,-9.65,-0.14,-0.10,-0.03,-0.09,-0.00,17.19,-43.00,45.50
510.9758,356,185,32,28,520.359,0.50,-0.50,0.49,0.51,-9.78,-0.13,0.26,-0.02,-0.06,-0.04,17.19,-43.00,45.50
510.9963,356,185,33,29,520.382,0.50,-0.50,0.49,0.51,-9.78,0.09,-0.40,-0.03,-0.05,0.04,17.56,-42.56,45.88
511.019,356,185,33,29,520.407,0.50,-0.50,0.49,0.51,-9.88,-0.31,0.05,-0.04,-0.01,0.07,17.56,-42.56,45.88
511.04,357,185,31,28,520.427,0.50,-0.50,0.49,0.51,-9.98,-0.33,-0.12,0.03,-0.08,0.01,16.56,-43.00,46.69
511.0631,356,185,33,29,520.45,0.50,-0.50,0.49,0.52,-10.06,0.11,-0.20,0.02,-0.09,0.01,16.56,-43.00,46.69
511.085,356,185,33,29,520.472,0.50,-0.50,0.49,0.52,-10.09,0.07,-0.05,-0.00,-0.11,0.05,16.56,-43.00,46.69
511.1108,357,184,32,29,520.495,0.50,-0.50,0.49,0.52,-9.99,-0.02,0.05,-0.02,-0.13,0.08,17.56,-43.38,44.69
511.132,359,185,31,28,520.519,0.50,-0.49,0.49,0.52,-9.93,0.20,0.16,0.00,-0.17,0.06,17.56,-43.38,44.69
511.153,359,185,31,28,520.54,0.50,-0.49,0.49,0.52,-9.94,0.50,0.32,-0.02,-0.16,0.02,18.37,-43.00,44.25
511.177,359,185,32,29,520.564,0.50,-0.49,0.48,0.52,-9.86,0.47,0.52,-0.04,-0.18,0.05,18.37,-43.00,44.25
