1718.53,367,168,30,27,6634.203,-0.09,-0.69,0.01,0.72,-9.99,1.68,0.35,-0.00,0.13,-0.02,37.06,-14.50,2.00
1718.552,368,169,30,26,6634.227,-0.09,-0.69,0.01,0.72,-10.49,2.27,0.38,-0.01,0.09,-0.06,37.06,-14.50,2.00
1718.581,368,168,30,26,6634.248,-0.09,-0.69,0.01,0.72,-10.02,1.49,0.00,-0.07,-0.04,0.04,37.50,-14.88,2.25
1718.598,368,168,30,26,6634.27,-0.09,-0.69,0.01,0.72,-9.97,1.12,0.31,-0.04,-0.02,-0.01,37.50,-14.88,2.25
1718.618,370,168,29,26,6634.293,-0.09,-0.69,0.01,0.72,-9.99,1.26,0.56,0.00,-0.04,-0.07,37.06,-14.50,2.69
1718.635,370,168,29,26,6634.317,-0.09,-0.69,0.01,0.72,-9.81,1.49,0.51,0.02,-0.06,-0.07,37.06,-14.50,2.69
1718.655,371,168,29,26,6634.338,-0.09,-0.69,0.01,0.72,-9.71,1.42,0.59,-0.00,-0.08,-0.04,36.50,-14.19,3.50
1718.672,371,168,29,26,6634.36,-0.09,-0.69,0.01,0.72,-9.54,1.15,0.44,0.00,-0.07,-0.01,36.50,-14.19,3.50
1718.691,371,168,30,27,6634.383,-0.09,-0.69,0.01,0.72,-9.60,1.30,0.55,0.03,-0.04,-0.04,36.50,-14.19,3.50
1718.713,373,168,29,26,6634.405,-0.09,-0.69,0.01,0.72,-9.71,1.46,0.51,0.04,-0.04,-0.03,37.50,-14.50,2.25
1718.735,373,168,29,26,6634.43,-0.09,-0.69,0.01,0.72,-9.74,1.33,0.66,0.02,-0.03,0.01,37.50,-14.50,2.25
1718.757,373,167,29,26,6634.45,-0.09,-0.69,0.01,0.72,-9.72,1.37,0.66,0.02,-0.05,-0.00,37.06,-14.50,3.06
1718.777,373,168,29,26,6634.473,-0.09,-0.68,0.01,0.72,-9.70,1.45,0.57,0.03,-0.04,-0.02,37.06,-14.50,3.06
1718.793,373,168,29,26,6634.496,-0.09,-0.68,0.01,0.72,-9.80,1.50,0.71,0.03,-0.03,-0.02,37.88,-14.88,1.50
1718.824,374,167,29,26,6634.518,-0.09,-0.68,0.01,0.72,-9.73,1.50,0.66,0.01,-0.06,-0.02,37.88,-14.88,1.50
1718.853,376,168,29,25,6634.541,-0.09,-0.68,0.01,0.72,-9.60,1.47,0.72,-0.00,-0.06,-0.01,38.25,-14.50,2.25
1718.874,379,167,29,26,6634.563,-0.09,-0.68,0.01,0.72,-9.55,1.31,0.69,-0.00,-0.03,-0.01,38.25,-14.50,2.25
1718.899,379,167,29,26,6634.586,-0.09,-0.68,0.01,0.72,-9.52,1.28,0.87,0.00,-0.01,-0.01,38.25,-14.50,2.25
1718.921,382,167,28,26,6634.608,-0.09,-0.68,0.01,0.72,-9.59,1.41,0.75,0.01,0.00,-0.01,37.06,-13.38,2.69
1718.944,387,168,27,25,6634.631,-0.09,-0.68,0.01,0.72,-9.57,1.47,0.86,0.00,0.02,-0.01,37.06,-13.38,2.69
1718.963,387,168,27,25,6634.653,-0.09,-0.68,0.01,0.72,-9.61,1.45,0.66,-0.01,0.02,0.00,36.75,-14.50,1.50
1718.984,393,170,25,23,6634.678,-0.09,-0.68,0.01,0.72,-9.69,1.42,0.63,-0.01,0.04,-0.00,36.75,-14.50,1.50
1719,393,170,25,23,6634.7,-0.09,-0.68,0.01,0.72,-9.87,1.49,0.59,-0.01,0.04,-0.02,37.50,-14.50,1.50
1719.025,401,171,22,23,6634.721,-0.09,-0.68,0.01,0.72,-9.83,1.38,0.54,-0.02,0.03,-0.01,37.50,-14.50,1.50
1719.066,409,172,24,27,6634.745,-0.09,-0.68,0.01,0.72,-9.75,1.28,0.66,-0.02,0.02,-0.00,37.06,-14.19,2.69
1719.085,417,178,25,25,6634.768,-0.09,-0.68,0.01,0.72,-9.66,1.23,0.49,-0.01,0.03,-0.01,37.06,-14.19,2.69
1719.103,417,178,25,25,6634.79,-0.09,-0.68,0.01,0.72,-9.77,1.26,0.72,0.00,0.03,-0.01,37.50,-14.88,2.69
1719.126,426,182,25,24,6634.813,-0.09,-0.68,0.01,0.72,-9.75,1.29,0.49,0.01,0.02,-0.01,37.50,-14.88,2.69
1719.15,437,189,23,21,6634.835,-0.09,-0.68,0.01,0.72,-9.72,1.32,0.65,0.01,0.02,0.00,37.50,-14.88,2.69
1719.167,437,189,23,21,6634.858,-0.09,-0.68,0.01,0.72,-9.67,1.36,0.60,0.01,0.02,0.00,37.06,-14.50,1.50
1719.186,446,194,26,27,6634.881,-0.09,-0.69,0.01,0.72,-9.70,1.37,0.60,0.00,0.03,-0.00,37.06,-14.50,1.50
1719.215,455,205,26,24,6634.903,-0.09,-0.69,0.01,0.72,-9.76,1.33,0.56,0.00,0.03,0.00,37.50,-14.50,2.25
1719.231,455,205,26,24,6634.928,-0.09,-0.69,0.01,0.72,-9.75,1.36,0.50,0.00,0.02,0.01,37.50,-14.50,2.25
1719.254,466,217,25,22,6634.948,-0.09,-0.69,0.01,0.72,-9.82,1.37,0.49,0.00,0.02,0.01,37.50,-15.25,1.50
1719.273,475,232,25,22,6634.971,-0.09,-0.69,0.01,0.72,-9.94,1.33,0.56,0.00,0.02,0.00,37.50,-15.25,1.50
1719.29,475,232,25,22,6634.995,-0.09,-0.69,0.01,0.72,-9.87,1.34,0.63,0.01,0.01,0.00,36.50,-15.25,1.06
1719.31,478,243,29,26,6635.018,-0.09,-0.69,0.01,0.72,-9.77,1.36,0.45,0.01,-0.02,0.02,36.50,-15.25,1.06
1719.326,478,243,29,26,6635.04,-0.09,-0.69,0.01,0.72,-9.68,1.35,0.60,0.01,-0.02,0.01,37.06,-14.50,2.25
1719.343,478,243,29,26,6635.063,-0.09,-0.69,0.01,0.72,-9.71,1.34,0.50,0.01,-0.01,0.00,37.06,-14.50,2.25
1719.372,480,251,27,26,6635.085,-0.09,-0.69,0.01,0.72,-9.70,1.33,0.72,0.01,-0.01,0.01,37.50,-14.50,2.25
1719.395,475,251,32,29,6635.108,-0.09,-0.69,0.01,0.72,-9.62,1.37,0.56,0.01,-0.01,0.02,37.50,-14.50,2.25
1719.419,474,248,29,23,6635.13,-0.09,-0.69,0.01,0.72,-9.76,1.48,0.63,0.01,0.00,0.01,37.50,-14.50,2.25
1719.437,474,248,29,23,6635.153,-0.09,-0.69,0.01,0.72,-9.76,1.58,0.62,0.00,0.01,-0.00,37.88,-15.25,2.25
1719.46,470,236,27,24,6635.177,-0.09,-0.69,0.01,0.72,-9.76,1.56,0.59,-0.02,-0.00,0.01,37.88,-15.25,2.25
1719.478,463,223,27,22,6635.2,-0.09,-0.69,0.01,0.72,-9.69,1.32,0.65,-0.02,-0.00,0.01,36.75,-14.88,2.69
1719.494,463,223,27,22,6635.223,-0.09,-0.69,0.01,0.72,-9.63,1.27,0.58,-0.01,0.00,0.00,36.75,-14.88,2.69
1719.524,454,209,26,23,6635.245,-0.09,-0.69,0.01,0.72,-9.68,1.32,0.60,0.00,0.02,-0.01,37.06,-14.88,0.75
1719.542,454,209,26,23,6635.268,-0.09,-0.69,0.01,0.72,-9.85,1.45,0.48,-0.00,0.01,-0.01,37.06,-14.88,0.75
1719.564,445,197,24,20,6635.29,-0.09,-0.69,0.01,0.72,-9.86,1.32,0.63,-0.00,0.01,0.00,37.06,-13.38,2.25
1719.594,434,185,25,19,6635.313,-0.09,-0.69,0.01,0.72,-9.85,1.27,0.54,0.00,-0.01,-0.00,37.06,-13.38,2.25
1719.62,421,171,20,24,6635.335,-0.09,-0.69,0.01,0.72,-9.77,1.33,0.60,0.01,-0.01,-0.01,36.75,-14.19,2.00
1719.641,409,166,21,18,6635.358,-0.09,-0.69,0.01,0.72,-9.63,1.43,0.49,0.01,-0.02,-0.00,36.75,-14.19,2.00
1719.657,409,166,21,18,6635.38,-0.09,-0.69,0.01,0.72,-9.62,1.42,0.60,0.01,-0.01,0.00,36.75,-14.19,2.00
1719.685,395,159,22,20,6635.403,-0.09,-0.69,0.01,0.72,-9.61,1.40,0.60,0.01,0.00,0.00,37.06,-15.25,2.00
1719.702,395,159,22,20,6635.427,-0.09,-0.69,0.01,0.72,-9.64,1.46,0.59,0.00,0.01,0.00,37.06,-15.25,2.00
1719.728,382,153,28,27,6635.45,-0.09,-0.69,0.01,0.72,-9.74,1.46,0.70,-0.01,0.02,-0.00,37.06,-14.88,2.25
1719.745,382,153,28,27,6635.472,-0.09,-0.69,0.01,0.72,-9.76,1.48,0.61,-0.02,0.01,-0.00,37.06,-14.88,2.25
1719.768,372,147,27,33,6635.495,-0.09,-0.69,0.01,0.72,-9.69,1.40,0.61,-0.02,0.01,0.00,37.50,-13.75,2.00
1719.794,362,144,30,42,6635.517,-0.09,-0.69,0.01,0.72,-9.71,1.30,0.51,-0.02,0.02,0.00,37.50,-13.75,2.00
1719.821,356,149,28,36,6635.54,-0.09,-0.69,0.01,0.72,-9.72,1.32,0.61,-0.02,0.02,-0.01,36.75,-14.50,1.06
1719.846,356,149,28,36,6635.565,-0.09,-0.69,0.01,0.72,-9.74,1.29,0.51,-0.01,0.01,0.00,36.75,-14.50,1.06
1719.871,353,157,25,27,6635.587,-0.09,-0.69,0.01,0.72,-9.73,1.28,0.59,-0.00,0.01,0.01,36.75,-14.50,2.00
1719.901,345,165,24,22,6635.61,-0.09,-0.69,0.01,0.72,-9.73,1.35,0.43,0.00,0.01,0.01,36.75,-14.50,2.00
1719.924,337,174,27,24,6635.63,-0.09,-0.69,0.01,0.72,-9.78,1.42,0.58,0.01,0.02,0.00,36.75,-14.50,2.00
1719.947,331,181,32,29,6635.655,-0.09,-0.69,0.01,0.72,-9.82,1.45,0.64,0.00,0.00,0.00,36.75,-14.50,2.69
1719.964,331,181,32,29,6635.677,-0.09,-0.69,0.01,0.72,-9.70,1.41,0.57,-0.01,-0.00,0.01,36.75,-14.50,2.69
1719.993,329,189,32,30,6635.7,-0.09,-0.69,0.01,0.72,-9.69,1.34,0.56,-0.01,0.00,0.00,37.06,-14.50,2.00
1720.025,326,199,33,29,6635.724,-0.09,-0.69,0.01,0.72,-9.76,1.34,0.50,-0.00,0.01,-0.00,37.06,-14.50,2.00
1720.05,329,203,32,29,6635.747,-0.09,-0.69,0.01,0.72,-9.74,1.39,0.59,-0.00,0.00,0.00,37.06,-14.88,2.25
1720.067,329,203,32,29,6635.769,-0.09,-0.69,0.01,0.72,-9.77,1.33,0.53,0.00,0.01,0.01,37.06,-14.88,2.25
1720.094,342,197,21,24,6635.792,-0.09,-0.69,0.01,0.72,-9.80,1.35,0.56,0.01,-0.01,-0.00,37.06,-14.88,1.06
1720.112,342,197,21,24,6635.816,-0.09,-0.69,0.01,0.72,-9.81,1.42,0.38,0.01,-0.00,-0.01,37.06,-14.88,1.06
1720.139,357,186,21,22,6635.839,-0.09,-0.69,0.01,0.72,-9.79,1.38,0.63,0.01,-0.01,-0.01,36.75,-15.25,1.06
1720.168,377,176,19,23,6635.862,-0.09,-0.69,0.01,0.72,-9.73,1.36,0.47,0.01,-0.03,-0.01,36.75,-15.25,1.06
1720.201,390,170,24,27,6635.884,-0.09,-0.69,0.01,0.72,-9.68,1.37,0.59,0.01,-0.01,-0.01,36.75,-15.25,1.06
1720.234,402,169,25,27,6635.907,-0.09,-0.69,0.01,0.72,-9.68,1.32,0.54,0.01,-0.01,-0.01,37.88,-14.88,1.50
1720.261,409,173,26,23,6635.929,-0.09,-0.69,0.01,0.72,-9.71,1.33,0.61,0.02,-0.01,-0.01,37.88,-14.88,1.50
1720.286,415,173,28,26,6635.952,-0.09,-0.69,0.01,0.72,-9.72,1.39,0.61,0.02,-0.01,-0.01,37.50,-14.50,1.50
1720.303,415,173,28,26,6635.976,-0.09,-0.69,0.01,0.72,-9.71,1.39,0.56,0.01,-0.01,0.00,37.50,-14.50,1.50
1720.327,423,178,26,25,6635.999,-0.09,-0.69,0.01,0.72,-9.75,1.36,0.54,0.01,-0.00,-0.01,37.50,-14.50,1.50
1720.372,431,185,22,20,6636.021,-0.09,-0.69,0.01,0.72,-9.76,1.39,0.52,0.01,-0.01,-0.01,37.50,-14.50,1.50
1720.39,431,185,22,20,6636.046,-0.09,-0.69,0.01,0.72,-9.73,1.34,0.64,0.02,-0.00,-0.01,37.06,-14.19,2.00
1720.414,437,191,22,21,6636.068,-0.09,-0.69,0.01,0.72,-9.67,1.34,0.59,0.02,-0.01,-0.00,37.06,-14.19,2.00
1720.439,446,199,23,20,6636.091,-0.09,-0.69,0.01,0.72,-9.67,1.39,0.65,0.02,-0.01,-0.00,37.88,-14.50,1.50
1720.467,452,210,26,22,6636.113,-0.09,-0.69,0.01,0.72,-9.73,1.40,0.53,0.02,-0.00,0.00,37.88,-14.50,1.50
1720.485,452,210,26,22,6636.136,-0.09,-0.69,0.01,0.72,-9.73,1.43,0.65,0.01,-0.01,-0.01,36.75,-14.50,1.06
1720.523,458,221,28,25,6636.158,-0.09,-0.69,0.01,0.72,-9.72,1.45,0.55,-0.00,-0.00,-0.01,36.75,-14.50,1.06
1720.557,461,232,29,25,6636.179,-0.09,-0.69,0.01,0.72,-9.75,1.28,0.64,-0.00,-0.00,0.00,36.75,-14.50,1.06
1720.58,463,240,29,26,6636.204,-0.09,-0.69,0.01,0.72,-9.78,1.26,0.67,-0.01,-0.00,-0.01,37.88,-14.50,3.06
1720.615,461,243,29,27,6636.226,-0.09,-0.69,0.01,0.72,-9.70,1.36,0.55,0.01,-0.01,-0.01,37.88,-14.50,3.06
1720.638,458,240,30,28,6636.249,-0.09,-0.69,0.01,0.72,-9.73,1.41,0.60,0.01,-0.00,-0.00,38.25,-15.25,2.00
1720.675,456,236,27,24,6636.273,-0.09,-0.69,0.01,0.72,-9.75,1.33,0.55,-0.00,-0.01,0.00,38.25,-15.25,2.00
1720.701,448,226,28,20,6636.296,-0.09,-0.69,0.01,0.72,-9.74,1.37,0.59,0.01,-0.01,-0.01,37.50,-15.69,2.69
1720.727,441,213,23,18,6636.318,-0.09,-0.69,0.01,0.72,-9.76,1.38,0.58,0.00,-0.01,-0.01,37.50,-15.69,2.69
1720.753,428,196,18,22,6636.343,-0.09,-0.69,0.01,0.72,-9.78,1.32,0.64,0.00,-0.01,-0.00,37.06,-14.88,0.37
1720.77,428,196,18,22,6636.365,-0.09,-0.69,0.01,0.72,-9.68,1.23,0.44,0.02,-0.01,-0.02,37.06,-14.88,0.37
1720.802,413,185,17,22,6636.388,-0.09,-0.69,0.01,0.72,-9.75,1.28,0.68,0.02,-0.02,-0.01,36.50,-14.50,1.06
1720.851,413,185,17,22,6636.41,-0.09,-0.69,0.01,0.72,-9.66,1.28,0.41,0.02,-0.03,-0.00,36.50,-14.50,1.06
1720.874,396,177,22,26,6636.433,-0.09,-0.69,0.01,0.72,-9.74,1.32,0.59,0.03,-0.00,0.00,36.50,-14.50,1.06
1720.893,382,173,25,26,6636.455,-0.09,-0.69,0.01,0.72,-9.89,1.37,0.66,0.03,-0.03,-0.01,36.75,-13.75,1.50
1720.91,382,173,25,26,6636.478,-0.09,-0.68,0.01,0.72,-9.69,1.40,0.62,0.02,-0.04,0.01,36.75,-13.75,1.50
1720.937,363,174,27,26,6636.5,-0.09,-0.68,0.01,0.72,-9.64,1.34,0.71,0.01,-0.03,0.01,37.88,-13.75,2.25
1720.961,358,177,26,25,6636.525,-0.09,-0.68,0.01,0.72,-9.70,1.32,0.65,0.02,-0.01,-0.01,37.88,-13.75,2.25
1720.995,350,179,28,26,6636.548,-0.09,-0.68,0.01,0.72,-9.78,1.42,0.62,0.01,-0.02,-0.01,37.88,-14.50,2.00
1721.012,350,179,28,26,6636.57,-0.09,-0.68,0.01,0.72,-9.78,1.37,0.51,0.00,-0.03,0.01,37.88,-14.50,2.00
1721.038,343,184,29,26,6636.591,-0.09,-0.68,0.01,0.72,-9.84,1.25,0.53,0.01,-0.02,0.01,37.50,-14.88,1.50
1721.06,341,192,26,23,6636.615,-0.09,-0.68,0.01,0.72,-9.86,1.15,0.53,0.03,-0.04,0.01,37.50,-14.88,1.50
1721.088,335,197,29,27,6636.636,-0.09,-0.68,0.01,0.72,-9.68,1.22,0.49,0.05,-0.07,0.02,37.06,-14.88,2.25
1721.105,335,197,29,27,6636.658,-0.09,-0.68,0.02,0.73,-9.79,1.21,0.49,0.07,-0.04,0.01,37.06,-14.88,2.25
1721.128,333,210,23,22,6636.681,-0.09,-0.68,0.02,0.73,-9.86,1.25,0.61,0.08,-0.05,0.01,37.06,-14.88,2.25
1721.163,333,210,23,22,6636.703,-0.09,-0.68,0.02,0.73,-9.80,1.26,0.45,0.10,-0.06,0.00,37.88,-14.88,2.69
1721.184,325,218,30,28,6636.726,-0.08,-0.68,0.02,0.73,-9.88,1.32,0.58,0.13,-0.04,-0.00,37.88,-14.88,2.69
1721.206,322,226,31,29,6636.748,-0.08,-0.68,0.02,0.73,-9.77,1.11,0.57,0.15,-0.05,-0.01,38.25,-14.50,1.06
1721.228,319,235,30,27,6636.773,-0.08,-0.68,0.02,0.73,-9.55,0.52,0.51,0.25,-0.04,-0.04,38.25,-14.50,1.06
1721.244,319,235,30,27,6636.793,-0.08,-0.68,0.02,0.73,-9.05,-0.79,0.40,0.68,0.09,-0.34,38.56,-13.75,2.00
1721.266,320,240,26,23,6636.816,-0.07,-0.68,0.02,0.73,-9.71,1.12,0.84,0.93,0.14,-0.80,38.56,-13.75,2.00
1721.285,320,236,30,27,6636.838,-0.05,-0.69,0.03,0.72,-9.34,2.03,0.17,0.94,0.14,-0.78,36.75,-13.38,1.06
1721.308,320,236,30,27,6636.863,-0.04,-0.69,0.03,0.72,-10.10,2.21,0.91,0.77,0.24,-0.48,36.75,-13.38,1.06
1721.329,329,230,24,21,6636.883,-0.04,-0.69,0.03,0.72,-10.33,2.07,1.27,0.50,0.12,-0.16,37.50,-11.50,2.69
1721.348,339,218,25,20,6636.906,-0.04,-0.69,0.03,0.72,-10.15,1.32,0.61,0.22,-0.05,0.24,37.50,-11.50,2.69
1721.364,339,218,25,20,6636.929,-0.04,-0.69,0.04,0.72,-9.90,0.50,0.57,0.26,-0.08,0.31,37.50,-11.50,2.69
1721.384,352,209,23,19,6636.953,-0.04,-0.69,0.04,0.72,-9.51,0.67,0.05,0.35,-0.10,0.21,39.00,-11.19,3.50
1721.4,352,209,23,19,6636.976,-0.03,-0.69,0.05,0.72,-9.73,1.24,0.25,0.48,-0.11,0.19,39.00,-11.19,3.50
1721.423,363,203,21,20,6636.998,-0.03,-0.69,0.05,0.72,-9.82,1.40,0.55,0.51,-0.20,0.27,37.88,-12.25,3.50
1721.439,363,203,21,20,6637.023,-0.03,-0.68,0.06,0.73,-9.89,1.93,0.58,0.54,-0.32,0.44,37.88,-12.25,3.50
1721.473,369,199,24,21,6637.043,-0.03,-0.68,0.07,0.73,-9.67,2.25,0.94,0.53,-0.45,0.79,38.25,-11.50,4.25
1721.493,378,198,22,21,6637.066,-0.03,-0.68,0.08,0.73,-9.14,3.09,0.19,0.51,-0.40,1.24,38.25,-11.50,4.25
1721.51,378,198,22,21,6637.088,-0.04,-0.67,0.10,0.73,-9.91,4.67,0.38,0.56,-0.31,1.76,38.25,-12.69,4.75
1721.539,386,197,20,21,6637.113,-0.06,-0.67,0.11,0.73,-10.04,4.39,1.60,0.21,-0.36,2.33,38.25,-12.69,4.75
1721.556,386,197,20,21,6637.133,-0.07,-0.66,0.13,0.73,-9.45,3.83,1.16,-0.07,-0.56,2.68,37.06,-16.06,4.00
1721.579,391,192,26,28,6637.156,-0.09,-0.65,0.15,0.74,-9.15,3.10,0.47,-0.37,-0.41,2.74,37.06,-16.06,4.00
1721.604,402,193,24,26,6637.178,-0.12,-0.64,0.17,0.74,-9.31,3.55,1.39,-0.13,-0.28,2.66,37.06,-16.06,4.00
1721.637,413,196,22,24,6637.201,-0.14,-0.64,0.19,0.73,-9.23,5.69,1.64,-0.08,-0.45,2.70,33.75,-22.50,3.19
1721.655,413,196,22,24,6637.225,-0.16,-0.63,0.20,0.73,-7.90,5.41,0.51,-0.31,-0.58,3.40,33.75,-22.50,3.19
1721.675,422,202,20,20,6637.248,-0.20,-0.61,0.23,0.73,-7.81,4.85,0.53,-0.43,-0.39,3.66,30.87,-27.56,3.50
1721.695,430,206,22,23,6637.273,-0.23,-0.60,0.25,0.73,-7.78,4.84,1.76,-0.45,-0.33,3.54,30.87,-27.56,3.50
1721.711,430,206,22,23,6637.295,-0.26,-0.59,0.27,0.72,-7.24,7.50,2.82,-0.81,-0.65,3.41,26.69,-37.38,3.38
1721.735,439,213,22,20,6637.318,-0.28,-0.57,0.28,0.72,-6.40,7.69,0.98,-1.16,-0.76,3.89,26.69,-37.38,3.38
1721.755,447,221,24,22,6637.338,-0.33,-0.54,0.30,0.71,-5.80,6.68,1.35,-1.01,-0.56,4.25,22.06,-44.38,1.75
1721.782,447,221,24,22,6637.363,-0.36,-0.52,0.32,0.70,-4.42,5.11,2.35,-0.89,-0.42,4.04,22.06,-44.38,1.75
1721.802,454,232,23,21,6637.385,-0.39,-0.51,0.33,0.69,-3.80,4.85,2.57,-0.61,-0.37,2.80,17.06,-48.19,-0.25
1721.822,457,239,28,25,6637.408,-0.41,-0.49,0.35,0.69,-3.62,6.58,2.34,-0.35,-0.36,1.84,17.06,-48.19,-0.25
1721.842,457,239,28,25,6637.428,-0.42,-0.48,0.35,0.68,-4.08,7.22,3.00,-0.07,-0.32,0.79,17.06,-48.19,-0.25
1721.858,457,239,28,25,6637.453,-0.42,-0.48,0.35,0.69,-4.10,7.86,2.40,0.13,-0.34,-0.41,13.38,-51.00,-4.06
1721.879,462,247,24,22,6637.475,-0.41,-0.48,0.35,0.69,-4.93,8.52,1.77,0.58,0.13,-1.62,13.38,-51.00,-4.06
1721.9,461,249,22,21,6637.5,-0.38,-0.50,0.34,0.70,-5.69,7.43,2.46,0.76,0.47,-2.34,13.19,-50.56,-3.38
1721.916,461,249,22,21,6637.522,-0.36,-0.52,0.33,0.70,-6.61,6.82,2.60,0.91,0.65,-3.58,13.19,-50.56,-3.38
1721.945,459,245,23,22,6637.545,-0.33,-0.54,0.32,0.71,-7.50,8.32,3.90,1.16,0.56,-4.07,15.25,-47.50,-1.75
1721.966,454,239,28,26,6637.568,-0.29,-0.56,0.29,0.72,-7.21,7.68,1.01,0.80,0.48,-4.34,15.25,-47.50,-1.75
1721.982,454,239,28,26,6637.59,-0.25,-0.58,0.27,0.72,-8.42,7.48,0.09,0.96,0.91,-4.19,19.87,-44.25,3.75
1722.009,449,231,26,22,6637.615,-0.22,-0.60,0.25,0.72,-8.98,6.17,1.40,0.84,1.24,-4.09,19.87,-44.25,3.75
1722.034,441,221,23,19,6637.635,-0.19,-0.62,0.23,0.72,-10.37,3.45,1.15,0.90,1.08,-4.41,26.56,-38.50,7.19
1722.061,430,209,21,20,6637.66,-0.14,-0.65,0.20,0.72,-9.98,3.81,0.46,0.86,1.01,-4.89,26.56,-38.50,7.19
1722.077,430,209,21,20,6637.68,-0.10,-0.67,0.17,0.72,-9.35,3.18,-0.15,0.77,0.99,-5.04,26.56,-38.50,7.19
1722.106,418,202,23,21,6637.705,-0.07,-0.68,0.14,0.71,-10.01,3.51,-1.29,0.72,1.42,-4.65,32.69,-29.19,7.56
1722.132,408,195,27,25,6637.725,-0.02,-0.71,0.10,0.70,-10.53,2.47,-0.07,0.57,1.56,-4.34,32.69,-29.19,7.56
1722.153,403,193,21,21,6637.75,0.01,-0.72,0.08,0.69,-10.34,0.99,-0.10,0.50,1.41,-4.17,40.25,-17.75,6.06
1722.17,403,193,21,21,6637.774,0.04,-0.73,0.06,0.68,-10.48,0.31,-0.55,0.66,1.09,-3.63,40.25,-17.75,6.06
1722.195,395,189,23,22,6637.797,0.08,-0.74,0.03,0.67,-9.79,-1.35,-1.18,0.86,0.99,-3.49,43.38,-6.69,8.19
1722.211,395,189,23,22,6637.819,0.11,-0.75,0.01,0.65,-9.62,-0.90,-1.39,0.76,0.97,-3.63,43.38,-6.69,8.19
1722.238,384,186,26,28,6637.842,0.14,-0.75,-0.01,0.64,-9.40,-0.63,-1.20,0.47,0.96,-3.67,46.69,0.75,10.75
1722.26,384,186,26,28,6637.864,0.16,-0.76,-0.04,0.63,-8.95,-1.21,-1.68,0.28,0.99,-3.05,46.69,0.75,10.75
1722.28,375,187,25,26,6637.885,0.19,-0.76,-0.06,0.61,-9.09,-2.20,-1.51,0.38,0.95,-2.37,47.88,8.06,11.75
1722.307,369,192,22,23,6637.91,0.20,-0.77,-0.07,0.61,-8.53,-4.11,-1.31,0.51,0.77,-2.06,47.88,8.06,11.75
1722.341,363,194,23,24,6637.932,0.22,-0.77,-0.08,0.60,-7.99,-4.97,-1.03,0.48,0.66,-2.36,47.88,8.06,11.75
1722.364,355,197,27,26,6637.955,0.24,-0.77,-0.10,0.59,-7.39,-5.10,-0.81,0.07,0.63,-3.50,47.38,12.88,11.69
1722.382,355,197,27,26,6637.975,0.27,-0.77,-0.14,0.56,-6.39,-3.37,-0.85,-0.14,0.67,-3.76,47.38,12.88,11.69
1722.405,350,201,28,27,6638,0.29,-0.77,-0.16,0.55,-6.72,-2.47,-2.01,-0.32,0.75,-2.89,45.56,17.87,11.50
1722.432,349,208,23,22,6638.024,0.30,-0.77,-0.18,0.54,-7.02,-2.68,-2.32,-0.50,0.68,-1.60,45.56,17.87,11.50
1722.449,349,208,23,22,6638.047,0.30,-0.77,-0.20,0.52,-8.03,-6.37,-1.67,-0.65,0.37,-1.47,43.19,24.06,14.56
1722.472,342,211,29,28,6638.071,0.31,-0.77,-0.21,0.52,-7.47,-7.22,-2.86,-0.70,0.07,-1.79,43.19,24.06,14.56
1722.492,339,217,31,29,6638.094,0.31,-0.77,-0.23,0.51,-6.69,-8.04,-3.56,0.11,0.09,-1.31,41.38,25.69,14.75
1722.509,339,217,31,29,6638.116,0.32,-0.77,-0.23,0.51,-8.09,-3.11,-3.85,0.53,0.24,0.06,41.38,25.69,14.75
1722.531,339,220,31,29,6638.137,0.32,-0.77,-0.22,0.51,-10.00,0.36,-1.03,0.00,-0.09,1.82,37.75,27.56,16.00
1722.552,340,222,30,29,6638.161,0.30,-0.77,-0.20,0.53,-10.89,-0.46,-1.73,-0.69,-0.94,3.73,37.75,27.56,16.00
1722.568,340,222,30,29,6638.184,0.26,-0.78,-0.17,0.55,-11.07,-3.92,-3.26,-1.08,-1.57,5.79,39.06,26.00,16.00
1722.59,340,222,30,29,6638.206,0.20,-0.78,-0.12,0.58,-11.89,-3.95,-2.13,-1.05,-1.69,6.37,39.06,26.00,16.00
1722.613,343,222,29,29,6638.229,0.15,-0.78,-0.08,0.61,-10.97,-4.11,-1.79,-1.29,-1.90,6.20,39.06,26.00,16.00
1722.638,351,220,24,21,6638.252,0.11,-0.77,-0.05,0.63,-10.14,-4.03,-3.24,-1.30,-1.64,5.18,41.50,17.00,16.69
1722.657,351,220,24,21,6638.274,0.07,-0.76,-0.02,0.64,-10.11,-4.15,-1.70,-1.02,-1.36,4.23,41.50,17.00,16.69
1722.7,363,212,23,19,6638.299,0.02,-0.75,0.01,0.66,-10.00,-1.60,-0.87,-0.69,-1.37,3.36,44.19,5.38,14.69
1722.726,379,200,18,24,6638.323,-0.00,-0.74,0.03,0.67,-9.68,0.03,-1.12,-0.65,-1.35,2.67,44.19,5.38,14.69
1722.753,392,194,20,24,6638.346,-0.02,-0.73,0.04,0.68,-9.71,1.95,-1.21,-0.69,-1.17,2.64,42.69,-2.88,11.50
1722.784,402,193,22,20,6638.368,-0.05,-0.72,0.06,0.69,-10.24,2.19,-0.57,-0.67,-1.03,2.79,42.69,-2.88,11.50
1722.809,412,191,23,25,6638.391,-0.08,-0.71,0.08,0.69,-10.21,2.16,0.06,-0.66,-1.09,2.84,41.06,-10.00,7.38
1722.829,420,191,23,24,6638.413,-0.10,-0.70,0.09,0.70,-9.39,3.19,-0.14,-0.76,-1.18,2.76,41.06,-10.00,7.38
1722.846,420,191,23,24,6638.436,-0.13,-0.68,0.12,0.71,-9.69,3.83,0.11,-0.75,-1.17,2.83,39.25,-15.50,6.00
1722.867,430,192,25,27,6638.458,-0.16,-0.67,0.13,0.71,-10.14,4.48,0.83,-0.74,-1.32,3.10,39.25,-15.50,6.00
1722.888,443,198,19,20,6638.481,-0.18,-0.66,0.15,0.72,-9.57,5.54,1.57,-0.73,-1.58,3.50,35.38,-23.06,3.06
1722.91,443,198,19,20,6638.503,-0.21,-0.64,0.17,0.72,-8.62,5.72,1.18,-0.81,-1.79,4.20,35.38,-23.06,3.06
1722.95,443,198,19,20,6638.526,-0.26,-0.60,0.21,0.73,-7.64,4.52,0.88,-0.77,-1.66,4.37,35.38,-23.06,3.06
1722.975,449,199,25,26,6638.551,-0.29,-0.58,0.23,0.72,-7.28,4.83,1.62,-0.89,-1.40,3.95,29.75,-31.06,-0.50
1722.992,449,199,25,26,6638.573,-0.31,-0.56,0.25,0.72,-6.95,5.20,3.36,-0.78,-0.98,3.19,29.75,-31.06,-0.50
1723.011,462,213,28,25,6638.596,-0.35,-0.54,0.27,0.72,-6.32,5.92,2.32,-0.58,-0.97,2.67,24.75,-43.75,-1.25
1723.028,462,213,28,25,6638.62,-0.36,-0.53,0.28,0.72,-5.65,6.43,1.97,-0.37,-0.65,2.23,24.75,-43.75,-1.25
1723.058,471,221,22,21,6638.643,-0.38,-0.52,0.29,0.71,-5.94,6.43,2.74,-0.19,-0.18,1.15,19.06,-47.06,-3.06
1723.091,474,227,26,24,6638.665,-0.38,-0.52,0.29,0.71,-5.88,7.32,2.42,-0.11,0.05,0.34,19.06,-47.06,-3.06
1723.126,478,234,27,25,6638.686,-0.38,-0.52,0.29,0.71,-6.64,7.38,2.69,0.02,0.27,-0.33,19.00,-48.50,-2.88
1723.153,483,242,25,24,6638.71,-0.38,-0.52,0.28,0.71,-6.83,6.12,2.32,0.19,0.46,-0.90,19.00,-48.50,-2.88
1723.177,482,244,25,24,6638.733,-0.37,-0.53,0.28,0.71,-7.15,4.73,1.90,0.66,0.84,-2.18,18.56,-47.75,-3.06
1723.202,477,240,28,27,6638.755,-0.34,-0.55,0.26,0.71,-8.18,2.82,1.39,0.91,0.95,-2.76,18.56,-47.75,-3.06
1723.222,472,237,30,26,6638.776,-0.32,-0.57,0.25,0.72,-8.67,3.52,0.60,1.27,1.13,-4.04,18.56,-47.75,-3.06
1723.243,472,237,30,26,6638.8,-0.28,-0.60,0.23,0.72,-9.58,3.68,-0.20,1.50,1.36,-5.06,21.19,-45.75,0.88
1723.265,472,232,28,24,6638.823,-0.23,-0.62,0.20,0.72,-12.10,3.53,0.49,1.78,1.68,-6.07,21.19,-45.75,0.88
1723.281,472,232,28,24,6638.848,-0.15,-0.66,0.16,0.72,-11.97,3.60,0.93,1.64,1.40,-6.51,27.50,-37.56,4.50
1723.298,472,232,28,24,6638.872,-0.10,-0.68,0.13,0.72,-11.38,3.60,-1.02,1.76,0.81,-6.08,27.50,-37.56,4.50
1723.321,470,225,21,19,6638.895,-0.05,-0.69,0.10,0.72,-10.36,2.81,-0.90,1.67,0.95,-5.34,33.88,-22.69,5.25
1723.346,458,213,22,18,6638.919,0.02,-0.71,0.06,0.70,-10.53,1.41,0.26,1.42,1.19,-4.91,33.88,-22.69,5.25
1723.368,448,202,17,19,6638.94,0.05,-0.72,0.04,0.69,-11.05,0.42,-0.18,0.91,1.15,-4.78,40.25,-12.25,8.50
1723.386,448,202,17,19,6638.962,0.09,-0.72,0.01,0.68,-10.44,-1.21,-1.14,1.05,0.96,-4.37,40.25,-12.25,8.50
1723.412,434,191,18,20,6638.985,0.14,-0.73,-0.02,0.67,-10.57,-0.33,-0.87,1.14,0.86,-3.87,44.56,-2.56,10.06
1723.429,434,191,18,20,6639.009,0.17,-0.73,-0.03,0.66,-10.11,-0.81,-0.96,0.97,0.73,-3.37,44.56,-2.56,10.06
1723.454,419,183,20,24,6639.032,0.20,-0.73,-0.05,0.65,-10.17,-2.69,-0.65,0.47,0.59,-3.01,46.50,5.56,11.25
1723.478,406,179,23,24,6639.052,0.22,-0.74,-0.07,0.64,-8.67,-7.33,-1.22,0.51,0.49,-3.39,46.50,5.56,11.25
1723.501,393,177,23,26,6639.075,0.26,-0.73,-0.10,0.62,-8.87,-5.08,-1.15,1.01,0.53,-3.76,46.50,5.56,11.25
1723.518,393,177,23,26,6639.099,0.29,-0.73,-0.11,0.61,-8.66,-2.46,-0.55,1.15,0.66,-3.80,45.19,12.19,12.06
1723.541,382,179,21,25,6639.122,0.32,-0.73,-0.13,0.59,-8.18,-3.12,0.00,0.55,0.50,-3.05,45.19,12.19,12.06
1723.57,370,179,26,28,6639.144,0.34,-0.72,-0.16,0.58,-7.45,-6.89,-0.47,0.11,0.35,-2.85,44.06,19.56,10.88
1723.588,370,179,26,28,6639.169,0.36,-0.72,-0.18,0.57,-6.70,-8.07,-1.29,0.04,0.30,-3.17,44.06,19.56,10.88
1723.613,361,184,26,25,6639.192,0.38,-0.72,-0.20,0.55,-7.25,-6.07,-1.19,0.10,0.50,-3.82,41.69,24.37,8.50
1723.634,355,193,19,21,6639.214,0.41,-0.71,-0.23,0.52,-7.07,-2.87,-0.45,-0.28,0.46,-3.57,41.69,24.37,8.50
1723.651,355,193,19,21,6639.235,0.42,-0.70,-0.26,0.51,-5.87,-5.07,-1.38,-0.65,0.21,-2.67,36.69,29.50,8.75
1723.673,343,198,27,24,6639.259,0.43,-0.70,-0.27,0.50,-5.36,-9.43,-2.24,-0.36,0.12,-1.83,36.69,29.50,8.75
1723.69,343,198,27,24,6639.282,0.44,-0.70,-0.28,0.49,-4.72,-6.17,-0.96,0.03,0.24,-1.67,32.69,33.25,9.56
1723.713,335,208,28,25,6639.304,0.45,-0.69,-0.30,0.48,-4.78,-5.64,-1.22,-0.24,0.11,-1.28,32.69,33.25,9.56
1723.743,331,215,29,28,6639.327,0.45,-0.69,-0.30,0.47,-3.92,-7.10,-1.95,-0.46,0.01,-0.57,32.69,33.25,9.56
1723.76,331,215,29,28,6639.349,0.45,-0.70,-0.30,0.47,-4.92,-6.31,-0.99,-0.25,0.06,0.29,31.25,34.19,10.00
1723.781,331,220,28,28,6639.372,0.44,-0.70,-0.30,0.48,-6.27,-2.43,0.26,-0.30,-0.38,1.87,31.25,34.19,10.00
1723.802,332,223,27,25,6639.396,0.41,-0.71,-0.28,0.50,-7.26,-3.38,-1.60,-0.75,-1.04,3.56,30.37,34.06,10.19
1723.819,332,223,27,25,6639.421,0.38,-0.72,-0.26,0.52,-8.47,-5.91,-2.83,-1.02,-1.25,5.55,30.37,34.06,10.19
1723.838,330,223,30,27,6639.443,0.34,-0.73,-0.23,0.55,-9.64,-8.34,-2.69,-0.97,-1.13,5.91,33.06,31.06,11.75
1723.855,330,223,30,27,6639.466,0.28,-0.74,-0.18,0.58,-9.97,-8.42,-1.88,-0.91,-0.99,5.41,33.06,31.06,11.75
1723.878,334,219,28,25,6639.489,0.25,-0.74,-0.15,0.60,-9.82,-6.10,-0.73,-0.94,-1.04,4.63,37.88,21.25,13.50
1723.914,344,211,24,20,6639.511,0.22,-0.75,-0.13,0.62,-9.57,-5.39,-2.30,-0.89,-1.21,3.95,37.88,21.25,13.50
1723.939,357,201,21,19,6639.534,0.17,-0.74,-0.10,0.64,-9.80,-4.91,-1.54,-0.71,-0.96,3.44,39.69,13.75,13.06
1723.96,369,194,21,19,6639.556,0.15,-0.74,-0.08,0.65,-10.39,-3.09,-0.48,-0.56,-0.81,3.00,39.69,13.75,13.06
1723.979,369,194,21,19,6639.579,0.13,-0.74,-0.07,0.66,-10.60,-2.14,-0.33,-0.48,-0.92,2.90,39.69,13.75,13.06
1724.001,381,187,21,23,6639.601,0.10,-0.74,-0.05,0.67,-10.91,-0.82,-0.58,-0.48,-1.07,3.07,40.75,6.00,11.19
1724.018,381,187,21,23,6639.624,0.07,-0.73,-0.03,0.68,-11.04,-0.31,-0.48,-0.61,-1.15,3.21,40.75,6.00,11.19
1724.038,392,183,20,24,6639.648,0.04,-0.72,-0.01,0.69,-10.70,-0.01,-0.14,-0.63,-1.23,3.40,39.00,-0.06,9.56
1724.06,392,183,20,24,6639.671,0.01,-0.71,0.01,0.70,-10.59,0.52,-0.06,-0.39,-1.26,3.71,39.00,-0.06,9.56
1724.082,404,183,22,25,6639.693,-0.03,-0.70,0.05,0.71,-10.39,1.38,0.30,-0.38,-1.26,3.70,38.25,-4.69,6.38
1724.106,417,183,24,26,6639.718,-0.05,-0.69,0.07,0.72,-10.34,1.30,0.05,-0.50,-1.26,3.64,38.25,-4.69,6.38
1724.123,417,183,24,26,6639.74,-0.08,-0.68,0.09,0.73,-10.20,1.81,1.00,-0.36,-1.26,3.50,35.25,-11.50,4.75
1724.145,434,189,22,24,6639.763,-0.11,-0.66,0.11,0.73,-9.87,4.30,1.30,-0.35,-1.39,3.50,35.25,-11.50,4.75
1724.167,450,199,20,23,6639.783,-0.14,-0.64,0.14,0.74,-9.16,3.89,0.83,-0.39,-1.50,3.72,33.38,-18.37,2.25
1724.183,450,199,20,23,6639.808,-0.17,-0.62,0.17,0.74,-8.78,4.07,0.97,-0.19,-1.41,3.95,33.38,-18.37,2.25
1724.205,464,213,21,18,6639.831,-0.20,-0.61,0.19,0.74,-8.42,5.36,2.90,-0.12,-1.27,3.98,28.50,-28.25,0.69
1724.233,464,213,21,18,6639.853,-0.22,-0.59,0.21,0.75,-7.05,5.10,1.19,-0.46,-1.36,3.84,28.50,-28.25,0.69
1724.254,472,226,26,21,6639.874,-0.26,-0.56,0.24,0.74,-6.55,3.54,0.80,-0.51,-1.03,3.63,28.50,-28.25,0.69
1724.276,480,239,27,24,6639.898,-0.29,-0.55,0.26,0.74,-6.69,5.84,2.87,-0.38,-0.65,3.14,24.06,-38.69,1.25
1724.297,485,249,28,26,6639.921,-0.31,-0.54,0.27,0.74,-6.39,5.06,2.09,-0.22,-0.53,2.61,24.06,-38.69,1.25
1724.313,485,249,28,26,6639.943,-0.33,-0.52,0.29,0.73,-5.53,4.47,2.71,0.02,-0.28,1.74,20.19,-45.25,1.25
1724.334,489,257,25,24,6639.968,-0.33,-0.52,0.30,0.73,-5.65,5.82,2.30,0.15,-0.04,0.30,20.19,-45.25,1.25
1724.376,489,257,25,24,6639.99,-0.33,-0.53,0.29,0.73,-6.30,7.96,2.30,0.10,0.37,-1.06,17.00,-46.56,0.88
1724.392,489,257,25,24,6640.013,-0.32,-0.54,0.28,0.73,-7.57,7.37,2.27,0.16,0.64,-0.95,17.00,-46.56,0.88
1724.457,486,254,28,27,6640.035,-0.31,-0.54,0.28,0.73,-7.80,3.63,2.39,0.37,0.64,-1.00,17.75,-45.25,1.88
1724.493,479,240,23,21,6640.058,-0.30,-0.55,0.27,0.73,-7.82,0.92,1.39,0.79,0.52,-1.95,17.75,-45.25,1.88
1724.517,0,0,0,0,6640.08,-0.27,-0.57,0.26,0.73,-8.32,1.35,1.26,1.44,0.64,-4.51,20.75,-43.69,3.75
1724.571,0,0,0,0,6640.103,-0.21,-0.60,0.23,0.74,-9.89,4.13,-0.10,1.58,0.92,-5.65,20.75,-43.69,3.75
1724.625,0,0,0,0,6640.125,-0.16,-0.62,0.21,0.74,-11.91,5.82,1.06,1.59,1.18,-5.96,20.75,-43.69,3.75
1724.655,0,0,0,0,6640.15,-0.11,-0.64,0.18,0.73,-11.95,6.47,1.00,1.38,0.96,-5.59,25.56,-34.69,6.19
1724.683,0,0,0,0,6640.173,-0.07,-0.66,0.16,0.73,-10.04,4.30,-0.13,1.19,0.52,-4.35,25.56,-34.69,6.19
1724.712,0,0,0,0,6640.195,-0.02,-0.67,0.13,0.73,-9.82,2.20,-0.41,1.14,0.60,-3.83,32.25,-22.87,7.38
1724.73,0,0,0,0,6640.22,0.01,-0.68,0.12,0.72,-10.45,2.13,0.30,0.93,0.84,-3.61,32.25,-22.87,7.38
1724.798,0,0,0,0,6640.242,0.04,-0.69,0.10,0.71,-10.73,0.81,0.60,0.73,0.64,-3.44,36.06,-15.06,9.06
1724.841,0,0,0,0,6640.265,0.08,-0.70,0.07,0.71,-9.76,-1.69,-0.91,0.73,0.46,-3.43,36.06,-15.06,9.06
1724.883,0,0,0,0,6640.287,0.11,-0.71,0.06,0.70,-9.96,-3.27,-1.20,1.07,0.58,-3.59,39.50,-8.50,9.25
1724.916,0,0,0,0,6640.31,0.15,-0.71,0.04,0.69,-11.54,-1.66,-0.01,1.13,0.76,-4.41,39.50,-8.50,9.25
1724.932,0,0,0,0,6640.332,0.20,-0.72,0.01,0.67,-10.99,0.31,0.39,0.67,0.48,-4.27,41.75,-0.56,11.69
1724.955,0,0,0,0,6640.355,0.22,-0.72,-0.02,0.66,-9.64,-1.79,-0.75,0.30,0.23,-3.66,41.75,-0.56,11.69
1724.979,0,0,0,0,6640.377,0.25,-0.72,-0.04,0.65,-8.58,-5.85,-2.16,0.55,0.35,-3.34,41.75,-0.56,11.69
1725.003,0,0,0,0,6640.4,0.28,-0.72,-0.05,0.64,-9.77,-4.75,-0.09,1.07,0.78,-3.65,42.88,6.75,10.25
1725.019,0,0,0,0,6640.422,0.32,-0.72,-0.08,0.62,-9.75,-1.55,0.58,0.67,0.49,-3.50,42.88,6.75,10.25
1725.052,0,0,0,0,6640.445,0.34,-0.71,-0.10,0.61,-8.77,-1.37,0.07,-0.01,0.11,-2.77,41.75,14.56,11.75
1725.083,0,0,0,0,6640.47,0.35,-0.71,-0.12,0.60,-6.57,-8.02,-2.39,0.01,0.10,-2.04,41.75,14.56,11.75
1725.099,0,0,0,0,6640.492,0.36,-0.71,-0.13,0.59,-8.21,-8.61,0.16,0.81,0.56,-2.51,40.25,19.25,9.50
1725.119,0,0,0,0,6640.517,0.39,-0.70,-0.15,0.57,-8.07,-3.72,1.20,0.87,0.49,-3.30,40.25,19.25,9.50
1725.136,0,0,0,0,6640.537,0.41,-0.70,-0.16,0.56,-7.19,-0.70,1.18,0.21,0.05,-2.94,40.19,21.87,8.69
1725.155,0,0,0,0,6640.56,0.42,-0.70,-0.18,0.55,-5.59,-5.86,-0.40,-0.86,-0.43,-1.27,40.19,21.87,8.69
1725.177,0,0,0,0,6640.582,0.42,-0.70,-0.20,0.55,-4.68,-7.90,-1.99,-0.57,-0.48,-0.54,36.00,26.56,8.25
1725.193,0,0,0,0,6640.607,0.42,-0.69,-0.20,0.55,-6.11,-7.58,-1.05,-0.03,-0.11,-0.13,36.00,26.56,8.25
1725.217,0,0,0,0,6640.627,0.42,-0.69,-0.20,0.55,-6.64,-5.91,0.39,-0.02,0.04,-0.15,35.88,28.37,8.25
1725.245,0,0,0,0,6640.65,0.42,-0.69,-0.21,0.55,-7.08,-4.95,-0.09,-0.56,-0.34,0.28,35.88,28.37,8.25
1725.276,0,0,0,0,6640.672,0.41,-0.70,-0.21,0.55,-6.54,-5.46,-1.10,-0.56,-0.44,0.98,35.88,28.37,8.25
1725.304,0,0,0,0,6640.697,0.39,-0.70,-0.20,0.56,-8.14,-3.62,-0.57,-0.39,-0.37,2.16,35.00,27.19,9.19
1725.329,0,0,0,0,6640.719,0.37,-0.70,-0.18,0.58,-10.09,-2.20,-0.54,-0.72,-0.87,4.46,35.00,27.19,9.19
1725.353,0,0,0,0,6640.742,0.32,-0.71,-0.14,0.61,-10.82,-5.06,-1.04,-0.97,-1.13,5.60,35.25,24.87,8.50
1725.376,0,0,0,0,6640.766,0.27,-0.71,-0.11,0.63,-11.09,-5.31,-1.62,-1.03,-1.14,5.93,35.25,24.87,8.50
1725.421,0,0,0,0,6640.789,0.23,-0.72,-0.08,0.65,-11.64,-5.49,-0.95,-0.81,-0.91,5.81,39.25,18.19,9.69
1725.441,0,0,0,0,6640.812,0.17,-0.71,-0.03,0.68,-10.80,-6.18,-0.36,-0.54,-0.86,5.12,39.25,18.19,9.69
1725.472,0,0,0,0,6640.834,0.14,-0.71,-0.01,0.69,-10.20,-4.30,-0.47,-0.37,-0.75,4.07,40.75,7.75,11.25
1725.499,0,0,0,0,6640.859,0.12,-0.71,0.01,0.70,-10.46,-2.50,-0.29,-0.19,-0.62,3.36,40.75,7.75,11.25
1725.518,0,0,0,0,6640.879,0.09,-0.70,0.03,0.71,-10.15,0.10,0.64,-0.06,-0.64,3.10,40.50,1.06,10.06
1725.535,0,0,0,0,6640.902,0.06,-0.69,0.06,0.72,-9.69,1.22,-0.08,-0.09,-0.71,3.25,40.50,1.06,10.06
1725.568,0,0,0,0,6640.924,0.04,-0.69,0.09,0.72,-9.68,1.60,-0.36,-0.18,-0.60,3.51,40.50,1.06,10.06
1725.59,0,0,0,0,6640.949,0.01,-0.68,0.11,0.73,-10.02,1.05,-0.01,-0.30,-0.42,3.62,39.19,-5.69,8.88
1725.618,0,0,0,0,6640.971,-0.02,-0.67,0.13,0.73,-9.45,2.45,1.19,-0.39,-0.36,3.38,39.19,-5.69,8.88
1725.638,0,0,0,0,6640.994,-0.05,-0.66,0.16,0.73,-9.05,2.43,0.33,-0.39,-0.51,3.33,37.00,-11.38,8.88
1725.657,0,0,0,0,6641.018,-0.08,-0.65,0.17,0.73,-8.60,3.04,0.48,-0.24,-0.32,3.16,37.00,-11.38,8.88
1725.679,0,0,0,0,6641.039,-0.10,-0.65,0.19,0.73,-8.60,3.79,1.01,-0.29,-0.30,2.92,33.88,-17.87,7.06
1725.696,0,0,0,0,6641.063,-0.13,-0.63,0.21,0.73,-8.53,4.20,1.07,-0.35,-0.36,2.65,33.88,-17.87,7.06
1725.726,0,0,0,0,6641.084,-0.15,-0.63,0.23,0.73,-8.14,4.80,0.58,-0.37,-0.39,2.48,30.87,-23.19,6.38
1725.753,0,0,0,0,6641.108,-0.17,-0.62,0.24,0.73,-7.72,4.95,1.23,-0.11,-0.33,2.35,30.87,-23.19,6.38
1725.781,0,0,0,0,6641.129,-0.18,-0.61,0.25,0.73,-6.96,6.56,1.18,-0.20,-0.36,2.24,27.37,-27.37,4.88
1725.799,0,0,0,0,6641.154,-0.21,-0.60,0.27,0.73,-6.56,6.11,0.63,-0.24,-0.20,2.25,27.37,-27.37,4.88
1725.824,0,0,0,0,6641.174,-0.22,-0.59,0.28,0.72,-6.83,7.22,1.59,-0.24,0.04,2.21,27.37,-27.37,4.88
1725.842,0,0,0,0,6641.199,-0.24,-0.58,0.29,0.72,-6.93,7.28,1.15,-0.25,0.10,2.19,23.25,-31.19,4.88
1725.872,0,0,0,0,6641.221,-0.26,-0.58,0.30,0.71,-7.46,3.49,1.97,-0.01,0.24,1.29,23.25,-31.19,4.88
1725.91,0,0,0,0,6641.244,-0.26,-0.58,0.31,0.71,-7.82,5.77,1.95,0.16,0.19,-0.45,19.19,-36.19,3.38
1725.935,0,0,0,0,6641.268,-0.25,-0.59,0.30,0.71,-8.03,8.66,1.25,0.09,0.10,-1.68,19.19,-36.19,3.38
1725.957,0,0,0,0,6641.291,-0.24,-0.59,0.29,0.71,-9.29,9.80,1.51,-0.05,0.22,-1.10,18.50,-38.38,3.38
1725.982,0,0,0,0,6641.313,-0.23,-0.60,0.28,0.72,-9.13,7.03,1.17,-0.12,0.19,-0.53,18.50,-38.38,3.38
1726.001,0,0,0,0,6641.336,-0.23,-0.60,0.28,0.72,-8.75,3.67,1.52,-0.04,0.13,-0.65,20.50,-36.06,4.88
1726.023,0,0,0,0,6641.358,-0.22,-0.60,0.27,0.72,-8.85,1.79,1.17,0.56,0.06,-2.66,20.50,-36.06,4.88
1726.052,0,0,0,0,6641.381,-0.19,-0.61,0.26,0.72,-9.56,3.15,0.75,0.91,0.10,-4.00,21.87,-36.38,4.50
1726.069,0,0,0,0,6641.403,-0.14,-0.63,0.23,0.73,-9.83,3.64,0.49,0.96,0.22,-4.86,21.87,-36.38,4.50
1726.097,0,0,0,0,6641.426,-0.10,-0.65,0.20,0.73,-10.91,4.21,0.15,0.98,0.29,-5.25,21.87,-36.38,4.50
1726.122,0,0,0,0,6641.448,-0.06,-0.66,0.18,0.73,-10.81,2.88,0.06,1.08,0.27,-5.29,26.87,-27.75,6.06
1726.146,0,0,0,0,6641.471,0.01,-0.67,0.14,0.73,-10.61,1.98,0.28,1.05,0.26,-5.26,26.87,-27.75,6.06
1726.163,0,0,0,0,6641.494,0.05,-0.68,0.11,0.72,-10.65,2.45,0.10,1.02,0.24,-5.06,34.00,-18.69,7.25
1726.185,0,0,0,0,6641.518,0.09,-0.69,0.09,0.72,-10.23,2.52,0.33,0.53,0.27,-4.39,34.00,-18.69,7.25
1726.214,0,0,0,0,6641.541,0.12,-0.69,0.06,0.71,-9.80,-1.57,-0.01,0.27,0.26,-4.14,39.06,-9.75,8.50
1726.238,0,0,0,0,6641.565,0.16,-0.69,0.02,0.70,-9.64,-3.28,-0.84,0.46,0.28,-4.30,39.06,-9.75,8.50
1726.26,0,0,0,0,6641.586,0.20,-0.70,0.00,0.69,-10.21,-1.93,-0.17,0.73,0.45,-4.56,43.25,-0.75,9.38
1726.281,0,0,0,0,6641.608,0.23,-0.70,-0.02,0.68,-9.43,-1.34,0.34,0.53,0.46,-4.16,43.25,-0.75,9.38
1726.298,0,0,0,0,6641.631,0.27,-0.70,-0.06,0.66,-9.13,-2.51,0.45,0.29,0.37,-3.62,43.56,7.50,9.06
1726.318,0,0,0,0,6641.655,0.30,-0.70,-0.08,0.65,-8.06,-5.90,-0.12,0.24,0.31,-3.35,43.56,7.50,9.06
1726.336,0,0,0,0,6641.676,0.32,-0.70,-0.10,0.64,-7.62,-8.10,-1.12,0.55,0.38,-3.57,42.88,13.38,6.56
1726.366,0,0,0,0,6641.698,0.35,-0.69,-0.12,0.62,-8.75,-4.76,0.86,0.77,0.60,-4.36,42.88,13.38,6.56
1726.388,0,0,0,0,6641.721,0.39,-0.69,-0.15,0.59,-7.60,-3.52,0.70,0.22,0.32,-4.21,42.88,13.38,6.56
1726.411,0,0,0,0,6641.745,0.42,-0.68,-0.18,0.58,-6.72,-5.11,0.10,-0.09,0.13,-3.73,40.50,20.00,7.06
1726.429,0,0,0,0,6641.768,0.43,-0.67,-0.20,0.56,-5.55,-8.00,-0.86,0.24,0.32,-3.56,40.50,20.00,7.06
1726.451,0,0,0,0,6641.79,0.47,-0.67,-0.23,0.54,-5.35,-4.02,0.50,0.26,0.38,-3.22,37.06,25.00,6.00
1726.475,0,0,0,0,6641.815,0.48,-0.66,-0.24,0.53,-5.20,-2.40,0.86,-0.11,0.22,-2.13,37.06,25.00,6.00
1726.495,0,0,0,0,6641.836,0.48,-0.66,-0.25,0.52,-5.06,-3.87,0.11,-0.61,-0.16,0.02,33.56,29.75,5.25
1726.526,0,0,0,0,6641.858,0.47,-0.66,-0.25,0.52,-5.74,-9.84,-0.78,-0.57,-0.24,0.74,33.56,29.75,5.25
1726.542,0,0,0,0,6641.881,0.47,-0.67,-0.25,0.53,-5.12,-11.00,-0.44,-0.29,-0.27,0.42,31.50,30.50,6.19
1726.567,0,0,0,0,6641.905,0.46,-0.67,-0.25,0.53,-4.16,-8.54,-1.01,-0.10,-0.21,-0.09,31.50,30.50,6.19
1726.587,0,0,0,0,6641.926,0.46,-0.67,-0.25,0.53,-5.52,-2.56,0.29,-0.23,-0.04,1.38,32.50,30.00,8.25
1726.603,0,0,0,0,6641.948,0.45,-0.67,-0.24,0.54,-8.43,-1.88,0.62,-0.55,-0.29,3.54,32.50,30.00,8.25
1726.626,0,0,0,0,6641.971,0.41,-0.69,-0.21,0.57,-9.51,-5.03,-0.16,-0.84,-0.74,5.28,32.50,30.00,8.25
1726.645,0,0,0,0,6641.995,0.37,-0.70,-0.18,0.59,-9.27,-8.79,-1.62,-0.95,-0.90,5.85,33.19,27.69,8.38
1726.668,0,0,0,0,6642.018,0.33,-0.70,-0.15,0.61,-9.46,-7.19,-0.65,-0.82,-0.65,5.29,33.19,27.69,8.38
1726.692,0,0,0,0,6642.04,0.27,-0.71,-0.11,0.64,-9.79,-5.38,-0.17,-0.74,-0.59,4.91,38.19,21.69,8.75
1726.713,0,0,0,0,6642.065,0.24,-0.71,-0.08,0.66,-9.97,-3.54,-0.60,-0.93,-0.64,4.69,38.19,21.69,8.75
1726.73,0,0,0,0,6642.087,0.20,-0.71,-0.06,0.67,-10.06,-4.11,-1.18,-0.90,-0.50,4.42,41.56,13.75,11.19
1726.753,0,0,0,0,6642.11,0.15,-0.71,-0.02,0.68,-10.46,-2.78,0.00,-0.78,-0.42,4.14,41.56,13.75,11.19
1726.778,0,0,0,0,6642.132,0.12,-0.71,0.00,0.69,-10.54,-0.98,-0.20,-0.58,-0.51,4.12,41.19,4.88,10.75
1726.794,0,0,0,0,6642.155,0.09,-0.71,0.02,0.70,-10.63,1.63,-0.20,-0.62,-0.56,4.39,41.19,4.88,10.75
1726.821,0,0,0,0,6642.178,0.05,-0.70,0.05,0.71,-10.60,1.88,-0.61,-0.78,-0.64,5.30,40.38,-2.88,10.69
1726.85,0,0,0,0,6642.2,-0.01,-0.69,0.10,0.72,-10.08,0.76,0.09,-0.77,-0.59,5.65,40.38,-2.88,10.69
1726.867,0,0,0,0,6642.223,-0.05,-0.68,0.13,0.72,-9.51,1.86,0.58,-0.83,-0.54,5.37,40.38,-2.88,10.69
1726.886,0,0,0,0,6642.245,-0.09,-0.67,0.16,0.72,-9.07,3.08,0.05,-1.00,-0.46,5.09,37.06,-12.00,8.69
1726.903,0,0,0,0,6642.268,-0.13,-0.66,0.18,0.72,-8.93,3.37,0.46,-0.71,-0.34,5.16,37.06,-12.00,8.69
1726.93,0,0,0,0,6642.292,-0.19,-0.64,0.22,0.71,-8.21,4.44,0.88,-0.73,-0.29,4.77,31.37,-21.25,6.88
1726.955,0,0,0,0,6642.317,-0.22,-0.63,0.24,0.71,-8.08,4.71,-0.10,-0.61,-0.10,4.08,31.37,-21.25,6.88
1726.973,0,0,0,0,6642.337,-0.25,-0.61,0.26,0.70,-7.87,5.90,1.63,-0.46,0.02,3.46,23.75,-31.56,4.88
1727.006,0,0,0,0,6642.362,-0.29,-0.60,0.29,0.69,-7.40,6.94,0.69,-0.34,-0.06,3.06,23.75,-31.56,4.88
1727.029,0,0,0,0,6642.382,-0.31,-0.59,0.30,0.68,-7.29,6.44,0.97,-0.13,0.02,2.68,19.37,-37.69,2.69
1727.052,0,0,0,0,6642.407,-0.32,-0.59,0.31,0.67,-6.90,5.21,1.33,0.15,0.10,0.91,19.37,-37.69,2.69
1727.068,0,0,0,0,6642.427,-0.32,-0.59,0.32,0.67,-7.31,7.12,0.94,0.25,0.21,-0.59,15.69,-43.50,2.25
1727.097,0,0,0,0,6642.452,-0.31,-0.60,0.31,0.67,-7.62,7.73,1.05,0.31,0.30,-1.67,15.69,-43.50,2.25
1727.12,0,0,0,0,6642.472,-0.30,-0.60,0.30,0.68,-8.60,8.50,0.84,0.38,0.27,-2.22,15.69,-43.50,2.25
1727.136,0,0,0,0,6642.497,-0.28,-0.61,0.29,0.68,-8.98,6.54,0.22,0.58,0.21,-2.67,15.38,-43.06,2.19
1727.17,0,0,0,0,6642.518,-0.24,-0.63,0.26,0.69,-9.51,2.96,0.75,0.84,0.12,-3.58,15.38,-43.06,2.19
1727.193,0,0,0,0,6642.542,-0.21,-0.64,0.24,0.70,-10.12,2.45,0.25,1.18,-0.00,-4.93,18.87,-39.56,4.06
1727.216,0,0,0,0,6642.567,-0.16,-0.66,0.22,0.70,-11.19,3.35,-0.54,1.60,0.03,-6.49,18.87,-39.56,4.06
1727.234,0,0,0,0,6642.589,-0.08,-0.68,0.17,0.71,-11.89,6.05,-0.87,1.53,0.05,-6.55,23.00,-30.56,8.00
1727.254,0,0,0,0,6642.614,-0.03,-0.69,0.14,0.71,-11.31,3.97,-1.17,1.50,0.10,-5.98,23.00,-30.56,8.00
1727.27,0,0,0,0,6642.634,0.02,-0.70,0.11,0.71,-10.96,-1.58,-0.97,1.80,0.34,-6.24,31.19,-21.37,10.75
1727.294,0,0,0,0,6642.659,0.08,-0.71,0.08,0.70,-11.97,-2.42,-0.87,2.04,0.46,-7.17,31.19,-21.37,10.75
1727.33,0,0,0,0,6642.679,0.17,-0.71,0.03,0.68,-12.26,-0.88,-0.68,1.98,0.45,-7.60,36.75,-10.69,12.75
1727.351,0,0,0,0,6642.704,0.23,-0.71,-0.01,0.66,-11.79,1.54,-0.33,1.62,0.36,-7.34,36.75,-10.69,12.75
1727.372,0,0,0,0,6642.726,0.28,-0.71,-0.05,0.64,-10.70,1.79,0.07,0.62,0.10,-6.05,41.56,4.56,12.88
1727.396,0,0,0,0,6642.749,0.34,-0.70,-0.10,0.62,-7.84,-3.70,-0.97,0.44,0.17,-5.29,41.56,4.56,12.88
1727.418,0,0,0,0,6642.769,0.37,-0.70,-0.13,0.60,-6.85,-4.55,-0.74,0.60,0.35,-4.88,41.56,4.56,12.88
1727.435,0,0,0,0,6642.794,0.40,-0.69,-0.15,0.58,-7.37,-2.41,0.42,0.47,0.35,-4.12,40.88,16.37,11.38
1727.46,0,0,0,0,6642.817,0.41,-0.69,-0.17,0.57,-5.21,0.35,0.40,-0.49,-0.07,-1.83,40.88,16.37,11.38
1727.488,0,0,0,0,6642.841,0.42,-0.69,-0.19,0.56,-5.18,-3.17,-1.53,-0.56,-0.06,0.13,37.56,21.87,10.00
1727.506,0,0,0,0,6642.866,0.41,-0.69,-0.18,0.57,-6.64,-6.26,0.04,-0.37,0.12,1.63,37.56,21.87,10.00
1727.531,0,0,0,0,6642.888,0.40,-0.70,-0.17,0.57,-6.82,-6.84,-0.05,-0.42,-0.11,1.90,35.06,24.75,10.69
1727.555,0,0,0,0,6642.911,0.37,-0.70,-0.16,0.58,-7.24,-5.91,-0.58,-0.55,-0.14,2.04,35.06,24.75,10.69
1727.576,0,0,0,0,6642.933,0.36,-0.71,-0.15,0.59,-8.38,-4.38,-0.29,-0.75,-0.12,2.42,36.06,21.75,11.56
1727.593,0,0,0,0,6642.956,0.33,-0.71,-0.13,0.60,-9.68,-3.60,-0.93,-0.99,-0.30,3.61,36.06,21.75,11.56
1727.614,0,0,0,0,6642.978,0.29,-0.72,-0.10,0.62,-10.30,-4.12,-0.53,-0.99,-0.43,4.43,37.88,17.25,13.56
1727.646,0,0,0,0,6643.003,0.25,-0.73,-0.08,0.64,-10.62,-4.74,-1.25,-1.08,-0.59,4.82,37.88,17.25,13.56
1727.674,0,0,0,0,6643.023,0.21,-0.73,-0.05,0.65,-10.47,-5.76,-1.41,-1.01,-0.57,4.78,38.69,9.88,14.69
1727.695,0,0,0,0,6643.046,0.18,-0.73,-0.03,0.66,-10.61,-4.54,-0.74,-0.81,-0.40,3.87,38.69,9.88,14.69
1727.712,0,0,0,0,6643.068,0.14,-0.73,0.00,0.67,-10.96,-2.50,-0.28,-0.74,-0.39,3.42,38.69,9.88,14.69
1727.749,0,0,0,0,6643.093,0.11,-0.72,0.02,0.68,-10.63,-1.39,-0.25,-0.74,-0.49,3.27,39.38,2.06,13.56
1727.774,0,0,0,0,6643.116,0.09,-0.72,0.04,0.69,-10.40,-0.56,-0.64,-0.72,-0.48,3.09,39.38,2.06,13.56
1727.809,0,0,0,0,6643.138,0.05,-0.71,0.06,0.70,-10.39,-0.74,-0.66,-0.68,-0.38,2.82,36.88,-4.25,13.56
1727.836,0,0,0,0,6643.163,0.03,-0.71,0.07,0.70,-10.35,-0.63,-0.26,-0.57,-0.32,2.32,36.88,-4.25,13.56
1727.859,0,0,0,0,6643.185,0.01,-0.71,0.08,0.70,-10.21,1.66,-0.02,-0.51,-0.41,1.96,34.56,-8.50,12.38
1727.885,0,0,0,0,6643.208,-0.01,-0.70,0.10,0.71,-9.85,1.81,-0.52,-0.49,-0.38,2.21,34.56,-8.50,12.38
1727.902,0,0,0,0,6643.23,-0.03,-0.70,0.11,0.71,-9.63,0.97,-0.04,-0.45,-0.26,2.08,33.88,-13.00,11.56
1727.926,0,0,0,0,6643.255,-0.04,-0.69,0.12,0.71,-9.27,0.77,-0.07,-0.38,-0.22,1.56,33.88,-13.00,11.56
1727.953,0,0,0,0,6643.275,-0.05,-0.69,0.12,0.71,-9.12,1.62,0.30,-0.20,-0.15,0.64,31.87,-17.19,10.38
1727.969,0,0,0,0,6643.298,-0.06,-0.69,0.13,0.71,-9.09,2.88,0.04,-0.10,-0.11,0.23,31.87,-17.19,10.38
1727.99,0,0,0,0,6643.32,-0.06,-0.69,0.13,0.71,-9.36,4.38,0.43,-0.13,-0.07,0.11,31.87,-17.19,10.38
1728.007,0,0,0,0,6643.345,-0.06,-0.69,0.13,0.71,-9.87,6.39,0.39,-0.49,-0.16,0.98,31.19,-18.00,9.56
1728.03,0,0,0,0,6643.367,-0.08,-0.68,0.13,0.71,-9.68,2.85,0.98,-0.51,-0.25,1.62,31.19,-18.00,9.56
1728.049,0,0,0,0,6643.39,-0.10,-0.68,0.14,0.72,-9.14,1.57,0.61,-0.43,-0.40,1.53,30.75,-18.37,9.56
1728.071,0,0,0,0,6643.415,-0.10,-0.67,0.15,0.72,-9.18,0.70,0.11,-0.17,-0.32,0.41,30.75,-18.37,9.56
1728.096,0,0,0,0,6643.435,-0.11,-0.67,0.15,0.72,-9.59,2.93,0.54,-0.02,-0.31,-0.33,29.25,-21.37,8.06
1728.129,0,0,0,0,6643.46,-0.10,-0.67,0.14,0.72,-9.50,3.95,0.70,0.01,-0.35,-0.63,29.25,-21.37,8.06
1728.166,0,0,0,0,6643.48,-0.10,-0.67,0.14,0.73,-9.11,4.82,1.02,-0.09,-0.37,-0.58,29.25,-22.06,9.50
1728.198,0,0,0,0,6643.505,-0.09,-0.66,0.14,0.73,-9.04,4.62,0.79,-0.18,-0.27,-0.19,29.25,-22.06,9.50
1728.219,0,0,0,0,6643.525,-0.09,-0.66,0.14,0.73,-9.11,3.22,1.31,-0.19,-0.18,-0.06,29.69,-20.69,8.00
1728.236,0,0,0,0,6643.55,-0.09,-0.66,0.13,0.73,-9.36,2.30,1.20,-0.15,-0.14,-0.16,29.69,-20.69,8.00
1728.265,0,0,0,0,6643.57,-0.09,-0.66,0.13,0.73,-9.77,2.28,1.23,-0.05,-0.10,-0.39,29.69,-20.69,8.00
1728.294,0,0,0,0,6643.595,-0.09,-0.66,0.13,0.74,-10.09,2.74,1.36,0.11,-0.15,-0.68,29.25,-21.75,7.56
1728.31,0,0,0,0,6643.617,-0.08,-0.66,0.12,0.74,-10.28,3.92,1.31,0.12,-0.24,-0.71,29.25,-21.75,7.56
1728.34,0,0,0,0,6643.64,-0.06,-0.65,0.13,0.74,-10.15,4.02,1.28,0.05,-0.34,-0.63,30.00,-20.69,8.75
1728.364,0,0,0,0,6643.664,-0.06,-0.65,0.13,0.74,-10.00,3.65,1.37,-0.00,-0.44,-0.47,30.00,-20.69,8.75
1728.383,0,0,0,0,6643.685,-0.04,-0.65,0.13,0.75,-9.56,2.66,1.27,-0.00,-0.54,-0.36,31.50,-21.06,8.19
1728.409,0,0,0,0,6643.709,-0.04,-0.64,0.13,0.75,-9.19,2.48,0.92,0.03,-0.60,-0.38,31.50,-21.06,8.19
1728.429,0,0,0,0,6643.73,-0.02,-0.64,0.14,0.76,-9.08,2.78,0.71,0.02,-0.58,-0.40,32.69,-21.06,6.75
1728.45,0,0,0,0,6643.755,-0.02,-0.63,0.14,0.76,-9.08,2.68,0.77,-0.06,-0.46,-0.29,32.69,-21.06,6.75
1728.477,0,0,0,0,6643.775,-0.02,-0.63,0.13,0.76,-8.98,2.51,1.43,-0.11,-0.43,-0.17,32.69,-19.87,7.06
1728.5,0,0,0,0,6643.8,-0.00,-0.62,0.14,0.77,-8.83,2.21,1.23,-0.14,-0.40,-0.07,32.69,-19.87,7.06
1728.523,0,0,0,0,6643.82,-0.00,-0.62,0.14,0.77,-8.72,1.75,1.57,-0.17,-0.30,-0.04,32.69,-19.87,7.06
1728.54,0,0,0,0,6643.845,0.01,-0.62,0.15,0.77,-8.82,1.60,1.65,-0.19,-0.14,-0.09,33.38,-20.25,7.19
1728.562,0,0,0,0,6643.865,0.01,-0.62,0.15,0.77,-9.30,1.85,1.73,-0.16,-0.07,-0.11,33.38,-20.25,7.19
1728.581,0,0,0,0,6643.89,0.01,-0.62,0.14,0.77,-9.45,1.97,1.83,-0.15,-0.08,-0.09,34.19,-20.69,6.75
1728.612,0,0,0,0,6643.914,0.01,-0.62,0.14,0.77,-9.36,1.90,1.77,-0.11,-0.07,-0.06,34.19,-20.69,6.75
1728.639,0,0,0,0,6643.935,0.01,-0.62,0.14,0.78,-9.32,2.27,1.96,-0.11,-0.05,-0.02,33.75,-21.75,6.50
1728.66,0,0,0,0,6643.957,0.01,-0.61,0.14,0.78,-9.17,2.26,2.05,-0.09,-0.05,0.04,33.75,-21.75,6.50
1728.679,0,0,0,0,6643.98,0.01,-0.61,0.14,0.78,-9.03,2.06,1.98,-0.07,-0.05,0.05,34.75,-21.06,6.50
1728.702,0,0,0,0,6644.002,0.00,-0.61,0.14,0.78,-9.06,2.01,1.78,-0.02,0.02,-0.03,34.75,-21.06,6.50
1728.719,0,0,0,0,6644.025,0.00,-0.61,0.14,0.78,-9.36,2.23,2.11,-0.01,0.04,-0.05,34.38,-20.69,5.69
1728.741,0,0,0,0,6644.047,0.01,-0.61,0.14,0.78,-9.36,2.31,1.98,0.01,0.00,-0.03,34.38,-20.69,5.69
1728.769,0,0,0,0,6644.07,0.01,-0.61,0.14,0.78,-9.35,2.32,1.87,0.01,-0.01,-0.02,34.38,-20.69,5.69
1728.786,0,0,0,0,6644.092,0.01,-0.61,0.14,0.78,-9.41,2.57,1.83,-0.02,0.00,0.02,34.06,-20.69,6.56
1728.81,0,0,0,0,6644.115,0.00,-0.62,0.14,0.78,-9.26,2.19,1.89,-0.04,0.01,0.04,34.06,-20.69,6.56
