1381.458,378,173,26,23,6297.516,0.15,-0.70,0.15,0.69,-9.94,0.00,-0.13,-0.00,0.04,0.00,33.56,-10.75,6.06
1381.483,378,173,26,23,6297.538,0.15,-0.70,0.15,0.68,-9.93,0.14,-0.06,-0.01,0.03,-0.01,34.75,-10.75,6.88
1381.536,377,171,29,26,6297.561,0.15,-0.70,0.15,0.68,-9.89,0.04,-0.16,-0.03,0.02,-0.01,34.75,-10.75,6.88
1381.56,376,171,30,26,6297.581,0.15,-0.70,0.15,0.68,-9.80,-0.03,-0.34,-0.05,0.02,-0.01,34.25,-10.75,7.25
1381.584,378,172,29,26,6297.606,0.15,-0.70,0.15,0.68,-9.98,-0.15,-0.52,-0.04,0.06,-0.03,34.25,-10.75,7.25
1381.61,378,172,29,27,6297.626,0.15,-0.70,0.15,0.68,-10.16,-0.35,-0.26,-0.00,0.04,-0.05,33.88,-10.75,6.88
1381.659,378,172,29,25,6297.651,0.15,-0.70,0.15,0.68,-10.10,-0.32,-0.39,0.00,-0.01,-0.05,33.88,-10.75,6.88
1381.687,378,172,29,25,6297.671,0.15,-0.70,0.15,0.68,-9.91,-0.44,-0.44,0.00,-0.05,-0.03,33.88,-10.75,6.88
1381.713,377,171,28,26,6297.696,0.16,-0.70,0.15,0.68,-9.79,-0.47,-0.37,0.02,-0.08,-0.00,34.69,-11.56,6.88
1381.732,377,171,28,26,6297.718,0.16,-0.70,0.15,0.68,-9.75,-0.34,-0.09,0.03,-0.09,0.02,34.69,-11.56,6.88
1381.756,376,171,28,26,6297.741,0.16,-0.70,0.15,0.69,-9.84,-0.28,-0.07,0.02,-0.08,0.06,35.75,-10.75,6.50
1381.78,374,171,30,26,6297.765,0.16,-0.69,0.15,0.69,-9.80,-0.21,-0.12,0.02,-0.05,0.06,35.75,-10.75,6.50
1381.805,374,171,30,26,6297.786,0.16,-0.69,0.15,0.69,-10.00,0.11,-0.39,0.05,-0.03,0.03,32.75,-10.50,6.06
1381.844,375,171,29,25,6297.808,0.16,-0.69,0.15,0.69,-10.02,0.17,-0.05,0.05,-0.04,0.01,32.75,-10.50,6.06
1381.869,375,171,29,26,6297.831,0.16,-0.69,0.15,0.69,-9.93,0.19,0.03,0.03,-0.09,0.02,34.69,-10.75,6.06
1381.894,375,171,28,26,6297.853,0.16,-0.69,0.15,0.69,-9.78,0.13,0.15,-0.02,-0.06,0.04,34.69,-10.75,6.06
1381.92,374,171,28,26,6297.876,0.16,-0.69,0.15,0.69,-9.77,0.08,-0.08,-0.01,-0.04,-0.01,33.88,-11.56,6.50
1381.949,373,171,29,26,6297.899,0.16,-0.69,0.15,0.69,-9.72,0.26,0.11,0.02,-0.03,-0.07,33.88,-11.56,6.50
1381.983,371,171,29,26,6297.919,0.16,-0.69,0.15,0.69,-9.69,0.25,0.52,-0.00,-0.04,-0.06,33.88,-11.56,6.50
1382.082,371,171,29,26,6297.944,0.16,-0.69,0.15,0.69,-9.74,0.17,0.31,-0.04,-0.03,-0.03,33.88,-11.19,5.69
1382.115,370,171,29,26,6297.966,0.16,-0.69,0.15,0.69,-9.63,0.16,0.04,-0.06,0.04,-0.08,33.88,-11.19,5.69
1382.274,369,171,27,26,6297.989,0.16,-0.69,0.15,0.69,-9.70,0.08,-0.05,-0.05,0.07,-0.13,34.25,-12.00,5.69
1382.365,368,172,28,27,6298.013,0.16,-0.69,0.15,0.69,-9.78,-0.14,-0.03,-0.05,0.10,-0.16,34.25,-12.00,5.69
1382.388,369,172,27,25,6298.036,0.16,-0.69,0.15,0.69,-9.82,-0.48,-0.24,-0.05,0.13,-0.14,33.19,-11.56,4.88
1382.421,369,172,28,26,6298.058,0.16,-0.70,0.14,0.68,-9.80,-0.61,-0.32,-0.04,0.14,-0.14,33.19,-11.56,4.88
1382.46,369,172,28,26,6298.079,0.16,-0.70,0.14,0.68,-9.87,-0.86,-0.24,0.00,0.14,-0.14,34.00,-10.06,5.00
1382.494,370,171,29,26,6298.103,0.16,-0.70,0.14,0.68,-9.79,-0.63,-0.28,0.05,0.12,-0.17,34.00,-10.06,5.00
1382.521,370,173,29,25,6298.126,0.16,-0.70,0.14,0.68,-9.78,-0.52,-0.05,0.03,0.08,-0.08,34.00,-10.75,5.69
1382.565,370,172,28,25,6298.146,0.16,-0.70,0.14,0.68,-9.57,-0.52,-0.01,0.00,0.06,-0.03,34.00,-10.75,5.69
1382.602,370,172,28,25,6298.169,0.16,-0.70,0.14,0.68,-9.40,-0.41,-0.03,0.00,0.05,-0.01,34.00,-10.75,5.69
1382.627,371,171,28,26,6298.191,0.16,-0.70,0.14,0.68,-9.46,-0.42,-0.03,-0.02,0.09,-0.02,34.75,-10.75,5.69
1382.66,370,171,28,25,6298.216,0.16,-0.70,0.14,0.68,-9.59,-0.35,-0.06,-0.02,0.16,-0.01,34.75,-10.75,5.69
1382.696,370,170,28,26,6298.236,0.16,-0.70,0.14,0.68,-9.64,-0.43,-0.12,-0.01,0.15,-0.01,34.69,-10.75,6.06
1382.721,370,170,29,26,6298.261,0.16,-0.70,0.14,0.68,-9.74,-0.19,-0.54,-0.01,0.18,-0.02,34.69,-10.75,6.06
1382.745,369,170,30,27,6298.281,0.16,-0.71,0.14,0.68,-10.01,-0.30,-0.73,-0.04,0.20,0.01,33.88,-10.06,6.50
1382.768,370,169,30,28,6298.304,0.16,-0.71,0.14,0.67,-10.28,-0.54,-1.02,-0.04,0.16,-0.01,33.88,-10.06,6.50
1382.785,370,169,30,28,6298.327,0.16,-0.71,0.14,0.67,-10.32,-0.43,-1.05,-0.02,0.14,-0.02,33.88,-11.19,7.25
1382.82,370,169,30,28,6298.351,0.16,-0.71,0.14,0.67,-10.33,-0.51,-0.97,-0.01,0.09,-0.01,33.88,-11.19,7.25
1382.844,372,169,31,28,6298.372,0.16,-0.71,0.14,0.67,-10.24,-0.56,-0.81,0.02,0.02,-0.01,34.00,-10.75,7.25
1382.876,374,169,31,28,6298.394,0.16,-0.71,0.14,0.67,-9.92,-0.43,-0.64,0.04,-0.02,-0.03,34.00,-10.75,7.25
1382.901,377,171,30,27,6298.417,0.16,-0.71,0.14,0.67,-9.83,-0.41,-0.64,0.04,-0.01,-0.02,34.00,-10.75,7.25
1382.926,378,172,30,27,6298.439,0.16,-0.71,0.14,0.67,-9.84,-0.37,-0.55,0.05,0.01,-0.02,34.00,-10.75,7.56
1382.95,376,171,33,30,6298.464,0.16,-0.71,0.14,0.67,-9.87,-0.35,-0.53,0.05,-0.01,-0.04,34.00,-10.75,7.56
1382.985,376,171,33,30,6298.486,0.16,-0.71,0.14,0.67,-9.88,-0.45,-0.54,0.05,-0.01,-0.04,34.75,-10.50,7.25
1383.01,376,173,32,30,6298.509,0.16,-0.71,0.14,0.67,-9.84,-0.59,-0.57,0.04,0.00,-0.03,34.75,-10.50,7.25
1383.034,374,174,34,31,6298.529,0.16,-0.71,0.14,0.67,-9.86,-0.62,-0.42,0.07,-0.00,-0.03,33.25,-10.75,8.00
1383.058,375,177,32,29,6298.554,0.16,-0.71,0.14,0.67,-9.77,-0.35,-0.49,0.06,-0.04,-0.02,33.25,-10.75,8.00
1383.108,375,178,35,32,6298.574,0.16,-0.71,0.14,0.67,-9.78,-0.46,-0.38,0.03,-0.05,0.02,34.75,-10.06,6.88
1383.158,379,180,32,31,6298.597,0.17,-0.71,0.14,0.67,-9.80,-0.40,-0.52,0.05,-0.02,0.01,34.75,-10.06,6.88
1383.184,381,181,34,31,6298.619,0.17,-0.71,0.14,0.67,-9.80,-0.31,-0.24,0.04,-0.01,-0.01,34.75,-10.06,6.88
1383.21,381,178,35,32,6298.642,0.17,-0.71,0.14,0.67,-9.84,-0.22,-0.41,0.04,-0.02,-0.02,34.00,-10.06,7.25
1383.238,378,176,33,31,6298.664,0.17,-0.71,0.14,0.67,-9.84,-0.36,-0.25,0.01,-0.00,-0.00,34.00,-10.06,7.25
1383.267,372,173,33,31,6298.687,0.17,-0.71,0.14,0.67,-9.76,-0.48,-0.33,0.01,-0.02,-0.01,34.38,-10.50,8.50
1383.308,365,170,34,32,6298.712,0.17,-0.71,0.14,0.67,-9.80,-0.40,-0.43,0.02,-0.01,-0.03,34.38,-10.50,8.50
1383.332,364,169,34,30,6298.734,0.17,-0.71,0.14,0.67,-9.77,-0.38,-0.32,0.00,-0.01,-0.01,34.38,-10.06,7.25
1383.357,365,168,33,31,6298.757,0.17,-0.71,0.14,0.67,-9.85,-0.52,-0.45,-0.00,-0.02,0.01,34.38,-10.06,7.25
1383.381,365,168,33,31,6298.781,0.17,-0.71,0.14,0.67,-9.87,-0.47,-0.52,0.01,-0.01,-0.01,34.38,-10.50,8.00
1383.399,365,168,33,31,6298.804,0.17,-0.71,0.14,0.67,-9.89,-0.51,-0.55,0.03,0.01,-0.03,34.38,-10.50,8.00
1383.453,363,167,33,30,6298.826,0.17,-0.71,0.14,0.67,-9.88,-0.36,-0.37,0.02,-0.01,-0.02,34.00,-10.06,7.56
1383.491,359,169,32,29,6298.849,0.17,-0.71,0.14,0.67,-9.77,-0.49,-0.48,-0.01,-0.02,0.01,34.00,-10.06,7.56
1383.507,359,169,32,29,6298.871,0.17,-0.71,0.14,0.67,-9.73,-0.50,-0.43,0.00,-0.01,0.01,34.00,-10.06,7.56
1383.543,358,172,31,28,6298.894,0.17,-0.71,0.14,0.67,-9.77,-0.18,-0.35,0.00,0.02,-0.03,34.38,-10.50,6.88
1383.57,357,176,24,24,6298.916,0.17,-0.71,0.14,0.67,-9.81,-0.44,-0.31,-0.02,0.00,0.01,34.38,-10.50,6.88
1383.596,346,176,30,28,6298.939,0.17,-0.71,0.14,0.67,-9.85,-0.58,-0.39,-0.04,-0.01,0.02,33.25,-10.50,7.69
1383.63,341,178,30,29,6298.963,0.17,-0.71,0.14,0.67,-9.85,-0.62,-0.51,0.00,0.02,-0.00,33.25,-10.50,7.69
1383.688,340,179,31,28,6298.984,0.17,-0.71,0.14,0.67,-9.72,-0.47,-0.17,0.01,0.02,-0.01,34.38,-10.06,7.56
1383.713,339,181,31,29,6299.006,0.17,-0.71,0.14,0.67,-9.54,-0.50,-0.27,0.00,-0.00,-0.01,34.38,-10.06,7.56
1383.747,342,182,29,26,6299.029,0.17,-0.71,0.14,0.67,-9.59,-0.21,-0.09,0.01,0.06,-0.03,33.56,-10.06,8.06
1383.775,344,180,30,28,6299.052,0.17,-0.71,0.14,0.67,-9.65,-0.14,-0.20,-0.07,0.03,0.05,33.56,-10.06,8.06
1383.802,351,181,25,23,6299.074,0.17,-0.71,0.14,0.67,-9.84,-0.66,-0.97,-0.04,0.05,0.02,33.56,-9.69,7.56
1383.851,357,178,24,23,6299.097,0.17,-0.71,0.14,0.67,-10.18,-0.65,-0.82,0.01,0.11,-0.03,33.56,-9.69,7.56
1383.876,365,176,22,21,6299.119,0.17,-0.71,0.14,0.67,-10.25,-0.50,-0.50,0.02,0.07,-0.03,33.56,-9.69,7.56
1383.901,374,170,25,27,6299.142,0.17,-0.71,0.14,0.67,-10.11,-0.68,-0.60,-0.03,-0.06,0.05,34.00,-10.06,8.06
1383.925,383,169,27,29,6299.164,0.17,-0.71,0.14,0.67,-9.75,-0.62,-0.81,0.02,-0.05,0.04,34.00,-10.06,8.06
1383.943,383,169,27,29,6299.189,0.17,-0.71,0.14,0.67,-9.77,-0.39,-0.68,0.07,-0.01,-0.01,35.06,-10.06,7.25
1383.999,390,170,29,28,6299.211,0.17,-0.71,0.14,0.67,-9.91,-0.26,-0.59,0.10,-0.01,-0.04,35.06,-10.06,7.25
1384.044,394,172,29,27,6299.234,0.17,-0.71,0.14,0.67,-10.12,-0.21,-0.39,0.04,-0.03,-0.02,33.56,-10.75,7.56
1384.071,397,173,31,27,6299.258,0.17,-0.71,0.14,0.67,-10.11,-0.48,-0.53,0.02,-0.03,-0.01,33.56,-10.75,7.56
1384.098,397,173,30,28,6299.279,0.17,-0.71,0.14,0.67,-9.93,-0.42,-0.40,0.02,-0.04,-0.03,34.38,-10.50,8.50
1384.122,396,175,32,29,6299.303,0.17,-0.71,0.14,0.67,-9.71,-0.44,-0.53,0.02,-0.08,-0.03,34.38,-10.50,8.50
1384.185,396,177,32,30,6299.324,0.17,-0.71,0.14,0.67,-9.62,-0.55,-0.19,0.02,-0.07,-0.01,33.56,-9.69,8.50
1384.22,397,179,33,31,6299.346,0.17,-0.71,0.14,0.67,-9.69,-0.57,-0.40,0.02,-0.05,-0.01,33.56,-9.69,8.50
1384.248,396,182,34,31,6299.369,0.17,-0.71,0.14,0.67,-9.77,-0.42,-0.25,0.03,-0.01,-0.04,33.56,-9.69,8.50
1384.283,396,184,33,31,6299.392,0.17,-0.71,0.14,0.67,-9.77,-0.46,-0.16,0.01,0.00,-0.03,33.25,-10.50,6.50
1384.318,393,183,34,32,6299.414,0.17,-0.71,0.14,0.67,-9.68,-0.44,-0.31,-0.01,-0.03,0.01,33.25,-10.50,6.50
1384.345,390,182,33,32,6299.437,0.17,-0.71,0.14,0.67,-9.79,-0.53,-0.30,-0.01,-0.01,0.01,34.38,-9.00,7.56
1384.384,384,181,34,31,6299.459,0.17,-0.71,0.14,0.67,-9.93,-0.47,-0.31,0.01,0.01,-0.00,34.38,-9.00,7.56
1384.41,381,178,34,31,6299.482,0.17,-0.71,0.14,0.67,-9.88,-0.49,-0.36,0.00,0.00,-0.02,34.38,-10.06,7.25
1384.435,378,178,28,27,6299.504,0.17,-0.71,0.14,0.67,-9.76,-0.49,-0.42,-0.00,-0.01,-0.02,34.38,-10.06,7.25
1384.464,371,177,22,22,6299.527,0.17,-0.71,0.14,0.67,-9.75,-0.57,-0.40,-0.00,-0.01,0.00,34.38,-9.69,7.69
1384.519,358,171,32,30,6299.551,0.17,-0.71,0.14,0.67,-9.81,-0.55,-0.48,0.01,0.01,-0.00,34.38,-9.69,7.69
1384.641,356,170,33,30,6299.574,0.17,-0.71,0.14,0.67,-9.87,-0.56,-0.36,0.01,0.02,-0.01,34.00,-10.50,8.00
1384.695,355,169,32,30,6299.596,0.17,-0.71,0.14,0.67,-9.88,-0.51,-0.48,0.02,0.01,-0.01,34.00,-10.50,8.00
1384.737,358,172,31,28,6299.617,0.17,-0.71,0.14,0.67,-9.85,-0.48,-0.38,0.01,-0.00,-0.01,34.00,-10.50,8.00
1384.785,354,176,31,28,6299.641,0.17,-0.71,0.14,0.67,-9.80,-0.41,-0.30,0.01,-0.01,-0.00,34.00,-9.69,7.25
1384.82,351,181,28,27,6299.664,0.17,-0.71,0.14,0.67,-9.73,-0.41,-0.22,-0.01,0.00,-0.00,34.00,-9.69,7.25
1384.849,351,184,30,27,6299.684,0.17,-0.71,0.14,0.67,-9.74,-0.54,-0.22,-0.02,0.01,0.01,34.00,-10.50,6.50
1384.932,355,186,29,27,6299.709,0.17,-0.71,0.14,0.67,-9.78,-0.54,-0.41,-0.00,0.02,-0.01,34.00,-10.50,6.50
1384.973,358,188,29,27,6299.731,0.17,-0.71,0.14,0.67,-9.88,-0.37,-0.41,0.02,0.03,-0.02,35.06,-9.69,8.00
1385.007,363,192,27,25,6299.754,0.17,-0.71,0.14,0.67,-9.96,-0.46,-0.53,-0.01,0.02,-0.01,35.06,-9.69,8.00
1385.065,364,192,29,26,6299.774,0.17,-0.71,0.14,0.67,-9.97,-0.57,-0.38,-0.01,0.00,-0.00,33.56,-9.69,8.00
1385.149,365,191,28,26,6299.799,0.17,-0.71,0.14,0.67,-9.87,-0.48,-0.51,-0.01,-0.02,-0.01,33.56,-9.69,8.00
1385.184,371,190,22,20,6299.822,0.17,-0.71,0.14,0.67,-9.76,-0.50,-0.48,-0.01,-0.00,-0.02,34.00,-10.06,7.56
1385.257,392,175,26,28,6299.844,0.17,-0.71,0.14,0.67,-9.78,-0.57,-0.44,0.00,0.01,-0.02,34.00,-10.06,7.56
1385.322,399,174,27,27,6299.865,0.17,-0.71,0.14,0.67,-9.81,-0.49,-0.25,-0.00,-0.01,-0.00,34.00,-10.06,7.56
1385.351,406,174,25,24,6299.889,0.17,-0.71,0.14,0.67,-9.83,-0.49,-0.35,-0.02,-0.01,0.01,33.56,-9.69,8.00
1385.395,413,176,30,27,6299.912,0.17,-0.71,0.14,0.67,-9.78,-0.56,-0.45,-0.00,0.03,-0.02,33.56,-9.69,8.00
1385.429,412,176,33,29,6299.934,0.17,-0.71,0.14,0.67,-9.72,-0.39,-0.39,0.00,0.03,-0.03,34.75,-9.69,6.50
1385.464,414,178,31,29,6299.957,0.17,-0.71,0.14,0.67,-9.74,-0.47,-0.37,-0.02,0.02,-0.02,34.75,-9.69,6.50
1385.492,409,177,33,30,6299.977,0.17,-0.71,0.14,0.67,-9.83,-0.69,-0.39,-0.02,0.02,-0.00,34.00,-9.69,8.50
1385.528,405,176,29,30,6300.002,0.17,-0.71,0.14,0.67,-9.93,-0.59,-0.50,-0.01,0.03,-0.01,34.00,-9.69,8.50
1385.574,396,176,33,31,6300.024,0.17,-0.71,0.14,0.67,-9.96,-0.53,-0.47,-0.01,-0.00,0.01,34.38,-10.06,7.56
1385.614,391,176,32,31,6300.047,0.17,-0.71,0.14,0.67,-9.90,-0.67,-0.63,-0.00,-0.02,-0.01,34.38,-10.06,7.56
1385.673,381,173,33,32,6300.069,0.17,-0.71,0.14,0.67,-9.72,-0.54,-0.41,0.01,-0.02,-0.03,34.38,-10.06,7.56
1385.715,374,171,37,34,6300.092,0.17,-0.71,0.14,0.67,-9.56,-0.77,-0.16,0.01,-0.01,0.00,34.38,-10.50,6.88
1385.786,371,171,36,34,6300.114,0.17,-0.71,0.14,0.67,-9.48,-0.65,-0.32,0.01,0.00,0.02,34.38,-10.50,6.88
1385.843,370,170,35,33,6300.137,0.17,-0.71,0.14,0.67,-9.70,-0.80,-0.56,0.02,0.03,0.04,34.00,-9.25,8.00
1385.871,372,165,34,32,6300.162,0.17,-0.71,0.14,0.67,-9.78,-0.99,-0.17,0.07,0.02,-0.02,34.00,-9.25,8.00
1385.947,364,161,32,30,6300.182,0.17,-0.71,0.14,0.67,-10.06,-0.13,-0.81,0.10,-0.01,-0.02,34.38,-10.75,8.50
1385.978,362,161,33,30,6300.205,0.17,-0.71,0.14,0.67,-10.22,-0.37,-0.63,0.07,0.03,0.02,34.38,-10.75,8.50
1386.022,364,163,34,31,6300.227,0.17,-0.71,0.14,0.67,-10.11,-0.50,-0.53,0.07,-0.00,-0.00,33.56,-10.06,8.00
1386.072,367,170,31,29,6300.25,0.18,-0.71,0.14,0.67,-9.93,-0.21,-1.11,0.10,0.02,-0.02,33.56,-10.06,8.00
1386.097,367,174,23,24,6300.272,0.18,-0.71,0.15,0.67,-9.70,-0.58,-0.50,0.09,0.05,-0.02,34.38,-9.69,8.75
1386.121,359,180,24,22,6300.295,0.18,-0.71,0.15,0.67,-10.00,-0.66,-0.42,0.04,0.04,-0.07,34.38,-9.69,8.75
1386.167,356,180,30,29,6300.317,0.18,-0.71,0.15,0.67,-9.90,-0.70,-0.55,0.12,0.03,-0.09,34.38,-9.69,8.75
1386.201,361,183,31,29,6300.34,0.18,-0.71,0.15,0.67,-9.92,-0.49,-0.47,0.16,0.04,-0.10,33.25,-9.69,8.50
1386.245,366,185,30,27,6300.362,0.18,-0.71,0.15,0.67,-9.94,-0.43,-0.62,0.15,0.07,-0.08,33.25,-9.69,8.50
1386.277,367,187,31,27,6300.385,0.18,-0.71,0.15,0.66,-9.87,-0.62,-0.45,0.17,0.07,-0.07,34.38,-9.69,8.50
1386.33,368,187,30,27,6300.407,0.18,-0.71,0.15,0.66,-9.74,-0.66,-0.33,0.15,0.05,-0.09,34.38,-9.69,8.50
1386.357,371,187,30,27,6300.43,0.19,-0.71,0.15,0.66,-9.58,-0.66,-0.17,0.15,0.04,-0.10,34.38,-10.06,8.00
1386.395,374,186,29,27,6300.452,0.19,-0.71,0.15,0.66,-9.61,-0.83,-0.41,0.11,0.04,-0.07,34.38,-10.06,8.00
1386.422,385,185,21,22,6300.473,0.19,-0.71,0.15,0.66,-9.68,-0.89,-0.40,0.12,0.07,-0.05,34.75,-9.00,7.25
1386.449,394,182,21,24,6300.495,0.19,-0.71,0.15,0.66,-9.70,-0.66,-0.49,0.17,0.10,-0.04,34.75,-9.00,7.25
1386.475,399,177,29,29,6300.518,0.19,-0.71,0.15,0.66,-9.67,-0.38,-0.21,0.15,0.11,-0.01,34.75,-9.00,7.25
1386.511,406,175,31,30,6300.54,0.19,-0.71,0.15,0.66,-9.68,-0.16,-0.16,0.10,0.07,0.01,34.00,-8.56,8.06
1386.554,408,176,32,28,6300.563,0.19,-0.71,0.15,0.66,-9.92,-0.11,-0.17,0.01,0.04,-0.02,34.00,-8.56,8.06
1386.589,410,176,32,29,6300.585,0.19,-0.71,0.15,0.66,-10.09,-0.61,-0.48,-0.05,0.03,-0.09,34.38,-9.25,8.50
1386.623,413,176,33,31,6300.61,0.19,-0.71,0.15,0.66,-10.12,-1.00,-0.99,-0.07,0.07,-0.17,34.38,-9.25,8.50
1386.658,414,179,30,27,6300.633,0.19,-0.71,0.15,0.66,-9.94,-0.85,-0.82,-0.03,0.04,-0.18,34.38,-9.25,9.19
1386.684,413,178,29,26,6300.655,0.20,-0.71,0.15,0.66,-9.59,-0.92,-0.96,-0.03,-0.05,-0.10,34.38,-9.25,9.19
1386.722,410,178,32,29,6300.676,0.20,-0.71,0.15,0.66,-9.29,-1.09,-0.90,-0.03,-0.08,-0.09,33.56,-9.69,7.56
1386.75,409,179,30,28,6300.7,0.20,-0.71,0.15,0.66,-9.49,-1.49,-0.74,0.03,-0.02,-0.07,33.56,-9.69,7.56
1386.773,405,180,31,33,6300.721,0.20,-0.71,0.15,0.66,-9.79,-1.45,-0.82,0.11,0.05,-0.05,33.50,-9.00,9.56
1386.809,405,180,31,33,6300.743,0.20,-0.71,0.15,0.66,-9.98,-1.17,-0.84,0.21,0.07,-0.01,33.50,-9.00,9.56
1386.85,400,186,27,27,6300.766,0.20,-0.71,0.15,0.66,-10.00,-1.01,-0.60,0.31,0.04,-0.01,33.50,-9.00,9.56
1386.895,389,185,37,35,6300.79,0.20,-0.71,0.15,0.66,-10.21,-0.89,-0.20,0.34,-0.05,0.01,34.38,-9.69,7.56
1386.921,387,186,37,35,6300.813,0.20,-0.71,0.15,0.66,-9.82,-0.86,-0.43,0.17,-0.13,0.05,34.38,-9.69,7.56
1386.95,380,183,38,36,6300.835,0.21,-0.71,0.15,0.66,-9.72,-1.01,-0.60,0.19,-0.12,0.05,34.25,-9.25,8.50
1386.98,377,182,36,34,6300.86,0.21,-0.71,0.16,0.66,-9.67,-0.95,-0.90,0.21,-0.10,0.01,34.25,-9.25,8.50
1387.003,374,179,36,34,6300.88,0.21,-0.71,0.16,0.66,-9.68,-0.98,-0.78,0.30,-0.04,-0.09,34.25,-9.00,8.75
1387.039,374,179,36,34,6300.903,0.21,-0.71,0.16,0.66,-9.91,-0.97,-0.77,0.37,0.02,-0.20,34.25,-9.00,8.75
1387.088,370,176,36,34,6300.923,0.22,-0.71,0.16,0.65,-9.93,-0.51,-0.24,0.26,0.05,-0.21,34.25,-8.56,8.50
1387.123,367,173,37,35,6300.948,0.22,-0.71,0.16,0.65,-9.88,-0.87,-0.18,0.18,-0.00,-0.06,34.25,-8.56,8.50
1387.141,367,173,37,35,6300.968,0.22,-0.71,0.16,0.65,-9.76,-1.11,-0.09,0.14,-0.08,0.04,34.25,-8.56,8.50
1387.174,361,170,37,35,6300.991,0.22,-0.70,0.16,0.66,-9.55,-0.62,-0.25,0.22,-0.21,0.11,34.25,-8.56,8.50
1387.211,358,169,38,36,6301.014,0.22,-0.70,0.16,0.66,-9.63,-0.55,-0.22,0.15,-0.23,0.18,34.25,-8.56,8.50
1387.237,361,170,38,35,6301.038,0.22,-0.70,0.17,0.66,-9.61,-0.88,-0.23,0.02,-0.17,0.23,33.88,-8.56,8.50
1387.26,366,172,35,32,6301.061,0.22,-0.70,0.17,0.66,-9.58,-1.21,-0.37,-0.04,0.03,0.12,33.88,-8.56,8.50
1387.291,369,173,33,31,6301.083,0.22,-0.70,0.17,0.66,-9.83,-0.81,-0.43,-0.12,0.12,0.06,33.88,-8.56,8.06
1387.317,367,172,33,32,6301.106,0.22,-0.70,0.17,0.66,-9.91,-0.75,-0.57,-0.23,0.20,0.04,33.88,-8.56,8.06
1387.342,362,173,33,32,6301.128,0.21,-0.70,0.17,0.66,-9.99,-0.78,-0.52,-0.29,0.26,0.03,34.25,-9.00,8.50
1387.381,357,176,33,31,6301.151,0.21,-0.71,0.16,0.66,-9.87,-0.81,-0.11,-0.34,0.21,0.00,34.25,-9.00,8.50
1387.398,357,176,33,31,6301.171,0.21,-0.71,0.16,0.66,-9.84,-0.62,-0.29,-0.38,0.13,-0.00,33.88,-8.56,8.06
1387.424,353,179,32,30,6301.194,0.20,-0.71,0.16,0.66,-9.87,-0.61,-0.35,-0.43,0.08,-0.00,33.88,-8.56,8.06
1387.447,352,180,33,31,6301.216,0.20,-0.71,0.16,0.66,-9.78,-0.80,-0.39,-0.49,0.01,0.03,33.88,-8.56,8.06
1387.464,352,180,33,31,6301.239,0.20,-0.71,0.15,0.66,-9.91,-0.52,-0.58,-0.71,-0.01,0.02,34.25,-9.00,10.00
1387.49,352,183,32,29,6301.261,0.19,-0.71,0.15,0.66,-9.95,-0.16,0.02,-1.17,-0.00,0.07,34.25,-9.00,10.00
1387.514,352,183,33,30,6301.284,0.18,-0.72,0.14,0.66,-9.70,-1.12,-0.06,-1.59,-0.08,0.09,33.88,-9.69,8.69
1387.547,355,183,30,28,6301.308,0.17,-0.72,0.12,0.67,-9.81,-1.04,-0.14,-1.84,-0.10,-0.04,33.88,-9.69,8.69
1387.567,355,183,30,28,6301.331,0.15,-0.72,0.11,0.67,-9.31,-0.06,-0.31,-2.25,0.07,-0.09,32.75,-9.25,7.56
1387.597,356,182,32,30,6301.351,0.12,-0.73,0.08,0.67,-9.96,1.63,0.04,-3.21,0.23,-0.11,32.75,-9.25,7.56
1387.623,357,183,31,28,6301.374,0.10,-0.73,0.06,0.67,-9.78,2.36,1.02,-4.35,0.11,0.09,32.75,-10.06,6.38
1387.667,357,182,32,30,6301.399,0.06,-0.73,0.03,0.67,-9.88,0.99,0.28,-5.13,-0.32,0.44,32.75,-10.06,6.38
1387.706,362,180,30,28,6301.419,0.02,-0.73,-0.00,0.68,-10.11,-0.56,-2.31,-4.91,-0.73,0.52,34.69,-10.75,5.19
1387.739,374,182,23,23,6301.444,-0.03,-0.73,-0.04,0.69,-9.72,-0.83,-2.44,-4.35,-0.63,0.53,34.69,-10.75,5.19
1387.767,379,177,27,29,6301.464,-0.07,-0.72,-0.06,0.69,-9.46,0.24,-1.42,-4.05,-0.40,0.63,34.69,-10.75,5.19
1387.785,379,177,27,29,6301.489,-0.10,-0.72,-0.08,0.69,-9.70,0.77,-0.43,-4.09,-0.33,0.77,34.25,-13.06,0.88
1387.81,392,173,32,32,6301.511,-0.13,-0.71,-0.11,0.68,-9.49,0.84,-0.16,-4.10,-0.48,0.89,34.25,-13.06,0.88
1387.827,392,173,32,32,6301.534,-0.18,-0.70,-0.13,0.68,-9.04,0.50,-0.01,-4.17,-0.58,1.02,33.19,-13.88,-2.56
1387.862,399,177,31,29,6301.558,-0.22,-0.69,-0.15,0.67,-9.00,0.91,-0.35,-4.22,-0.24,0.92,33.19,-13.88,-2.56
1387.886,402,178,33,31,6301.581,-0.25,-0.68,-0.17,0.67,-10.58,-0.21,-2.12,-3.13,0.01,0.81,33.19,-15.75,-10.50
1387.907,410,182,27,27,6301.605,-0.28,-0.67,-0.19,0.66,-10.33,0.53,-0.74,-2.62,0.22,0.57,33.19,-15.75,-10.50
1387.924,410,182,27,27,6301.628,-0.30,-0.67,-0.21,0.65,-9.06,2.23,1.88,-2.95,0.12,0.45,34.19,-19.56,-16.37
1387.958,410,183,33,31,6301.65,-0.33,-0.66,-0.23,0.64,-10.32,1.48,0.60,-3.33,-0.19,0.51,34.19,-19.56,-16.37
1387.982,409,183,35,33,6301.673,-0.36,-0.64,-0.25,0.63,-10.43,0.01,-0.81,-2.69,-0.25,0.42,37.00,-21.06,-21.25
1388.021,409,186,30,28,6301.696,-0.38,-0.63,-0.26,0.62,-9.36,0.54,0.09,-2.52,-0.29,0.28,37.00,-21.06,-21.25
1388.038,409,186,30,28,6301.718,-0.40,-0.62,-0.27,0.62,-8.62,1.32,1.08,-2.58,-0.41,0.27,41.56,-21.56,-28.25
1388.07,407,188,28,28,6301.741,-0.41,-0.61,-0.28,0.62,-11.08,0.36,-1.09,-1.18,-0.58,0.48,41.56,-21.56,-28.25
1388.094,402,188,27,29,6301.763,-0.42,-0.60,-0.28,0.61,-11.08,1.58,0.12,-0.19,-0.43,0.29,41.56,-21.56,-28.25
1388.122,389,186,34,37,6301.788,-0.42,-0.60,-0.28,0.62,-11.08,2.75,1.26,0.82,-0.33,0.12,45.88,-22.56,-32.19
1388.157,379,188,34,36,6301.81,-0.42,-0.61,-0.26,0.62,-10.85,3.12,0.91,2.40,-0.19,-0.12,45.88,-22.56,-32.19
1388.195,370,189,41,38,6301.835,-0.38,-0.63,-0.24,0.64,-10.34,2.30,-0.71,4.31,0.23,-0.43,46.06,-23.37,-31.69
1388.213,370,189,41,38,6301.859,-0.34,-0.65,-0.21,0.65,-9.67,1.71,-2.01,7.25,1.22,-0.63,46.06,-23.37,-31.69
1388.261,366,189,40,38,6301.882,-0.26,-0.69,-0.15,0.65,-8.85,4.49,-2.09,7.56,1.85,-0.05,41.00,-24.69,-21.25
1388.286,363,189,40,37,6301.906,-0.22,-0.72,-0.11,0.65,-10.26,3.64,-0.88,6.69,2.31,0.53,41.00,-24.69,-21.25
1388.381,363,186,36,34,6301.929,-0.17,-0.75,-0.07,0.63,-10.35,0.57,-0.40,6.59,1.83,0.22,36.88,-25.00,-5.56
1388.443,361,185,37,35,6301.952,-0.12,-0.77,-0.03,0.63,-9.66,0.57,-1.10,6.90,0.96,-0.30,36.88,-25.00,-5.56
1388.548,364,178,35,33,6301.972,-0.05,-0.78,0.02,0.62,-8.42,3.86,-0.53,6.26,0.23,-0.29,35.00,-22.75,5.00
1388.609,370,176,35,33,6301.997,-0.01,-0.78,0.06,0.62,-8.78,2.65,-1.36,5.58,-0.14,0.22,35.00,-22.75,5.00
1388.664,372,174,38,36,6302.019,0.03,-0.78,0.09,0.62,-9.51,1.05,-2.53,5.58,-0.44,0.41,34.56,-20.50,12.00
1388.702,393,179,27,27,6302.042,0.09,-0.77,0.14,0.61,-9.81,0.24,-2.70,4.85,-0.46,0.21,34.56,-20.50,12.00
1388.741,384,179,29,31,6302.062,0.12,-0.77,0.17,0.61,-8.43,-2.45,-1.36,4.07,-0.27,-0.17,34.56,-20.50,12.00
1388.773,372,183,23,27,6302.087,0.16,-0.76,0.19,0.60,-8.29,-3.88,-1.51,4.46,-0.11,-0.79,35.56,-19.19,16.69
1388.807,360,187,32,29,6302.109,0.20,-0.75,0.21,0.59,-9.07,0.43,-5.18,5.88,0.14,-1.22,35.56,-19.19,16.69
1388.831,362,188,30,28,6302.134,0.27,-0.74,0.25,0.57,-8.25,1.62,-2.98,5.84,0.27,-0.38,35.88,-16.06,18.75
1388.865,361,189,31,29,6302.158,0.31,-0.72,0.29,0.55,-8.65,-1.87,-3.73,7.68,0.40,0.47,35.88,-16.06,18.75
1388.901,360,189,32,29,6302.179,0.36,-0.70,0.33,0.52,-11.01,-5.14,-3.73,9.17,0.70,-0.49,34.56,-11.75,21.25
1388.935,359,189,31,29,6302.203,0.45,-0.65,0.38,0.47,-12.82,1.62,1.69,7.88,-0.92,-1.26,34.56,-11.75,21.25
1388.959,358,189,33,29,6302.224,0.51,-0.62,0.40,0.45,-10.15,-1.18,-2.93,6.23,-2.06,-1.03,33.88,-6.50,23.19
1388.994,359,190,30,28,6302.248,0.55,-0.58,0.41,0.44,-8.39,1.23,-1.02,4.54,-1.48,-0.44,33.88,-6.50,23.19
1389.02,362,190,31,29,6302.271,0.58,-0.56,0.41,0.43,-8.40,-0.90,-0.58,2.69,-0.88,0.17,34.38,0.00,21.69
1389.068,364,189,32,29,6302.294,0.59,-0.54,0.42,0.42,-9.73,-2.58,0.30,1.78,-0.15,0.34,34.38,0.00,21.69
1389.101,368,188,31,28,6302.316,0.60,-0.53,0.43,0.42,-10.28,-2.20,1.36,1.30,-0.14,0.34,34.38,0.00,21.69
1389.128,375,188,27,25,6302.339,0.60,-0.52,0.44,0.42,-8.79,-1.85,1.27,0.39,-0.03,0.33,35.38,2.06,19.06
1389.161,380,183,31,28,6302.361,0.60,-0.52,0.44,0.42,-10.06,-3.12,0.66,-0.42,0.50,0.41,35.38,2.06,19.06
1389.186,389,182,24,26,6302.384,0.59,-0.52,0.44,0.42,-10.28,-3.55,0.77,-0.76,0.57,0.43,34.38,2.88,19.25
1389.23,396,180,29,31,6302.384,0.59,-0.52,0.44,0.42,-10.28,-3.55,0.77,-0.76,0.57,0.43,34.38,2.88,19.25
1389.254,405,179,29,31,6304.516,-0.05,-0.76,-0.07,0.65,-7.91,4.33,-4.07,9.72,1.69,-0.14,34.69,-15.75,-0.37
1389.271,405,179,29,31,6304.538,0.05,-0.78,0.02,0.63,-8.66,2.77,-4.46,9.60,2.16,0.10,34.69,-15.75,-0.37
1389.31,409,178,33,33,6304.559,0.12,-0.78,0.08,0.61,-9.45,2.03,-3.03,9.38,2.55,0.29,34.69,-15.75,-0.37
1389.352,411,179,34,32,6304.583,0.18,-0.78,0.14,0.58,-8.53,1.70,-2.17,8.98,2.64,0.44,34.88,-12.19,11.75
1389.389,411,180,36,33,6304.606,0.24,-0.78,0.19,0.55,-8.93,1.48,-0.43,8.32,2.07,1.01,34.88,-12.19,11.75
1389.419,412,181,35,32,6304.63,0.31,-0.76,0.27,0.51,-11.04,-4.38,11.44,8.14,1.42,1.38,33.06,-7.19,19.25
1389.443,410,180,38,36,6304.653,0.36,-0.73,0.32,0.49,-10.24,-3.74,-2.03,7.21,-1.31,0.66,33.06,-7.19,19.25
1389.464,410,180,38,36,6304.675,0.41,-0.69,0.35,0.48,-9.13,-5.58,-3.47,6.61,-0.84,0.17,31.00,-3.19,21.56
1389.487,398,187,33,36,6304.7,0.48,-0.65,0.39,0.45,-10.05,-6.87,-2.65,7.46,-0.43,-0.46,31.00,-3.19,21.56
1389.519,389,191,34,32,6304.722,0.54,-0.61,0.41,0.41,-11.93,1.18,1.36,8.69,-1.17,-1.27,30.69,2.19,21.25
1389.556,383,189,38,36,6304.745,0.59,-0.56,0.43,0.39,-5.54,-0.55,0.71,6.17,-2.65,0.26,30.69,2.19,21.25
1389.574,383,189,38,36,6304.765,0.63,-0.51,0.44,0.38,-7.84,-1.90,0.38,4.90,-1.31,0.83,30.56,7.00,17.37
1389.598,380,187,39,37,6304.79,0.66,-0.47,0.46,0.37,-10.63,-2.94,0.51,3.19,-0.00,0.73,30.56,7.00,17.37
1389.621,379,184,39,36,6304.813,0.67,-0.45,0.47,0.36,-10.06,-2.70,0.83,1.99,0.41,0.49,30.56,7.00,17.37
1389.64,379,184,39,36,6304.835,0.67,-0.44,0.48,0.36,-11.12,-2.25,-0.66,1.41,0.17,0.60,32.06,7.19,13.50
1389.662,380,181,36,34,6304.856,0.67,-0.43,0.49,0.35,-11.70,-1.51,0.01,0.90,0.33,0.45,32.06,7.19,13.50
1389.686,380,179,35,33,6304.88,0.67,-0.42,0.50,0.35,-9.88,-1.34,0.70,0.70,0.09,0.30,30.19,8.38,14.00
1389.709,380,179,35,33,6304.903,0.67,-0.42,0.50,0.35,-9.71,-0.43,1.28,0.22,0.19,0.02,30.19,8.38,14.00
1389.734,380,176,37,33,6304.925,0.67,-0.42,0.50,0.35,-9.39,-1.10,0.93,-0.34,0.31,-0.05,30.25,5.88,14.25
1389.757,380,172,38,34,6304.95,0.67,-0.43,0.50,0.35,-10.18,-1.26,1.38,-0.71,0.45,-0.04,30.25,5.88,14.25
1389.781,379,170,37,34,6304.97,0.66,-0.43,0.50,0.35,-11.03,-1.90,1.00,-1.14,0.33,0.08,30.50,7.50,14.19
1389.797,379,170,37,34,6304.995,0.65,-0.44,0.50,0.36,-10.87,-2.69,0.84,-1.81,0.18,-0.05,30.50,7.50,14.19
1389.822,376,169,37,35,6305.015,0.65,-0.46,0.49,0.37,-9.16,0.42,0.22,-2.44,0.54,-0.01,30.87,6.25,14.75
1389.848,374,170,36,34,6305.04,0.62,-0.49,0.48,0.38,-10.25,1.71,-0.02,-4.28,1.25,0.55,30.87,6.25,14.75
1389.872,374,170,36,34,6305.06,0.57,-0.52,0.47,0.41,-11.24,-0.01,-0.06,-6.73,1.73,1.26,30.87,6.25,14.75
1389.895,375,173,34,32,6305.085,0.52,-0.57,0.46,0.45,-10.60,-2.47,-1.35,-9.01,1.65,1.30,31.00,6.75,16.25
1389.919,382,175,31,30,6305.105,0.42,-0.63,0.42,0.50,-8.30,-2.17,-0.93,-9.56,1.48,0.76,31.00,6.75,16.25
1389.944,379,176,34,33,6305.13,0.36,-0.67,0.38,0.53,-7.84,0.12,0.11,-9.70,1.21,0.39,30.00,2.75,19.50
1389.963,379,176,34,33,6305.153,0.29,-0.71,0.33,0.56,-8.52,2.54,-0.38,-10.16,0.36,0.37,30.00,2.75,19.50
1389.985,372,176,29,32,6305.175,0.21,-0.73,0.28,0.59,-11.01,3.27,-2.95,-10.34,-0.56,0.13,29.50,-4.50,20.19
1390.001,372,176,29,32,6305.198,0.10,-0.75,0.18,0.63,-8.44,2.38,-4.40,-10.92,-1.16,0.07,29.50,-4.50,20.19
1390.037,360,181,28,26,6305.22,0.03,-0.75,0.12,0.65,-8.13,2.09,-3.52,-9.47,-1.23,0.19,29.69,-10.75,18.19
1390.059,354,181,32,30,6305.245,-0.03,-0.74,0.08,0.67,-10.04,1.30,-4.59,-7.25,-0.73,0.56,29.69,-10.75,18.19
1390.082,355,184,32,29,6305.265,-0.10,-0.73,0.02,0.68,-10.32,0.12,-3.69,-6.16,-0.22,0.28,29.87,-18.56,9.50
1390.1,355,184,32,29,6305.29,-0.14,-0.72,-0.02,0.68,-10.43,1.08,-1.56,-5.30,0.31,-0.33,29.87,-18.56,9.50
1390.127,357,186,31,29,6305.31,-0.17,-0.72,-0.06,0.67,-8.86,3.36,1.81,-5.63,0.44,-0.47,29.69,-22.56,0.19
1390.151,357,187,31,29,6305.335,-0.21,-0.71,-0.10,0.67,-8.64,1.92,1.50,-6.74,-0.11,0.15,29.69,-22.56,0.19
1390.176,357,187,31,29,6305.355,-0.28,-0.68,-0.16,0.66,-8.73,1.04,-0.04,-6.44,-0.40,0.28,29.69,-22.56,0.19
1390.198,358,187,30,28,6305.38,-0.32,-0.66,-0.20,0.65,-8.51,2.18,0.08,-6.12,-0.30,0.07,30.00,-21.37,-6.38
1390.221,360,189,29,27,6305.404,-0.36,-0.64,-0.23,0.64,-8.17,2.58,-0.31,-5.41,0.22,0.09,30.00,-21.37,-6.38
1390.243,361,188,30,28,6305.427,-0.40,-0.62,-0.28,0.61,-9.22,1.37,-0.03,-5.06,0.54,0.13,31.06,-18.00,-17.75
1390.259,361,188,30,28,6305.452,-0.43,-0.61,-0.31,0.60,-9.84,0.42,-0.61,-4.14,0.69,0.21,31.06,-18.00,-17.75
1390.282,364,186,31,28,6305.472,-0.45,-0.60,-0.33,0.58,-10.66,0.38,-0.33,-2.54,0.62,0.26,33.25,-15.75,-25.19
1390.305,371,183,29,28,6305.497,-0.46,-0.59,-0.34,0.57,-11.84,0.53,-0.54,-1.03,0.37,0.33,33.25,-15.75,-25.19
1390.329,371,183,29,28,6305.517,-0.46,-0.59,-0.34,0.56,-11.73,2.67,1.47,0.38,0.22,0.13,35.56,-12.56,-27.69
1390.347,371,183,29,28,6305.542,-0.46,-0.60,-0.34,0.57,-10.55,5.00,2.47,1.00,0.20,-0.15,35.56,-12.56,-27.69
1390.369,382,183,21,24,6305.564,-0.45,-0.60,-0.34,0.57,-10.06,4.23,2.65,0.45,0.25,-0.17,34.19,-13.00,-26.25
1390.396,390,179,22,24,6305.587,-0.44,-0.61,-0.34,0.57,-10.60,2.19,0.80,0.31,0.29,-0.38,34.19,-13.00,-26.25
1390.43,397,175,26,29,6305.609,-0.44,-0.61,-0.34,0.57,-10.67,1.10,-0.83,0.92,0.33,-0.60,34.19,-13.00,-26.25
1390.447,397,175,26,29,6305.632,-0.42,-0.62,-0.33,0.58,-10.69,0.52,-1.76,3.10,0.41,-0.49,34.06,-13.00,-23.75
1390.47,410,174,25,29,6305.654,-0.38,-0.64,-0.31,0.59,-9.23,0.81,-1.39,4.16,0.64,-0.13,34.06,-13.00,-23.75
1390.502,420,173,27,30,6305.679,-0.35,-0.66,-0.28,0.60,-10.42,0.30,-1.87,5.27,0.95,0.13,34.69,-13.75,-22.56
1390.524,427,176,29,27,6305.703,-0.31,-0.69,-0.25,0.61,-10.11,0.04,-3.16,7.91,1.19,0.45,34.69,-13.75,-22.56
1390.545,430,175,30,29,6305.726,-0.22,-0.74,-0.17,0.62,-7.83,1.56,-5.40,9.60,1.39,0.82,33.06,-16.69,-13.88
1390.563,430,175,30,29,6305.751,-0.15,-0.76,-0.10,0.62,-8.41,3.16,-5.85,10.61,1.79,0.92,33.06,-16.69,-13.88
1390.586,429,174,34,29,6305.773,-0.07,-0.79,-0.04,0.61,-9.05,3.40,-5.64,9.96,2.55,0.04,33.19,-20.06,-1.37
1390.606,431,173,33,31,6305.796,0.00,-0.81,0.01,0.59,-9.50,3.63,-2.89,9.19,2.60,-0.06,33.19,-20.06,-1.37
1390.623,431,173,33,31,6305.816,0.10,-0.82,0.09,0.55,-8.79,1.78,-3.80,9.08,2.36,0.55,31.56,-18.56,13.50
1390.653,434,174,33,31,6305.841,0.17,-0.82,0.15,0.53,-8.98,0.68,-1.17,9.13,2.02,0.88,31.56,-18.56,13.50
1390.67,434,174,33,31,6305.863,0.23,-0.81,0.20,0.51,-8.94,2.55,-0.13,8.55,0.12,0.97,30.19,-9.75,23.50
1390.692,435,176,33,31,6305.886,0.31,-0.77,0.27,0.49,-9.69,-0.35,-1.85,7.09,-0.71,1.40,30.19,-9.75,23.50
1390.708,435,176,33,31,6305.906,0.36,-0.74,0.31,0.48,-9.14,-6.61,-4.21,6.73,-0.82,1.79,30.19,-9.75,23.50
1390.733,435,178,33,31,6305.931,0.40,-0.71,0.35,0.47,-9.82,-8.36,-5.54,7.00,-0.17,0.98,27.87,-2.88,24.50
1390.755,431,180,36,33,6305.953,0.44,-0.68,0.38,0.44,-11.01,-0.82,0.04,6.27,-0.71,-0.79,27.87,-2.88,24.50
1390.774,431,180,36,33,6305.978,0.51,-0.64,0.40,0.41,-8.21,-3.20,-2.80,5.66,-1.56,-0.58,27.75,0.88,23.00
1390.807,429,180,37,34,6306.002,0.55,-0.60,0.41,0.40,-8.42,-3.54,-0.30,5.64,-1.50,-0.21,27.75,0.88,23.00
1390.83,427,179,38,37,6306.023,0.59,-0.57,0.42,0.39,-8.16,0.07,0.83,5.24,-2.23,0.59,29.56,6.50,22.19
1390.854,425,179,36,34,6306.048,0.63,-0.51,0.44,0.38,-8.39,-2.04,-1.06,3.99,-1.70,0.65,29.56,6.50,22.19
1390.871,425,179,36,34,6306.07,0.65,-0.49,0.44,0.38,-9.40,-1.85,-1.54,2.77,-0.60,0.05,31.00,8.88,17.06
1390.896,420,176,36,36,6306.093,0.66,-0.47,0.45,0.37,-10.44,-1.11,1.27,1.44,-0.14,0.20,31.00,8.88,17.06
1390.915,416,176,31,32,6306.113,0.67,-0.46,0.45,0.36,-9.95,-3.53,1.23,1.06,-0.29,0.20,31.37,10.50,14.56
1390.932,416,176,31,32,6306.138,0.67,-0.45,0.46,0.36,-9.81,-3.19,1.20,0.78,-0.17,-0.04,31.37,10.50,14.56
1390.966,408,176,30,30,6306.16,0.68,-0.45,0.46,0.36,-9.34,-1.56,1.06,0.42,0.01,-0.03,31.37,10.50,14.56
1390.998,400,173,35,33,6306.183,0.67,-0.45,0.46,0.36,-9.79,-3.02,1.41,-0.69,0.61,0.37,31.00,10.19,13.69
1391.022,396,171,34,33,6306.203,0.66,-0.46,0.46,0.36,-9.83,-4.14,2.19,-0.70,0.63,0.09,31.00,10.19,13.69
1391.045,392,170,33,31,6306.228,0.66,-0.46,0.46,0.36,-9.74,-2.98,1.47,-0.32,0.14,-0.09,31.06,9.75,14.75
1391.062,392,170,33,31,6306.252,0.66,-0.47,0.46,0.36,-9.56,-1.56,0.75,-0.43,-0.12,-0.03,31.06,9.75,14.75
1391.079,392,170,33,31,6306.275,0.66,-0.47,0.46,0.37,-9.57,-1.94,0.43,-0.99,0.09,0.03,30.69,9.50,15.19
1391.1,384,170,32,31,6306.297,0.65,-0.48,0.46,0.37,-9.76,-1.43,0.74,-1.94,0.54,0.13,30.69,9.50,15.19
1391.132,379,171,30,29,6306.32,0.63,-0.50,0.45,0.38,-8.53,-3.25,0.50,-2.93,0.95,0.11,31.50,9.19,15.19
1391.148,379,171,30,29,6306.342,0.61,-0.53,0.45,0.39,-9.86,0.28,-0.30,-4.66,1.04,0.92,31.50,9.19,15.19
1391.169,372,172,33,31,6306.365,0.55,-0.57,0.43,0.43,-11.09,-0.80,-0.81,-6.29,1.03,1.55,31.50,9.50,15.88
1391.189,370,176,30,29,6306.387,0.50,-0.60,0.42,0.46,-10.04,-0.76,-0.38,-7.50,1.15,1.08,31.50,9.50,15.88
1391.206,370,176,30,29,6306.41,0.44,-0.65,0.39,0.49,-8.76,0.24,0.95,-8.64,1.18,0.54,30.69,5.00,20.19
1391.227,368,180,28,27,6306.433,0.38,-0.68,0.35,0.52,-7.93,-0.66,-1.86,-9.67,0.52,0.72,30.69,5.00,20.19
1391.247,362,183,28,29,6306.455,0.27,-0.73,0.28,0.56,-8.63,-0.40,-3.05,-9.49,-0.05,0.84,30.69,5.00,20.19
1391.281,362,183,28,29,6306.478,0.21,-0.74,0.24,0.59,-9.35,0.97,-3.55,-8.78,-0.32,0.77,29.69,-2.38,22.56
1391.313,353,187,30,29,6306.502,0.15,-0.75,0.20,0.61,-10.27,1.82,-3.19,-8.51,-0.54,0.40,29.69,-2.38,22.56
1391.335,351,191,32,29,6306.525,0.05,-0.76,0.12,0.64,-8.87,2.59,-1.87,-8.42,-0.78,0.35,29.56,-9.75,20.56
1391.358,351,191,32,30,6306.549,-0.01,-0.76,0.08,0.65,-8.44,3.01,-2.25,-7.72,-0.86,0.71,29.56,-9.75,20.56
1391.394,352,193,32,29,6306.57,-0.07,-0.75,0.04,0.66,-10.95,1.22,-4.65,-6.57,-0.52,0.88,28.56,-18.00,13.00
1391.41,352,193,32,29,6306.592,-0.11,-0.74,0.01,0.66,-9.54,1.35,-2.18,-5.36,-0.09,0.19,28.56,-18.00,13.00
1391.427,353,192,32,30,6306.615,-0.17,-0.73,-0.04,0.66,-8.80,3.15,-0.54,-5.43,0.39,-0.02,28.19,-24.00,4.56
1391.443,353,192,32,30,6306.639,-0.21,-0.72,-0.08,0.65,-8.76,4.62,1.44,-6.59,0.53,0.27,28.19,-24.00,4.56
1391.474,353,192,32,30,6306.66,-0.27,-0.71,-0.12,0.64,-10.66,1.09,-0.16,-6.80,0.24,0.51,28.06,-24.19,-2.75
1391.503,354,192,32,30,6306.684,-0.31,-0.69,-0.16,0.63,-9.75,0.60,-1.70,-5.10,0.26,0.02,28.06,-24.19,-2.75
1391.521,357,192,32,29,6306.705,-0.35,-0.67,-0.20,0.62,-9.17,2.82,0.42,-4.43,0.56,-0.40,28.06,-24.19,-2.75
1391.538,357,192,32,29,6306.729,-0.38,-0.66,-0.24,0.60,-8.67,4.24,1.95,-4.54,0.79,-0.47,27.69,-22.00,-12.56
1391.555,359,191,31,29,6306.752,-0.40,-0.65,-0.27,0.59,-8.92,2.88,0.11,-4.77,0.99,-0.13,27.69,-22.00,-12.56
1391.572,359,191,31,29,6306.777,-0.44,-0.63,-0.31,0.56,-10.56,0.69,-1.73,-4.39,0.93,0.14,29.56,-18.69,-18.50
1391.595,362,190,30,27,6306.801,-0.46,-0.62,-0.33,0.54,-10.96,0.40,-1.28,-2.33,0.71,0.06,29.56,-18.69,-18.50
1391.628,372,190,24,23,6306.824,-0.47,-0.61,-0.35,0.53,-10.70,2.49,0.94,-1.07,0.55,-0.17,32.06,-14.19,-22.37
1391.645,372,190,24,23,6306.848,-0.47,-0.61,-0.36,0.53,-10.63,3.61,1.58,-0.76,0.44,-0.36,32.06,-14.19,-22.37
1391.669,379,187,24,23,6306.869,-0.47,-0.61,-0.36,0.52,-11.33,2.49,0.77,-0.55,0.26,-0.36,33.50,-11.00,-25.00
1391.693,384,184,24,24,6306.891,-0.47,-0.61,-0.37,0.52,-9.57,2.06,-0.71,0.83,-0.15,-0.33,33.50,-11.00,-25.00
1391.714,391,181,23,25,6306.914,-0.46,-0.61,-0.36,0.53,-8.94,2.38,-0.19,1.44,-0.08,-0.37,34.00,-10.25,-23.25
1391.73,391,181,23,25,6306.938,-0.45,-0.62,-0.36,0.54,-9.63,2.84,0.25,1.28,0.19,-0.57,34.00,-10.25,-23.25
1391.751,396,178,30,29,6306.961,-0.44,-0.62,-0.36,0.54,-10.45,2.40,0.51,0.96,0.32,-0.70,33.88,-11.19,-23.25
1391.772,396,178,30,29,6306.983,-0.43,-0.62,-0.36,0.55,-10.41,0.89,-0.88,1.81,0.13,-0.51,33.88,-11.19,-23.25
1391.788,396,178,30,29,6307.004,-0.40,-0.64,-0.34,0.56,-8.98,1.30,-1.21,3.20,0.04,-0.09,33.88,-11.19,-23.25
1391.819,400,176,35,34,6307.028,-0.38,-0.65,-0.32,0.57,-10.00,0.82,-1.65,4.65,0.20,0.28,34.06,-12.25,-20.87
1391.852,405,178,33,32,6307.051,-0.34,-0.68,-0.28,0.59,-11.34,-1.61,-3.33,6.85,0.36,0.19,34.06,-12.25,-20.87
1391.873,402,180,38,34,6307.076,-0.27,-0.71,-0.22,0.61,-9.65,-1.13,-3.86,8.00,0.20,0.29,34.75,-15.56,-17.37
1391.893,402,183,36,34,6307.1,-0.21,-0.73,-0.16,0.62,-7.09,3.25,-4.43,9.14,0.32,1.14,34.75,-15.56,-17.37
1391.909,402,183,36,34,6307.123,-0.15,-0.75,-0.10,0.63,-7.65,1.92,-5.89,8.87,1.08,1.39,31.75,-19.25,-7.06
1391.941,401,186,37,35,6307.147,-0.06,-0.78,-0.01,0.62,-8.71,2.70,-6.77,9.60,2.01,0.97,31.75,-19.25,-7.06
1391.962,401,191,31,32,6307.168,0.01,-0.80,0.05,0.60,-9.83,5.02,-6.82,10.39,2.66,0.55,29.87,-21.56,5.38
1391.98,392,192,36,34,6307.19,0.08,-0.81,0.12,0.57,-9.28,5.48,4.64,9.39,2.16,0.82,29.87,-21.56,5.38
1391.997,392,192,36,34,6307.213,0.17,-0.80,0.20,0.54,-9.67,6.06,-2.58,7.63,0.21,1.52,27.75,-16.75,19.50
1392.021,390,194,37,35,6307.235,0.20,-0.79,0.24,0.53,-10.08,0.43,-3.97,5.46,0.19,2.32,27.75,-16.75,19.50
1392.037,390,194,37,35,6307.258,0.23,-0.77,0.29,0.52,-8.81,-3.66,-1.86,5.51,0.40,2.31,27.75,-16.75,19.50
1392.071,387,194,32,33,6307.28,0.27,-0.75,0.33,0.50,-9.23,-3.98,-2.10,6.70,-0.71,0.65,25.75,-10.00,23.75
1392.099,375,187,44,42,6307.303,0.34,-0.72,0.38,0.48,-9.37,-0.50,-2.48,6.89,-1.27,-0.09,25.75,-10.00,23.75
1392.116,372,185,43,41,6307.328,0.39,-0.68,0.40,0.46,-8.79,-1.69,-3.91,6.96,-1.67,0.13,24.87,-7.69,24.56
1392.133,372,185,43,41,6307.35,0.45,-0.64,0.43,0.44,-10.45,-9.07,-6.90,9.37,-2.08,-0.14,24.87,-7.69,24.56
1392.15,372,185,43,41,6307.373,0.56,-0.56,0.46,0.40,-9.27,3.22,-0.76,9.60,-4.00,-1.19,25.37,-1.00,24.00
1392.172,368,183,41,39,6307.397,0.62,-0.50,0.47,0.38,-6.32,2.66,-1.55,7.63,-4.05,-0.48,25.37,-1.00,24.00
1392.193,364,181,42,38,6307.42,0.66,-0.46,0.47,0.37,-8.24,3.18,-3.37,3.35,-0.96,0.06,27.25,4.88,19.69
1392.209,364,181,42,38,6307.442,0.67,-0.44,0.48,0.36,-11.10,-0.92,3.15,1.39,0.35,0.05,27.25,4.88,19.69
1392.231,364,179,39,36,6307.465,0.68,-0.43,0.48,0.35,-9.62,-3.75,1.20,0.91,-0.20,-0.04,29.19,8.06,13.69
1392.264,364,179,39,36,6307.487,0.68,-0.43,0.48,0.35,-9.84,-2.42,0.82,0.86,-0.30,-0.53,29.19,8.06,13.69
1392.286,364,175,39,36,6307.51,0.69,-0.43,0.48,0.34,-10.22,-1.80,0.33,0.03,0.22,-1.27,29.56,9.00,13.19
1392.309,375,173,31,32,6307.532,0.69,-0.44,0.47,0.33,-9.60,0.19,1.15,-0.20,0.17,-0.96,29.56,9.00,13.19
1392.333,384,174,31,29,6307.555,0.69,-0.44,0.47,0.33,-9.89,-1.73,2.53,-0.15,-0.13,-0.24,29.56,9.00,13.19
1392.355,386,171,37,34,6307.577,0.69,-0.44,0.47,0.33,-7.51,-3.33,1.28,-0.20,-0.23,-0.21,28.25,9.38,13.50
1392.371,386,171,37,34,6307.602,0.69,-0.44,0.47,0.33,-8.92,-2.96,2.52,-0.23,0.10,-0.17,28.25,9.38,13.50
1392.41,387,172,37,34,6307.624,0.69,-0.45,0.46,0.33,-8.67,-3.28,1.73,-0.37,0.06,-0.01,29.06,10.25,13.50
1392.438,390,175,34,32,6307.649,0.69,-0.45,0.46,0.33,-9.25,-2.97,1.07,-0.66,0.31,0.08,29.06,10.25,13.50
1392.46,393,178,34,33,6307.672,0.68,-0.46,0.47,0.33,-10.47,-2.17,1.13,-1.26,0.46,0.16,28.19,10.69,13.00
1392.478,398,184,25,25,6307.694,0.67,-0.48,0.46,0.34,-10.47,-2.32,0.38,-1.81,0.49,0.00,28.19,10.69,13.00
1392.494,398,184,25,25,6307.715,0.65,-0.49,0.46,0.35,-9.31,-0.55,1.13,-2.40,0.45,0.09,28.87,10.00,13.75
1392.511,398,184,25,25,6307.739,0.63,-0.51,0.45,0.36,-9.44,-0.16,-0.10,-4.43,0.69,0.92,28.87,10.00,13.75
1392.531,387,183,27,32,6307.76,0.60,-0.54,0.45,0.39,-10.73,-2.43,0.00,-5.95,1.00,0.90,28.06,9.56,17.25
1392.548,387,183,27,32,6307.782,0.54,-0.59,0.42,0.42,-9.90,-2.85,0.80,-6.95,1.02,0.33,28.06,9.56,17.25
1392.571,376,190,23,25,6307.805,0.50,-0.63,0.40,0.45,-8.29,1.20,1.28,-7.46,0.66,0.20,28.06,9.56,17.25
1392.6,366,191,33,29,6307.829,0.44,-0.66,0.37,0.48,-9.54,2.15,-0.09,-9.30,-0.11,1.30,28.06,7.38,18.75
1392.616,366,191,33,29,6307.852,0.37,-0.70,0.33,0.52,-10.38,2.04,-3.23,-10.95,-0.52,1.84,28.06,7.38,18.75
1392.636,367,192,31,28,6307.874,0.24,-0.73,0.25,0.58,-9.66,1.73,-4.58,-11.80,-0.83,1.83,28.06,3.25,22.37
1392.654,365,193,31,29,6307.899,0.16,-0.75,0.20,0.62,-9.22,-0.01,-5.58,-10.17,-1.07,1.41,28.06,3.25,22.37
1392.671,365,193,31,29,6307.921,0.08,-0.75,0.15,0.64,-9.68,-1.94,-6.85,-7.82,-0.74,0.74,28.75,-8.00,23.50
1392.706,366,194,27,26,6309.169,0.09,-0.70,0.18,0.68,-9.09,1.65,-3.83,-5.22,-0.57,1.03,30.06,-10.38,19.75
1392.725,364,193,31,29,6309.191,0.03,-0.70,0.14,0.70,-10.32,1.08,-2.72,-4.32,0.14,0.54,30.06,-10.38,19.75
1392.746,364,193,31,29,6309.212,0.01,-0.71,0.11,0.70,-10.32,1.95,-0.63,-4.10,0.32,0.08,30.56,-19.87,14.19
1392.768,365,193,30,28,6309.236,-0.02,-0.71,0.09,0.70,-8.82,1.54,0.35,-3.91,0.03,0.27,30.56,-19.87,14.19
1392.788,371,193,27,26,6309.259,-0.05,-0.70,0.06,0.70,-8.77,3.02,1.45,-4.01,-0.13,0.16,31.00,-23.87,9.88
1392.805,371,193,27,26,6309.281,-0.10,-0.70,0.02,0.71,-8.85,4.52,1.74,-4.85,-0.32,0.45,31.00,-23.87,9.88
1392.824,377,192,24,24,6309.302,-0.13,-0.69,-0.01,0.71,-9.40,0.00,1.28,-4.78,-0.59,0.49,31.00,-23.87,9.88
1392.84,377,192,24,24,6309.326,-0.16,-0.68,-0.04,0.72,-8.43,1.58,-0.68,-3.90,-0.65,-0.15,30.50,-27.87,3.56
1392.857,377,192,24,24,6309.349,-0.19,-0.67,-0.06,0.72,-8.61,4.30,0.08,-4.16,-0.28,0.10,30.50,-27.87,3.56
1392.88,378,188,28,27,6309.371,-0.23,-0.65,-0.10,0.71,-8.84,2.90,1.13,-4.21,-0.07,0.52,30.06,-30.37,-4.56
1392.912,385,187,25,23,6309.396,-0.25,-0.65,-0.12,0.71,-12.04,-1.54,-1.09,-1.91,0.09,-0.08,30.06,-30.37,-4.56
1392.928,385,187,25,23,6309.419,-0.26,-0.64,-0.13,0.71,-11.68,4.63,2.02,-1.26,0.16,-0.50,29.00,-29.56,-12.38
1392.949,391,182,29,30,6309.443,-0.27,-0.64,-0.15,0.71,-10.42,5.60,3.60,-1.24,-0.16,-0.10,29.00,-29.56,-12.38
1392.971,400,182,28,29,6309.466,-0.28,-0.63,-0.16,0.71,-10.56,3.95,2.79,-1.42,-0.51,0.10,28.00,-28.00,-15.75
1392.989,410,180,29,32,6309.488,-0.29,-0.63,-0.16,0.71,-10.19,1.38,0.60,-1.19,-0.32,-0.10,28.00,-28.00,-15.75
1393.007,410,180,29,32,6309.511,-0.30,-0.62,-0.18,0.71,-9.20,1.10,1.17,-1.04,-0.07,-0.22,27.69,-26.06,-16.50
1393.029,419,181,33,35,6309.535,-0.30,-0.62,-0.18,0.71,-9.20,-0.22,0.50,-0.39,0.16,-0.29,27.69,-26.06,-16.50
1393.045,419,181,33,35,6309.558,-0.29,-0.62,-0.18,0.71,-9.39,-0.01,0.38,0.58,0.66,-0.63,27.69,-24.56,-18.00
1393.076,424,183,36,35,6309.58,-0.28,-0.63,-0.19,0.70,-9.33,1.19,1.21,1.01,0.92,-0.60,27.69,-24.56,-18.00
1393.099,426,185,36,35,6309.601,-0.26,-0.64,-0.18,0.70,-10.99,-1.19,0.20,1.65,0.97,-0.52,27.69,-24.56,-18.00
1393.12,423,189,32,30,6309.625,-0.24,-0.65,-0.17,0.70,-10.67,-1.46,0.15,2.60,0.78,-0.56,27.25,-22.00,-17.50
1393.136,423,189,32,30,6309.648,-0.22,-0.66,-0.15,0.70,-9.85,0.03,0.57,4.06,0.45,-0.46,27.25,-22.00,-17.50
1393.155,417,188,33,34,6309.672,-0.16,-0.68,-0.11,0.71,-9.78,-2.05,-2.05,6.05,0.59,-0.66,29.69,-21.56,-13.19
1393.172,417,188,33,34,6309.695,-0.11,-0.69,-0.06,0.71,-9.60,-2.47,-4.28,9.24,1.03,-1.50,29.69,-21.56,-13.19
1393.192,410,190,34,33,6309.72,-0.03,-0.70,-0.01,0.71,-9.10,0.33,-5.04,9.75,1.34,-2.05,30.37,-21.56,-6.88
1393.208,410,190,34,33,6309.742,0.09,-0.72,0.06,0.69,-9.40,1.76,-5.47,9.58,1.64,-1.97,30.37,-21.56,-6.88
1393.228,410,190,34,33,6309.765,0.16,-0.72,0.12,0.67,-9.72,1.59,-5.37,9.73,1.82,-1.74,33.50,-19.06,5.50
1393.249,402,191,36,34,6309.787,0.24,-0.71,0.17,0.64,-10.29,1.45,-4.55,9.70,1.74,-1.84,33.50,-19.06,5.50
1393.269,391,186,42,44,6309.81,0.34,-0.69,0.24,0.59,-10.30,4.59,-2.22,8.67,1.26,-1.41,34.38,-11.69,18.56
1393.285,391,186,42,44,6309.834,0.39,-0.67,0.28,0.56,-9.03,3.42,-0.09,7.37,0.78,-0.60,34.38,-11.69,18.56
1393.307,383,188,40,39,6309.855,0.43,-0.65,0.31,0.54,-9.63,0.14,0.09,6.64,0.42,-0.61,30.69,-0.50,20.37
1393.327,376,184,42,40,6309.877,0.48,-0.63,0.34,0.51,-10.09,-0.21,6.39,6.20,0.01,-1.03,30.69,-0.50,20.37
1393.344,376,184,42,40,6309.9,0.54,-0.58,0.37,0.48,-11.65,1.22,3.06,5.84,-1.26,-0.98,30.69,-0.50,20.37
1393.361,374,181,43,41,6309.924,0.58,-0.55,0.38,0.46,-9.98,1.24,1.78,5.43,-1.50,-0.94,27.87,4.56,18.19
1393.383,374,181,43,41,6309.947,0.61,-0.53,0.39,0.45,-8.59,-1.68,1.34,2.95,0.03,-0.69,27.87,4.56,18.19
1393.407,375,181,41,37,6309.969,0.63,-0.51,0.41,0.43,-10.36,-1.43,1.80,2.39,0.24,-0.64,27.87,8.06,15.50
1393.431,375,179,41,37,6309.994,0.64,-0.50,0.41,0.42,-9.88,-2.70,0.70,1.71,0.19,-0.36,27.87,8.06,15.50
1393.448,375,179,41,37,6310.014,0.64,-0.49,0.42,0.41,-10.19,-1.38,1.42,1.02,0.38,-0.18,26.75,10.06,14.25
1393.471,375,177,41,38,6310.037,0.65,-0.49,0.42,0.40,-9.92,-2.48,1.45,0.43,0.35,-0.05,26.75,10.06,14.25
1393.492,376,179,39,37,6310.06,0.65,-0.49,0.43,0.40,-9.39,-3.45,0.69,0.18,0.12,0.13,26.69,11.25,14.56
1393.508,376,179,39,37,6310.084,0.65,-0.49,0.43,0.40,-9.85,-3.22,1.14,0.10,0.17,0.10,26.69,11.25,14.56
1393.527,379,181,37,33,6310.105,0.65,-0.49,0.43,0.40,-9.24,-2.88,0.76,-0.04,0.16,0.00,25.75,10.56,14.56
1393.552,379,181,37,33,6310.127,0.64,-0.49,0.43,0.40,-9.20,-3.23,1.04,-0.41,0.24,0.25,25.75,10.56,14.56
1393.581,378,180,40,36,6310.15,0.64,-0.50,0.43,0.40,-9.75,-2.95,0.90,-0.56,0.32,0.34,25.75,10.56,14.56
1393.603,378,180,40,36,6310.174,0.63,-0.50,0.43,0.41,-10.15,-3.13,0.81,-0.72,0.37,0.28,26.50,10.69,14.50
1393.62,378,180,40,36,6310.197,0.62,-0.51,0.43,0.41,-9.66,-1.24,0.75,-0.96,0.20,0.14,26.50,10.69,14.50
1393.644,379,181,37,34,6310.219,0.61,-0.52,0.43,0.42,-9.76,0.44,1.23,-1.81,0.39,0.14,27.06,10.25,15.25
1393.665,379,181,37,34,6310.244,0.59,-0.54,0.42,0.43,-10.05,1.83,2.54,-3.54,0.86,0.32,27.06,10.25,15.25
1393.682,379,181,37,34,6310.266,0.56,-0.57,0.41,0.45,-9.54,-2.35,-0.79,-6.03,0.94,0.96,27.00,8.38,16.50
1393.709,380,180,38,35,6310.289,0.49,-0.62,0.38,0.48,-10.10,-2.06,-0.65,-6.97,0.97,0.90,27.00,8.38,16.50
1393.729,380,180,38,35,6310.311,0.45,-0.65,0.36,0.50,-10.39,-0.47,0.18,-7.01,0.71,0.62,26.00,5.75,18.75
1393.749,382,178,39,35,6310.334,0.40,-0.68,0.32,0.53,-9.98,1.38,-0.13,-8.20,0.09,0.53,26.00,5.75,18.75
1393.773,382,178,36,33,6310.356,0.34,-0.71,0.29,0.55,-9.07,1.98,-1.80,-9.49,-0.14,0.94,27.00,1.37,21.19
1393.793,382,177,37,34,6310.379,0.22,-0.74,0.22,0.60,-8.14,1.50,-3.72,-10.29,-0.24,1.46,27.00,1.37,21.19
1393.809,382,177,37,34,6310.4,0.14,-0.75,0.17,0.62,-8.93,1.04,-4.53,-9.88,-0.26,1.66,27.00,1.37,21.19
1393.833,387,179,33,31,6310.424,0.07,-0.76,0.12,0.64,-8.75,0.01,-4.31,-8.96,-0.21,1.28,26.37,-7.19,19.56
1393.86,386,178,39,36,6310.447,-0.00,-0.76,0.08,0.65,-8.62,1.91,-3.28,-8.07,-0.06,0.86,26.37,-7.19,19.56
1393.876,386,178,39,36,6310.471,-0.09,-0.75,0.01,0.65,-8.14,4.27,-1.83,-7.54,0.31,0.65,26.69,-17.25,12.50
1393.898,391,182,34,32,6310.494,-0.15,-0.75,-0.03,0.64,-9.43,3.32,-2.13,-7.33,0.69,0.89,26.69,-17.25,12.50
1393.927,389,183,37,34,6310.516,-0.21,-0.74,-0.07,0.63,-10.07,0.19,-3.69,-6.52,0.60,0.51,26.25,-24.00,3.88
1393.95,389,183,37,34,6310.541,-0.27,-0.73,-0.12,0.62,-8.60,4.38,0.00,-5.92,0.49,0.20,26.25,-24.00,3.88
1393.977,388,184,36,35,6310.563,-0.32,-0.71,-0.15,0.61,-8.33,5.56,1.80,-6.13,0.30,0.47,24.50,-24.00,-6.75
1394.003,391,187,31,30,6310.586,-0.37,-0.69,-0.19,0.59,-9.78,2.96,-0.57,-6.80,0.23,0.81,24.50,-24.00,-6.75
1394.031,391,187,31,30,6310.606,-0.43,-0.66,-0.24,0.57,-11.64,1.40,-2.60,-5.89,0.56,0.50,23.25,-20.56,-16.06
1394.058,388,186,34,32,6310.631,-0.46,-0.65,-0.26,0.55,-10.84,2.44,1.74,-4.46,0.83,0.06,23.25,-20.56,-16.06
1394.081,387,186,35,33,6310.653,-0.48,-0.63,-0.28,0.54,-9.87,4.20,2.93,-3.03,0.15,-0.05,26.25,-15.50,-24.69
1394.11,388,185,34,32,6310.676,-0.49,-0.62,-0.29,0.53,-9.85,4.03,0.59,-2.21,-0.19,0.07,26.25,-15.50,-24.69
1394.14,386,185,34,32,6310.699,-0.51,-0.61,-0.31,0.53,-10.88,2.78,-0.11,-1.56,0.45,-0.07,26.25,-15.50,-24.69
1394.163,386,184,35,33,6310.723,-0.51,-0.61,-0.32,0.52,-10.09,2.61,1.25,-0.28,0.73,-0.27,26.37,-10.88,-28.75
1394.183,386,184,35,33,6310.746,-0.51,-0.61,-0.32,0.52,-9.00,3.54,1.08,0.62,0.44,-0.36,26.37,-10.88,-28.75
1394.202,387,184,35,33,6310.768,-0.50,-0.62,-0.32,0.52,-9.41,3.16,0.70,0.59,0.51,-0.38,28.50,-8.69,-27.56
1394.22,388,185,33,31,6310.793,-0.49,-0.62,-0.32,0.52,-9.97,2.33,0.41,0.72,0.67,-0.50,28.50,-8.69,-27.56
1394.251,388,185,33,31,6310.815,-0.48,-0.63,-0.32,0.52,-9.70,1.42,-0.20,1.76,0.49,-0.59,30.69,-9.25,-27.87
1394.274,386,184,34,32,6310.838,-0.45,-0.64,-0.31,0.54,-9.96,1.88,-1.01,3.06,0.36,-0.60,30.69,-9.25,-27.87
1394.29,386,184,34,32,6310.86,-0.42,-0.66,-0.30,0.55,-10.31,2.07,-0.76,4.43,0.35,-0.67,31.56,-10.75,-25.50
1394.309,386,184,34,32,6310.883,-0.38,-0.68,-0.28,0.56,-10.76,2.58,-1.83,4.64,0.20,-0.75,31.56,-10.75,-25.50
1394.325,386,184,34,32,6310.905,-0.35,-0.69,-0.26,0.58,-10.04,1.71,-2.19,4.99,-0.23,-0.27,32.00,-15.69,-20.37
1394.353,385,185,34,31,6310.93,-0.29,-0.72,-0.21,0.60,-8.02,1.93,-2.27,6.67,-0.71,0.55,32.00,-15.69,-20.37
1394.376,387,185,32,30,6310.95,-0.25,-0.73,-0.16,0.61,-7.39,0.25,-1.18,7.00,-1.00,1.22,32.00,-15.69,-20.37
1394.392,387,185,32,30,6310.975,-0.21,-0.74,-0.10,0.63,-7.97,-1.23,-2.33,8.01,-0.95,0.65,30.00,-18.69,-11.75
1394.425,385,184,36,33,6310.995,-0.12,-0.76,-0.02,0.64,-8.96,0.37,-5.17,9.89,-0.76,-0.54,30.00,-18.69,-11.75
1394.451,386,185,35,31,6311.02,-0.04,-0.76,0.04,0.65,-7.90,4.93,-5.07,10.03,-0.63,-1.07,26.69,-22.75,-2.00
1394.478,385,184,35,33,6311.045,0.03,-0.76,0.09,0.65,-7.61,4.88,-5.86,8.70,0.56,-0.05,26.69,-22.75,-2.00
1394.521,387,186,31,29,6311.067,0.13,-0.76,0.17,0.62,-8.98,0.46,-8.09,9.15,1.54,0.22,26.56,-21.75,10.50
1394.548,385,184,34,31,6311.092,0.19,-0.75,0.23,0.59,-9.11,0.74,-5.84,9.79,1.84,0.23,26.56,-21.75,10.50
1394.569,385,183,34,32,6311.114,0.26,-0.74,0.29,0.55,-9.74,-0.22,-4.25,10.41,1.48,-0.01,25.00,-14.75,21.87
1394.6,385,183,34,32,6311.137,0.33,-0.72,0.34,0.51,-10.90,-1.21,-3.65,11.47,0.68,-0.94,25.00,-14.75,21.87
1394.616,385,183,34,32,6311.157,0.45,-0.66,0.41,0.44,-12.58,1.43,-0.63,10.60,-0.96,-1.75,21.50,-4.88,25.37
1394.638,385,184,35,31,6311.182,0.52,-0.62,0.42,0.41,-9.87,-2.82,-4.95,8.85,-2.57,-1.73,21.50,-4.88,25.37
1394.663,385,184,35,31,6311.204,0.58,-0.58,0.43,0.38,-9.54,1.00,-2.30,6.85,-1.80,-1.81,23.87,5.00,21.19
1394.685,385,183,35,33,6311.227,0.64,-0.53,0.44,0.35,-9.18,2.90,0.38,4.06,-0.91,-0.49,23.87,5.00,21.19
1394.71,385,183,35,32,6311.247,0.65,-0.51,0.44,0.34,-9.38,-2.91,0.51,1.67,-0.19,0.57,23.87,5.00,21.19
1394.728,385,183,35,32,6311.272,0.65,-0.50,0.45,0.34,-10.14,-4.03,1.36,1.08,0.05,0.62,24.19,9.88,15.75
1394.748,385,183,35,32,6311.294,0.66,-0.49,0.46,0.34,-10.17,-1.65,1.81,1.32,-0.31,0.16,24.19,9.88,15.75
1394.768,388,184,31,30,6311.319,0.67,-0.48,0.46,0.34,-9.62,-0.95,1.16,0.89,-0.41,-0.03,23.00,10.38,14.56
1394.784,388,184,31,30,6311.344,0.67,-0.48,0.46,0.33,-8.84,-2.78,-0.22,0.11,-0.14,0.01,23.00,10.38,14.56
1394.807,384,183,36,33,6311.364,0.67,-0.48,0.46,0.33,-9.67,-2.36,2.28,-0.23,0.26,-0.22,23.69,11.00,13.69
1394.83,384,183,36,33,6311.389,0.67,-0.48,0.46,0.33,-8.41,-2.09,0.63,-0.49,0.02,-0.02,23.69,11.00,13.69
1394.85,385,184,34,31,6311.409,0.66,-0.49,0.46,0.34,-9.17,-3.17,0.60,-1.32,0.40,0.38,24.06,11.06,14.50
1394.871,386,183,34,32,6311.434,0.65,-0.50,0.46,0.35,-10.63,-3.48,0.99,-2.41,0.80,0.45,24.06,11.06,14.50
1394.887,386,183,34,32,6311.454,0.63,-0.52,0.45,0.36,-10.57,-1.38,1.86,-2.96,0.83,0.18,24.50,10.25,14.88
1394.908,387,184,33,31,6311.479,0.60,-0.55,0.44,0.37,-10.76,1.07,2.84,-3.69,0.46,0.15,24.50,10.25,14.88
1394.932,386,183,34,32,6311.499,0.57,-0.58,0.43,0.40,-10.00,1.88,1.30,-5.33,-0.27,0.62,24.50,10.25,14.88
1394.948,386,183,34,32,6311.524,0.53,-0.61,0.40,0.43,-9.44,0.16,-0.85,-8.32,-0.37,1.04,23.00,10.00,18.00
1394.973,386,183,35,33,6311.546,0.45,-0.66,0.35,0.49,-7.81,-1.11,-1.93,-9.23,0.02,0.86,23.00,10.00,18.00
1395.001,386,183,34,32,6311.569,0.38,-0.70,0.32,0.52,-7.69,-2.69,-1.85,-8.52,0.39,0.67,23.50,7.25,20.37
1395.017,386,183,34,32,6311.593,0.32,-0.72,0.28,0.54,-10.58,1.45,-1.00,-8.35,-0.51,1.01,23.50,7.25,20.37
1395.034,386,183,34,32,6311.616,0.26,-0.74,0.24,0.57,-10.02,3.77,-3.57,-9.48,-1.33,1.31,23.37,0.25,24.25
1395.054,387,183,33,31,6311.641,0.15,-0.75,0.17,0.62,-9.13,5.00,-3.95,-10.09,-1.53,1.44,23.37,0.25,24.25
1395.074,385,182,35,32,6311.661,0.07,-0.75,0.12,0.65,-10.32,2.21,-5.75,-9.66,-1.58,1.86,24.87,-10.19,27.00
1395.09,385,182,35,32,6311.684,-0.00,-0.74,0.08,0.67,-8.16,0.58,-4.31,-7.62,-1.29,1.36,24.87,-10.19,27.00
1395.114,386,183,34,31,6311.706,-0.09,-0.73,0.02,0.68,-6.65,3.29,-2.70,-6.80,-0.39,0.81,26.69,-26.37,16.19
1395.137,385,182,34,32,6311.731,-0.14,-0.72,-0.02,0.68,-8.83,3.58,-1.80,-6.28,0.74,0.93,26.69,-26.37,16.19
1395.157,385,182,34,32,6311.753,-0.18,-0.72,-0.05,0.66,-11.38,1.46,-1.14,-5.73,1.37,0.53,24.00,-32.88,1.69
1395.177,386,183,33,31,6311.776,-0.22,-0.72,-0.08,0.65,-10.72,3.58,0.61,-5.12,1.17,-0.01,24.00,-32.88,1.69
1395.198,386,183,33,30,6311.796,-0.28,-0.71,-0.14,0.63,-8.94,5.48,3.66,-5.70,0.60,0.01,24.00,-32.88,1.69
1395.215,386,183,33,30,6311.821,-0.32,-0.69,-0.17,0.62,-8.37,4.09,2.05,-6.24,-0.01,0.35,22.06,-33.75,-8.00
1395.239,385,182,35,33,6311.843,-0.36,-0.68,-0.20,0.61,-10.18,1.72,-1.54,-4.89,-0.12,0.28,22.06,-33.75,-8.00
1395.255,385,182,35,33,6311.866,-0.40,-0.65,-0.24,0.60,-10.66,1.23,-2.43,-3.19,0.13,0.13,21.06,-28.19,-18.00
1395.276,386,183,32,30,6311.89,-0.41,-0.65,-0.25,0.59,-10.05,2.74,-1.20,-1.61,0.43,0.01,21.06,-28.19,-18.00
1395.295,385,182,33,32,6311.913,-0.41,-0.65,-0.25,0.59,-10.29,3.54,-0.29,-0.06,0.81,-0.08,22.06,-22.25,-22.50
1395.316,385,182,33,32,6311.936,-0.41,-0.66,-0.26,0.58,-10.34,4.08,0.41,0.26,0.89,-0.26,22.06,-22.25,-22.50
1395.336,386,182,31,30,6311.958,-0.40,-0.66,-0.26,0.58,-10.17,3.66,0.74,-0.01,0.71,-0.32,22.87,-19.69,-22.87
1395.353,386,182,31,30,6311.983,-0.40,-0.66,-0.27,0.57,-10.46,2.55,-0.14,0.11,0.19,-0.29,22.87,-19.69,-22.87
1395.372,386,183,30,28,6312.003,-0.40,-0.66,-0.27,0.57,-9.87,1.95,-0.65,0.26,-0.00,-0.55,25.06,-18.69,-20.87
1395.388,386,183,30,28,6312.028,-0.39,-0.66,-0.27,0.58,-9.33,1.98,0.04,0.35,-0.04,-0.73,25.06,-18.69,-20.87
1395.406,385,182,33,30,6312.048,-0.38,-0.66,-0.28,0.58,-8.66,1.88,0.49,0.41,-0.03,-0.71,25.06,-18.69,-20.87
1395.423,385,182,33,30,6312.073,-0.38,-0.66,-0.28,0.59,-8.25,0.46,-0.71,0.56,0.03,-0.41,26.87,-19.06,-20.56
1395.447,385,182,33,31,6312.095,-0.37,-0.66,-0.28,0.59,-9.58,0.67,-0.11,0.56,0.12,-0.27,26.87,-19.06,-20.56
1395.472,385,182,33,31,6312.118,-0.36,-0.67,-0.28,0.59,-9.48,0.86,0.76,0.48,0.12,-0.32,27.25,-19.19,-19.75
1395.494,387,183,31,29,6312.142,-0.36,-0.67,-0.28,0.59,-9.55,1.57,1.23,0.47,-0.08,-0.34,27.25,-19.19,-19.75
1395.515,386,182,33,31,6312.165,-0.35,-0.67,-0.27,0.60,-9.56,1.21,-0.15,0.65,-0.24,-0.21,28.75,-18.75,-18.19
1395.536,386,182,32,30,6312.189,-0.35,-0.67,-0.27,0.60,-9.69,1.50,-0.16,0.77,-0.28,-0.13,28.75,-18.75,-18.19
1395.553,386,182,32,30,6312.212,-0.34,-0.67,-0.26,0.61,-9.32,1.50,0.07,0.86,-0.04,-0.24,27.69,-19.19,-17.75
