1127.316,370,171,34,30,6045.595,-0.54,-0.49,-0.53,0.42,-9.85,0.80,-0.65,-0.01,-0.00,0.00,50.19,-2.56,2.50
1127.335,370,172,34,31,6045.618,-0.54,-0.49,-0.53,0.42,-9.85,0.75,-0.54,0.00,0.00,-0.01,50.56,-1.37,1.75
1127.365,371,172,33,29,6045.64,-0.54,-0.49,-0.53,0.42,-9.86,0.79,-0.59,-0.00,0.00,-0.01,50.56,-1.37,1.75
1127.383,370,170,35,32,6045.663,-0.54,-0.49,-0.53,0.42,-9.83,0.70,-0.52,0.00,-0.00,-0.01,50.56,-1.37,1.75
1127.399,370,170,35,32,6045.685,-0.54,-0.49,-0.53,0.42,-9.78,0.83,-0.64,-0.00,-0.01,-0.00,49.88,-3.25,3.69
1127.419,370,171,35,31,6045.71,-0.54,-0.49,-0.53,0.42,-9.82,0.72,-0.62,0.01,0.02,-0.00,49.88,-3.25,3.69
1127.439,371,170,33,32,6045.732,-0.54,-0.49,-0.53,0.42,-9.87,0.82,-0.56,0.01,-0.00,-0.00,50.56,-3.69,1.25
1127.455,371,170,33,32,6045.755,-0.54,-0.49,-0.53,0.42,-9.85,0.76,-0.57,0.00,-0.01,-0.00,50.56,-3.69,1.25
1127.472,371,170,33,32,6045.779,-0.54,-0.49,-0.53,0.42,-9.87,0.75,-0.47,0.01,-0.01,0.00,50.19,-3.69,1.75
1127.491,369,171,35,31,6045.802,-0.54,-0.49,-0.53,0.42,-9.75,0.71,-0.60,0.01,-0.01,0.01,50.19,-3.69,1.75
1127.514,369,171,35,31,6045.825,-0.54,-0.49,-0.53,0.42,-9.77,0.76,-0.50,0.02,0.00,-0.01,49.50,-2.88,1.69
1127.534,369,170,35,32,6045.849,-0.54,-0.49,-0.53,0.42,-9.82,0.81,-0.60,0.02,0.00,0.00,49.50,-2.88,1.69
1127.554,369,171,35,31,6045.872,-0.54,-0.49,-0.53,0.42,-9.88,0.77,-0.48,0.02,-0.00,0.01,50.56,-2.88,1.00
1127.57,369,171,35,31,6045.894,-0.54,-0.49,-0.53,0.42,-9.88,0.79,-0.61,0.02,-0.00,-0.00,50.56,-2.88,1.00
1127.597,369,170,35,33,6045.917,-0.54,-0.49,-0.53,0.42,-9.84,0.85,-0.51,0.01,-0.01,-0.01,50.56,-2.88,1.00
1127.618,370,171,33,31,6045.939,-0.54,-0.49,-0.53,0.42,-9.81,0.79,-0.48,0.00,-0.01,-0.00,51.00,-2.56,2.50
1127.634,370,171,33,31,6045.962,-0.54,-0.49,-0.53,0.42,-9.83,0.76,-0.55,0.00,-0.01,-0.00,51.00,-2.56,2.50
1127.652,368,171,34,31,6045.984,-0.54,-0.49,-0.53,0.42,-9.85,0.74,-0.50,0.01,0.00,-0.00,50.56,-2.19,3.69
1127.676,368,171,34,31,6046.009,-0.54,-0.49,-0.53,0.42,-9.83,0.79,-0.60,0.01,0.00,-0.01,50.56,-2.19,3.69
1127.698,368,170,35,32,6046.031,-0.54,-0.49,-0.53,0.42,-9.87,0.68,-0.48,0.02,-0.00,-0.00,51.00,-2.56,1.69
1127.721,367,171,35,32,6046.054,-0.54,-0.49,-0.53,0.42,-9.84,0.80,-0.63,0.02,-0.02,-0.02,51.00,-2.56,1.69
1127.737,367,171,35,32,6046.074,-0.54,-0.49,-0.53,0.42,-9.86,0.74,-0.53,0.03,-0.01,-0.01,50.56,-2.19,2.19
1127.761,367,173,34,31,6046.099,-0.54,-0.49,-0.53,0.42,-9.84,0.69,-0.62,0.04,-0.01,-0.03,50.56,-2.19,2.19
1127.781,367,173,35,32,6046.119,-0.54,-0.49,-0.53,0.42,-9.81,0.86,-0.46,0.04,-0.01,-0.02,50.19,-2.88,2.50
1127.798,367,173,35,32,6046.142,-0.54,-0.49,-0.53,0.42,-9.79,0.74,-0.48,0.01,-0.01,-0.00,50.19,-2.88,2.50
1127.817,367,175,35,31,6046.164,-0.54,-0.49,-0.53,0.42,-9.71,0.85,-0.59,0.02,-0.01,-0.02,50.19,-2.88,2.50
1127.838,367,175,35,31,6046.189,-0.54,-0.49,-0.53,0.42,-9.79,0.85,-0.58,0.02,0.04,-0.03,50.56,-3.69,1.75
1127.883,367,175,35,31,6046.21,-0.54,-0.49,-0.53,0.42,-9.97,0.71,-0.72,0.01,0.03,-0.01,50.56,-3.69,1.75
1127.907,368,176,35,32,6046.234,-0.54,-0.49,-0.53,0.42,-10.00,0.69,-0.73,0.01,0.01,-0.02,49.88,-2.19,2.06
1127.93,367,178,34,31,6046.257,-0.54,-0.49,-0.53,0.42,-10.02,0.65,-0.70,0.02,0.00,-0.02,49.88,-2.19,2.06
1127.953,367,178,34,31,6046.279,-0.54,-0.49,-0.53,0.42,-9.84,0.47,-0.62,0.03,-0.03,-0.01,50.19,-3.25,1.19
1127.969,367,178,34,31,6046.3,-0.54,-0.49,-0.53,0.43,-9.78,0.57,-0.62,0.05,-0.04,-0.00,50.19,-3.25,1.19
1128.009,366,177,34,31,6046.322,-0.54,-0.49,-0.53,0.43,-9.80,0.66,-0.52,0.05,-0.03,0.00,49.88,-2.56,2.06
1128.031,364,175,34,32,6046.347,-0.54,-0.49,-0.53,0.43,-9.81,0.86,-0.57,0.05,-0.03,0.01,49.88,-2.56,2.06
1128.053,363,175,35,32,6046.367,-0.54,-0.49,-0.53,0.43,-9.80,0.85,-0.31,0.02,-0.03,0.01,50.56,-2.88,1.19
1128.069,363,175,35,32,6046.39,-0.54,-0.49,-0.53,0.43,-9.68,0.77,-0.42,0.02,-0.03,-0.01,50.56,-2.88,1.19
1128.119,361,174,36,33,6046.412,-0.54,-0.49,-0.53,0.43,-9.73,0.85,-0.34,0.00,-0.01,-0.01,50.56,-2.88,1.19
1128.148,360,174,36,33,6046.435,-0.54,-0.49,-0.53,0.43,-9.72,0.75,-0.39,-0.02,-0.01,0.02,51.00,-2.56,3.19
1128.17,358,172,36,34,6046.459,-0.54,-0.49,-0.53,0.43,-9.72,0.72,-0.55,-0.01,0.01,0.00,51.00,-2.56,3.19
1128.191,357,173,37,33,6046.48,-0.54,-0.49,-0.53,0.43,-9.87,0.93,-0.39,-0.01,0.02,-0.01,50.56,-2.56,0.50
1128.208,357,173,37,33,6046.502,-0.54,-0.49,-0.53,0.43,-9.84,0.80,-0.45,-0.03,-0.01,-0.00,50.56,-2.56,0.50
1128.247,356,172,38,34,6046.525,-0.54,-0.49,-0.53,0.43,-9.83,0.68,-0.46,-0.03,0.00,0.00,49.50,-2.19,2.38
1128.271,355,172,39,36,6046.547,-0.54,-0.49,-0.53,0.43,-9.88,0.72,-0.62,-0.01,0.02,-0.02,49.50,-2.19,2.38
1128.301,355,174,41,37,6046.57,-0.54,-0.49,-0.53,0.43,-9.87,0.82,-0.64,-0.01,0.01,-0.02,50.56,-2.56,1.56
1128.317,355,174,41,37,6046.593,-0.54,-0.49,-0.53,0.43,-9.86,0.66,-0.80,-0.01,0.01,-0.01,50.56,-2.56,1.56
1128.354,355,174,42,39,6046.615,-0.54,-0.49,-0.53,0.43,-9.80,0.54,-0.67,0.02,0.01,-0.02,50.56,-2.56,1.56
1128.389,358,175,43,40,6046.638,-0.54,-0.49,-0.53,0.43,-9.79,0.65,-0.50,0.04,0.03,-0.03,50.19,-1.75,1.19
1128.411,361,176,45,42,6046.66,-0.54,-0.49,-0.53,0.43,-9.84,0.63,-0.54,0.02,0.05,0.00,50.19,-1.75,1.19
1128.435,364,177,47,44,6046.681,-0.54,-0.49,-0.53,0.43,-9.82,0.63,-0.60,0.04,0.04,-0.01,50.56,-2.56,1.69
1128.471,367,178,48,46,6046.705,-0.54,-0.49,-0.53,0.43,-9.87,0.86,-0.58,0.06,0.06,-0.04,50.56,-2.56,1.69
1128.493,369,180,50,47,6046.728,-0.54,-0.49,-0.53,0.43,-9.89,0.98,-0.50,0.04,0.06,-0.01,49.88,-2.88,2.38
1128.515,368,177,52,49,6046.75,-0.54,-0.49,-0.53,0.43,-9.71,0.81,-0.56,0.02,0.07,0.00,49.88,-2.88,2.38
1128.532,368,177,52,49,6046.771,-0.54,-0.49,-0.53,0.43,-9.60,0.96,-0.45,0.02,0.08,-0.02,51.00,-2.19,1.19
1128.548,368,177,52,49,6046.795,-0.54,-0.49,-0.53,0.43,-9.41,0.85,-0.61,-0.01,0.06,0.02,51.00,-2.19,1.19
1128.571,366,174,51,47,6046.816,-0.54,-0.50,-0.53,0.43,-9.24,0.73,-0.82,-0.00,0.07,0.09,50.56,-1.06,2.88
1128.6,362,170,49,45,6046.838,-0.54,-0.50,-0.53,0.42,-9.62,0.92,-1.18,0.04,0.13,0.12,50.56,-1.06,2.88
1128.62,362,170,49,45,6046.861,-0.54,-0.50,-0.53,0.42,-9.77,0.98,-0.96,0.07,0.10,0.11,50.56,-1.06,2.88
1128.641,359,168,47,43,6046.883,-0.54,-0.50,-0.53,0.42,-9.68,1.03,-1.14,0.06,0.07,0.12,50.19,-2.56,2.06
1128.661,357,166,44,41,6046.908,-0.54,-0.50,-0.53,0.42,-9.88,1.12,-1.02,-0.02,0.00,0.26,50.19,-2.56,2.06
1128.677,357,166,44,41,6046.93,-0.54,-0.50,-0.53,0.42,-10.00,0.41,-0.64,0.04,-0.03,0.28,49.50,-2.19,2.88
1128.702,357,166,41,38,6046.955,-0.54,-0.50,-0.53,0.42,-10.10,0.75,-0.37,0.13,-0.04,0.14,49.50,-2.19,2.88
1128.719,357,168,38,35,6046.976,-0.54,-0.51,-0.53,0.42,-10.25,0.92,-0.40,0.13,0.01,0.07,48.38,-1.37,2.88
1128.736,357,168,38,35,6046.998,-0.54,-0.51,-0.53,0.42,-10.63,0.93,-0.22,0.11,0.02,0.06,48.38,-1.37,2.88
1128.757,360,172,33,31,6047.021,-0.54,-0.51,-0.53,0.42,-10.56,1.10,-0.11,0.10,-0.04,0.02,48.38,-1.88,1.75
1128.783,360,172,33,31,6047.045,-0.54,-0.51,-0.53,0.42,-10.29,1.07,0.00,0.09,-0.10,0.00,48.38,-1.88,1.75
1128.803,360,174,32,30,6047.066,-0.54,-0.51,-0.53,0.42,-9.92,1.14,0.01,0.09,-0.14,-0.03,47.88,-0.88,2.19
1128.821,363,178,29,27,6047.088,-0.54,-0.51,-0.52,0.42,-9.44,0.51,0.25,0.02,-0.06,-0.02,47.88,-0.88,2.19
1128.838,363,178,29,27,6047.111,-0.54,-0.51,-0.52,0.42,-9.41,0.06,0.44,0.07,0.00,-0.09,47.88,-0.88,2.19
1128.867,363,180,27,26,6047.135,-0.54,-0.51,-0.52,0.42,-9.24,0.28,0.41,0.12,0.06,-0.16,48.25,-1.19,2.19
1128.904,363,184,25,23,6047.158,-0.53,-0.51,-0.53,0.42,-9.54,1.19,0.00,-0.05,0.17,0.04,48.25,-1.19,2.19
1128.92,363,184,25,23,6047.18,-0.53,-0.51,-0.53,0.42,-9.93,0.42,-0.07,-0.14,0.11,0.12,48.56,-1.19,2.50
1128.952,363,186,25,22,6047.203,-0.53,-0.51,-0.53,0.42,-10.02,0.53,-0.28,-0.07,0.09,-0.03,48.56,-1.19,2.50
1128.976,364,188,25,22,6047.225,-0.53,-0.51,-0.53,0.42,-9.73,0.93,-0.23,-0.06,0.08,-0.09,48.56,-1.88,2.50
1129.016,366,190,23,22,6047.248,-0.53,-0.51,-0.53,0.42,-9.08,0.67,-0.37,-0.13,0.09,0.02,48.56,-1.88,2.50
1129.041,367,193,23,20,6047.27,-0.53,-0.51,-0.53,0.42,-8.92,0.46,-0.62,-0.11,0.19,0.08,48.56,-1.88,2.50
1129.063,367,192,25,22,6047.295,-0.53,-0.51,-0.53,0.42,-9.01,0.65,-0.74,-0.09,0.29,0.08,48.56,-1.88,2.50
1129.079,367,192,25,22,6047.315,-0.53,-0.51,-0.53,0.41,-9.46,0.74,-0.56,-0.06,0.25,0.07,50.50,-3.00,3.69
1129.11,369,194,23,21,6047.338,-0.53,-0.51,-0.53,0.41,-9.47,0.66,-0.58,-0.04,0.24,0.09,50.50,-3.00,3.69
1129.134,371,193,22,20,6047.361,-0.53,-0.51,-0.54,0.41,-9.60,0.99,-0.81,-0.06,0.22,0.11,50.50,-3.00,3.69
1129.152,371,190,27,26,6047.383,-0.53,-0.51,-0.54,0.41,-9.57,0.96,-0.85,-0.15,0.26,0.27,48.56,-3.38,3.69
1129.169,371,190,27,26,6047.408,-0.53,-0.52,-0.54,0.40,-9.57,0.11,-1.28,-0.08,0.35,0.33,48.56,-3.38,3.69
1129.191,374,189,27,25,6047.43,-0.53,-0.52,-0.54,0.40,-9.81,1.09,-1.07,-0.14,0.33,0.40,48.25,-4.19,4.50
1129.208,374,189,27,25,6047.455,-0.53,-0.52,-0.54,0.39,-9.64,0.70,-1.47,-0.15,0.30,0.53,48.25,-4.19,4.50
1129.228,376,186,29,28,6047.475,-0.53,-0.53,-0.54,0.39,-9.60,0.91,-1.37,-0.08,0.35,0.57,46.75,-6.38,5.69
1129.253,383,186,26,25,6047.498,-0.53,-0.53,-0.54,0.38,-9.66,1.06,-1.19,-0.01,0.34,0.49,46.75,-6.38,5.69
1129.27,383,186,26,25,6047.52,-0.53,-0.54,-0.53,0.38,-9.79,1.76,-1.49,0.03,0.34,0.37,45.69,-9.00,6.88
1129.286,383,186,26,25,6047.545,-0.53,-0.54,-0.53,0.37,-9.87,2.83,-2.55,-0.02,0.40,0.36,45.69,-9.00,6.88
1129.307,389,181,29,31,6047.565,-0.53,-0.54,-0.54,0.37,-10.38,2.71,-3.12,-0.14,0.45,0.47,44.00,-11.69,7.00
1129.325,390,175,39,40,6047.588,-0.53,-0.55,-0.54,0.36,-11.01,3.35,-4.11,-0.20,0.31,0.20,44.00,-11.69,7.00
1129.345,390,175,39,40,6047.61,-0.53,-0.55,-0.54,0.36,-10.92,3.79,-4.46,-0.18,0.19,-0.04,44.00,-11.69,7.00
1129.362,395,173,45,45,6047.635,-0.53,-0.54,-0.54,0.36,-10.76,3.73,-4.50,-0.15,0.10,-0.19,42.69,-13.69,6.75
1129.379,395,173,45,45,6047.657,-0.53,-0.54,-0.54,0.36,-10.08,2.98,-4.78,-0.02,-0.04,-0.38,42.69,-13.69,6.75
1129.401,397,174,48,45,6047.68,-0.53,-0.54,-0.54,0.36,-9.66,2.73,-4.70,0.03,-0.12,-0.46,42.75,-14.25,7.56
1129.422,397,174,48,45,6047.705,-0.53,-0.54,-0.55,0.37,-9.21,2.49,-4.82,0.07,-0.23,-0.47,42.75,-14.25,7.56
1129.443,395,170,57,54,6047.727,-0.53,-0.53,-0.55,0.37,-8.96,2.47,-4.89,0.16,-0.26,-0.49,45.19,-12.88,7.75
1129.463,400,176,47,46,6047.75,-0.53,-0.53,-0.55,0.38,-9.66,1.65,-3.96,0.15,-0.46,-0.64,45.19,-12.88,7.75
1129.479,400,176,47,46,6047.77,-0.53,-0.52,-0.55,0.39,-9.34,1.32,-3.91,0.33,-0.72,-0.68,48.56,-9.88,9.06
1129.501,387,171,55,54,6047.795,-0.53,-0.52,-0.54,0.40,-8.89,1.83,-3.57,0.48,-0.78,-0.49,48.56,-9.88,9.06
1129.52,379,167,57,55,6047.817,-0.53,-0.52,-0.54,0.40,-8.75,0.49,-2.28,0.49,-0.66,-0.39,49.69,-6.19,7.00
1129.536,379,167,57,55,6047.84,-0.53,-0.52,-0.53,0.42,-8.63,0.64,-2.40,0.61,-0.69,-0.42,49.69,-6.19,7.00
1129.556,372,164,55,53,6047.86,-0.52,-0.51,-0.53,0.42,-8.44,1.61,-3.10,0.70,-0.64,-0.33,49.69,-6.19,7.00
1129.577,372,164,55,53,6047.885,-0.52,-0.51,-0.53,0.43,-9.43,1.37,-2.80,0.85,-0.49,-0.35,49.75,-4.00,5.00
1129.599,367,163,53,50,6047.907,-0.52,-0.51,-0.52,0.44,-10.06,1.38,-0.77,0.86,-0.70,-0.32,49.75,-4.00,5.00
1129.62,364,164,50,47,6047.932,-0.52,-0.51,-0.51,0.45,-10.00,1.35,0.57,0.82,-0.78,-0.11,49.06,-0.06,0.00
1129.636,364,164,50,47,6047.954,-0.52,-0.51,-0.51,0.46,-9.37,0.77,0.58,0.67,-0.62,-0.11,49.06,-0.06,0.00
1129.652,364,164,50,47,6047.977,-0.52,-0.51,-0.50,0.47,-8.70,-1.12,1.64,0.79,-0.51,-0.27,48.56,2.25,-0.56
1129.672,364,166,45,42,6048,-0.51,-0.52,-0.49,0.48,-8.25,-0.70,2.30,0.97,-0.45,-0.30,48.56,2.25,-0.56
1129.688,364,166,45,42,6048.022,-0.51,-0.52,-0.49,0.49,-8.61,0.71,3.98,0.88,-0.30,-0.11,49.25,3.19,-5.06
1129.711,363,168,42,39,6048.045,-0.51,-0.52,-0.48,0.49,-8.97,0.59,4.72,0.37,-0.30,0.38,49.25,3.19,-5.06
1129.737,364,171,38,34,6048.067,-0.51,-0.52,-0.48,0.49,-8.95,-0.61,5.37,0.18,-0.40,0.42,49.25,3.50,-5.50
1129.753,364,171,38,34,6048.09,-0.51,-0.52,-0.47,0.49,-8.90,-0.78,4.69,0.24,-0.21,0.38,49.25,3.50,-5.50
1129.774,366,174,35,33,6048.11,-0.51,-0.53,-0.47,0.49,-9.36,-0.29,4.79,0.28,0.11,0.23,49.25,3.50,-5.50
1129.793,365,176,32,31,6048.135,-0.51,-0.53,-0.47,0.49,-10.13,0.53,5.03,-0.05,0.30,0.27,48.75,3.50,-7.06
1129.809,365,176,32,31,6048.157,-0.51,-0.53,-0.47,0.49,-9.82,-0.26,4.68,-0.33,0.18,0.30,48.75,3.50,-7.06
1129.826,366,179,30,27,6048.18,-0.51,-0.53,-0.47,0.48,-9.39,-0.47,4.00,-0.41,0.21,0.21,49.06,4.56,-6.06
1129.842,366,179,30,27,6048.204,-0.52,-0.53,-0.47,0.48,-9.60,-0.17,4.20,-0.51,0.47,0.17,49.06,4.56,-6.06
1129.861,368,181,29,26,6048.227,-0.52,-0.53,-0.48,0.47,-10.30,0.18,3.36,-0.65,0.41,0.30,48.38,3.69,-5.88
1129.884,368,181,29,26,6048.249,-0.52,-0.53,-0.48,0.46,-10.36,-0.03,3.35,-0.76,0.42,0.36,48.38,3.69,-5.88
1129.905,366,183,28,24,6048.272,-0.52,-0.53,-0.49,0.45,-10.32,-0.65,2.66,-0.67,0.39,0.25,48.75,3.75,-3.38
1129.922,367,185,26,24,6048.294,-0.53,-0.53,-0.49,0.45,-9.54,-0.70,1.95,-0.36,0.45,-0.05,48.75,3.75,-3.38
1129.939,367,185,26,24,6048.317,-0.52,-0.53,-0.49,0.44,-8.57,1.52,0.71,-0.28,0.67,0.01,48.75,1.88,-0.69
1129.96,367,187,25,24,6048.339,-0.52,-0.53,-0.50,0.43,-9.05,3.69,-0.41,-0.58,0.91,0.55,48.75,1.88,-0.69
1129.977,367,187,25,24,6048.362,-0.53,-0.54,-0.50,0.42,-10.08,1.40,-1.56,-0.89,0.98,1.06,48.75,1.88,-0.69
1129.994,367,187,25,24,6048.385,-0.53,-0.54,-0.51,0.41,-9.70,-0.04,-2.20,-0.28,0.66,0.33,48.75,0.75,4.50
1130.014,369,189,21,23,6048.407,-0.53,-0.55,-0.51,0.40,-8.84,4.35,-3.04,-0.12,0.77,0.23,48.75,0.75,4.50
1130.051,366,191,24,21,6048.432,-0.53,-0.55,-0.51,0.39,-8.74,5.62,-4.42,-0.72,0.86,0.98,48.38,-4.75,9.06
1130.067,366,191,24,21,6048.454,-0.53,-0.56,-0.52,0.38,-9.12,1.95,-4.04,-0.58,0.78,0.67,48.38,-4.75,9.06
1130.088,368,192,22,19,6048.477,-0.53,-0.56,-0.52,0.37,-8.92,2.35,-5.20,-0.13,0.78,0.15,48.69,-15.00,11.19
1130.107,367,191,24,21,6048.499,-0.53,-0.56,-0.52,0.36,-8.57,4.63,-4.51,-0.07,0.80,0.12,48.69,-15.00,11.19
1130.124,368,190,25,22,6048.522,-0.53,-0.57,-0.53,0.35,-8.53,4.34,-5.70,-0.43,0.79,0.50,49.75,-21.50,8.75
1130.141,368,190,25,22,6048.544,-0.53,-0.57,-0.53,0.34,-9.22,2.73,-6.80,-0.23,0.71,0.00,49.75,-21.50,8.75
1130.161,369,189,25,23,6048.567,-0.53,-0.57,-0.53,0.34,-11.11,5.02,-7.07,0.13,0.51,-0.52,50.88,-20.56,6.00
1130.177,369,189,25,23,6048.591,-0.52,-0.57,-0.54,0.34,-11.00,6.05,-6.70,-0.03,0.07,-0.46,50.88,-20.56,6.00
1130.216,371,188,27,24,6048.612,-0.52,-0.56,-0.54,0.34,-10.15,4.47,-6.39,-0.36,-0.31,-0.16,50.88,-20.56,6.00
1130.23,371,188,27,24,6048.636,-0.53,-0.56,-0.54,0.34,-8.62,1.79,-5.79,-0.24,-0.48,-0.31,49.56,-18.50,5.19
1130.248,374,185,27,26,6048.657,-0.53,-0.55,-0.54,0.35,-8.82,2.22,-4.66,-0.01,-0.39,-0.36,49.56,-18.50,5.19
1130.265,377,184,28,26,6048.681,-0.53,-0.55,-0.54,0.35,-9.11,1.98,-3.98,0.00,-0.41,-0.41,51.19,-14.56,7.25
1130.281,377,184,28,26,6048.704,-0.53,-0.55,-0.54,0.36,-9.00,2.01,-4.45,0.08,-0.47,-0.39,51.19,-14.56,7.25
1130.301,385,182,25,27,6048.727,-0.53,-0.54,-0.54,0.36,-9.43,1.74,-3.35,0.07,-0.54,-0.35,51.50,-11.69,10.38
1130.318,388,178,30,28,6048.753,-0.53,-0.54,-0.54,0.37,-9.10,1.38,-3.31,0.12,-0.63,-0.35,51.50,-11.69,10.38
1130.335,388,178,30,28,6048.774,-0.53,-0.54,-0.54,0.38,-8.84,1.63,-3.22,0.26,-0.51,-0.39,52.25,-9.75,10.38
1130.357,388,178,30,28,6048.796,-0.53,-0.53,-0.54,0.38,-9.47,1.19,-2.58,0.31,-0.42,-0.46,52.25,-9.75,10.38
1130.379,391,173,36,37,6048.819,-0.53,-0.53,-0.53,0.39,-10.01,1.03,-1.22,0.37,-0.59,-0.43,51.50,-7.19,10.25
1130.398,395,167,48,49,6048.843,-0.53,-0.53,-0.53,0.40,-9.79,1.68,-1.26,0.39,-0.73,-0.23,51.50,-7.19,10.25
1130.414,395,167,48,49,6048.866,-0.53,-0.53,-0.53,0.40,-9.55,0.98,-0.82,0.42,-0.71,-0.50,51.56,-3.25,7.56
1130.437,396,166,58,55,6048.886,-0.53,-0.52,-0.52,0.42,-9.24,0.97,-1.67,0.56,-0.56,-0.69,51.56,-3.25,7.56
1130.453,396,166,58,55,6048.909,-0.53,-0.52,-0.52,0.43,-9.82,0.56,0.17,0.65,-0.49,-0.44,51.56,-3.25,7.56
1130.472,398,166,64,62,6048.933,-0.53,-0.52,-0.52,0.43,-9.71,0.76,0.39,0.67,-0.57,-0.26,52.00,-0.69,3.56
1130.488,398,166,64,62,6048.956,-0.53,-0.52,-0.51,0.44,-9.14,0.97,-0.71,0.71,-0.71,-0.26,52.00,-0.69,3.56
1130.517,403,171,65,61,6048.978,-0.52,-0.52,-0.50,0.45,-9.09,0.29,-0.75,0.74,-0.64,-0.40,51.06,2.06,1.25
1130.536,400,172,64,63,6049.003,-0.52,-0.52,-0.50,0.46,-9.66,0.82,0.11,0.91,-0.53,-0.57,51.06,2.06,1.25
1130.552,400,172,64,63,6049.026,-0.51,-0.52,-0.49,0.47,-10.26,2.07,2.72,1.09,-0.67,-0.36,51.69,3.69,-1.00
1130.575,389,167,70,69,6049.048,-0.51,-0.52,-0.48,0.49,-9.92,1.86,2.41,0.84,-0.90,-0.02,51.69,3.69,-1.00
1130.594,388,171,56,53,6049.071,-0.51,-0.52,-0.48,0.49,-9.10,-0.52,3.13,0.47,-0.74,0.04,52.38,4.88,-3.56
1130.611,388,171,56,53,6049.093,-0.51,-0.52,-0.47,0.50,-9.03,-1.22,4.52,0.59,-0.66,-0.18,52.38,4.88,-3.56
1130.63,382,170,48,45,6049.116,-0.51,-0.52,-0.46,0.51,-8.47,0.60,6.04,0.52,-0.65,-0.11,52.00,5.00,-4.56
1130.646,382,170,48,45,6049.138,-0.51,-0.51,-0.46,0.51,-8.36,0.71,6.16,0.19,-0.47,0.23,52.00,5.00,-4.56
1130.679,374,166,46,45,6049.161,-0.52,-0.51,-0.45,0.51,-8.27,-0.07,5.88,-0.16,-0.13,0.43,52.00,5.00,-4.56
1130.699,368,165,44,42,6049.183,-0.52,-0.52,-0.46,0.51,-8.99,-1.69,6.46,-0.36,0.31,0.09,52.06,4.75,-6.69
1130.716,368,165,44,42,6049.206,-0.52,-0.52,-0.46,0.50,-8.70,0.00,4.59,-0.38,0.22,-0.01,52.06,4.75,-6.69
1130.735,365,166,42,39,6049.228,-0.52,-0.51,-0.46,0.50,-8.91,-0.20,4.26,-0.58,0.36,0.24,51.88,5.25,-5.06
1130.752,365,166,42,39,6049.253,-0.53,-0.51,-0.47,0.49,-9.40,-0.29,3.79,-0.77,0.51,0.41,51.88,5.25,-5.06
1130.77,364,168,37,36,6049.275,-0.53,-0.52,-0.47,0.48,-9.93,-0.54,3.62,-0.81,0.50,0.45,52.25,4.56,-4.50
1130.787,364,168,37,36,6049.298,-0.53,-0.51,-0.48,0.47,-9.57,-0.29,3.06,-0.76,0.36,0.42,52.25,4.56,-4.50
1130.806,363,172,33,31,6049.32,-0.54,-0.52,-0.48,0.46,-9.48,-0.33,2.06,-0.61,0.46,0.40,51.50,4.19,-2.50
1130.828,363,172,33,31,6049.343,-0.54,-0.52,-0.48,0.46,-9.05,-0.08,1.41,-0.49,0.85,0.26,51.50,4.19,-2.50
1130.85,363,176,30,28,6049.366,-0.54,-0.52,-0.49,0.45,-9.91,1.92,-0.13,-0.40,1.06,0.43,52.56,2.69,1.25
1130.867,363,180,29,26,6049.388,-0.54,-0.53,-0.50,0.43,-10.67,3.06,-0.59,-0.47,1.03,0.61,52.56,2.69,1.25
1130.883,363,180,29,26,6049.411,-0.54,-0.53,-0.50,0.42,-10.02,1.66,-1.20,-0.60,0.76,0.72,52.56,2.69,1.25
1130.902,364,183,27,25,6049.433,-0.54,-0.53,-0.50,0.41,-8.57,0.34,-1.69,-0.28,0.62,0.42,52.25,-1.69,7.19
1130.918,364,183,27,25,6049.456,-0.54,-0.54,-0.51,0.40,-7.67,3.31,-3.27,0.04,1.03,0.24,52.25,-1.69,7.19
1130.942,365,185,26,24,6049.478,-0.53,-0.55,-0.51,0.39,-9.29,5.56,-3.45,-0.24,1.37,0.72,53.06,-7.88,12.38
1130.96,366,190,23,21,6049.503,-0.54,-0.55,-0.51,0.38,-9.64,2.25,-3.48,-0.65,0.77,0.80,53.06,-7.88,12.38
1130.984,366,190,23,21,6049.525,-0.54,-0.56,-0.52,0.37,-8.59,3.16,-6.61,-0.11,0.70,0.09,55.00,-16.50,11.00
1131.007,365,190,25,22,6049.55,-0.53,-0.56,-0.52,0.36,-9.17,6.54,-5.87,0.18,1.08,0.12,55.00,-16.50,11.00
1131.026,365,191,24,22,6049.572,-0.53,-0.57,-0.52,0.35,-9.72,4.95,-5.87,-0.55,0.80,0.76,55.88,-20.06,4.00
1131.043,365,191,24,22,6049.595,-0.53,-0.57,-0.52,0.34,-9.27,2.85,-7.05,-0.59,0.49,0.52,55.88,-20.06,4.00
1131.059,365,191,24,22,6049.617,-0.53,-0.57,-0.53,0.34,-9.58,3.12,-7.99,-0.12,0.48,0.02,54.88,-15.38,1.50
1131.084,364,191,25,22,6049.64,-0.53,-0.57,-0.53,0.34,-10.93,5.47,-7.18,0.20,0.57,-0.38,54.88,-15.38,1.50
1131.104,364,190,25,22,6049.662,-0.52,-0.57,-0.54,0.34,-11.07,5.45,-6.64,-0.15,-0.19,-0.25,52.88,-11.00,3.06
1131.12,364,190,25,22,6049.685,-0.53,-0.57,-0.53,0.34,-9.21,3.58,-7.19,-0.34,-0.66,-0.16,52.88,-11.00,3.06
1131.145,364,189,25,23,6049.708,-0.53,-0.56,-0.53,0.34,-9.29,3.28,-6.18,-0.20,-0.59,-0.31,52.88,-11.00,3.06
1131.162,364,189,25,23,6049.732,-0.53,-0.56,-0.53,0.35,-9.94,3.70,-5.37,-0.04,-0.53,-0.53,52.56,-10.50,4.00
1131.181,362,186,26,23,6049.755,-0.53,-0.55,-0.53,0.35,-9.42,3.59,-5.48,-0.05,-0.80,-0.77,52.56,-10.50,4.00
1131.203,363,182,27,25,6049.777,-0.54,-0.54,-0.53,0.37,-9.00,3.12,-4.31,-0.01,-0.89,-0.72,51.88,-11.38,8.25
1131.22,363,182,27,25,6049.802,-0.54,-0.53,-0.53,0.37,-9.18,1.97,-3.36,-0.07,-0.96,-0.61,51.88,-11.38,8.25
1131.249,363,177,29,26,6049.824,-0.54,-0.53,-0.53,0.38,-9.26,1.20,-2.28,0.07,-0.95,-0.55,53.38,-9.38,10.25
1131.273,364,171,33,30,6049.849,-0.55,-0.52,-0.53,0.39,-8.57,0.94,-1.91,0.22,-0.86,-0.57,53.38,-9.38,10.25
1131.292,364,171,33,30,6049.869,-0.55,-0.51,-0.52,0.40,-8.01,0.89,-1.36,0.34,-0.88,-0.74,54.06,-6.75,11.50
1131.321,367,165,35,34,6049.894,-0.55,-0.51,-0.52,0.41,-8.62,0.77,-0.45,0.50,-0.77,-0.63,54.06,-6.75,11.50
1131.343,368,160,40,38,6049.914,-0.54,-0.51,-0.52,0.43,-9.34,-0.78,1.40,0.55,-0.68,-0.54,53.56,-0.88,7.19
1131.366,372,156,44,43,6049.939,-0.54,-0.50,-0.51,0.44,-9.22,-0.31,0.41,0.74,-0.77,-0.59,53.56,-0.88,7.19
1131.382,372,156,44,43,6049.959,-0.54,-0.50,-0.51,0.45,-9.66,0.17,1.49,0.99,-0.71,-0.54,53.56,-0.88,7.19
1131.4,371,150,56,53,6049.984,-0.54,-0.50,-0.50,0.46,-9.60,1.00,1.96,1.03,-0.90,-0.44,53.25,3.06,3.19
1131.417,371,150,56,53,6050.004,-0.53,-0.50,-0.49,0.47,-8.36,0.73,2.87,0.85,-0.87,-0.33,53.25,3.06,3.19
1131.438,371,150,56,53,6050.029,-0.53,-0.50,-0.49,0.48,-8.37,0.26,2.95,0.68,-0.75,-0.17,52.25,4.19,0.00
1131.472,369,147,60,58,6050.052,-0.53,-0.50,-0.48,0.49,-9.06,-0.53,4.55,0.58,-0.31,-0.09,52.25,4.19,0.00
1131.493,367,146,72,69,6050.074,-0.53,-0.50,-0.48,0.49,-9.31,-0.21,4.62,0.54,-0.29,-0.21,51.75,5.00,-3.50
1131.514,367,148,81,78,6050.099,-0.52,-0.50,-0.47,0.50,-9.35,-0.01,4.81,0.47,-0.17,-0.18,51.75,5.00,-3.50
1131.534,364,149,84,81,6050.121,-0.52,-0.50,-0.47,0.50,-10.38,0.34,5.16,0.44,-0.02,-0.11,52.00,5.75,-4.69
1131.551,364,149,84,81,6050.144,-0.52,-0.50,-0.47,0.50,-10.17,0.59,5.44,0.11,-0.05,-0.11,52.00,5.75,-4.69
1131.571,363,149,76,72,6050.164,-0.52,-0.50,-0.47,0.50,-9.54,-0.40,6.05,-0.20,-0.08,0.01,51.75,6.25,-4.56
1131.587,363,149,76,72,6050.189,-0.52,-0.50,-0.47,0.50,-8.71,-0.75,5.15,-0.44,-0.08,0.13,51.75,6.25,-4.56
1131.607,363,152,59,55,6050.211,-0.53,-0.50,-0.47,0.50,-8.51,-0.93,4.83,-0.54,0.16,0.27,51.88,6.00,-4.75
1131.628,363,152,59,55,6050.234,-0.53,-0.50,-0.48,0.49,-10.23,-0.26,4.23,-0.51,0.59,0.25,51.88,6.00,-4.75
1131.647,355,147,59,56,6050.254,-0.53,-0.50,-0.48,0.48,-11.23,0.36,4.19,-0.64,0.48,0.06,51.88,6.00,-4.75
1131.664,353,149,53,50,6050.279,-0.53,-0.50,-0.49,0.48,-10.22,0.40,3.52,-0.81,0.10,0.10,52.38,6.00,-3.25
1131.681,353,149,53,50,6050.301,-0.54,-0.49,-0.49,0.47,-8.89,-1.11,3.28,-1.01,-0.05,0.35,52.38,6.00,-3.25
1131.701,353,150,49,48,6050.324,-0.55,-0.49,-0.49,0.46,-7.18,-1.18,2.09,-0.76,0.27,0.35,53.88,5.25,-0.88
1131.72,353,150,49,48,6050.349,-0.55,-0.49,-0.50,0.46,-8.38,0.16,2.01,-0.49,0.80,0.59,53.88,5.25,-0.88
1131.753,356,154,40,42,6050.371,-0.55,-0.50,-0.50,0.45,-8.66,0.40,1.87,-0.52,0.93,0.74,54.56,4.19,1.88
1131.774,357,162,37,35,6050.394,-0.55,-0.50,-0.51,0.43,-8.91,1.27,-0.84,-0.59,0.74,0.74,54.56,4.19,1.88
1131.795,357,162,37,35,6050.414,-0.55,-0.51,-0.51,0.42,-8.42,1.22,-1.52,-0.45,0.89,0.78,55.38,0.19,7.69
1131.82,360,168,33,31,6050.439,-0.55,-0.51,-0.51,0.41,-8.64,2.64,-2.33,-0.29,1.06,0.77,55.38,0.19,7.69
1131.838,361,172,31,29,6050.461,-0.55,-0.52,-0.52,0.40,-9.61,5.20,-2.79,-0.65,0.93,1.07,57.56,-4.38,10.19
1131.868,361,172,31,29,6050.484,-0.56,-0.53,-0.52,0.38,-8.17,1.36,-5.19,-0.92,0.64,1.01,57.56,-4.38,10.19
1131.887,362,177,28,25,6050.504,-0.56,-0.53,-0.52,0.37,-7.71,-0.09,-5.22,-0.22,0.95,0.42,57.56,-4.38,10.19
1131.909,363,179,27,26,6050.529,-0.55,-0.54,-0.53,0.36,-8.81,6.28,-5.68,0.50,1.48,-0.09,59.50,-6.25,7.50
1131.929,363,179,27,26,6050.551,-0.54,-0.54,-0.53,0.35,-9.84,4.02,-6.67,-0.36,1.21,0.96,59.50,-6.25,7.50
1131.969,364,182,25,28,6050.574,-0.54,-0.55,-0.53,0.33,-9.83,2.56,-7.43,-0.46,0.68,0.91,60.75,-1.19,6.88
1131.994,363,185,25,29,6050.598,-0.54,-0.56,-0.54,0.33,-10.56,4.25,-8.42,-0.13,0.57,0.21,60.75,-1.19,6.88
1132.017,362,184,27,36,6050.621,-0.54,-0.56,-0.54,0.33,-11.64,7.01,-7.29,0.18,0.31,-0.04,59.56,3.69,6.56
1132.045,360,183,28,43,6050.643,-0.54,-0.56,-0.54,0.33,-11.53,6.34,-6.97,-0.21,-0.24,0.10,59.56,3.69,6.56
1132.058,360,183,28,43,6050.666,-0.54,-0.55,-0.54,0.33,-10.03,4.50,-7.48,-0.38,-0.62,-0.13,58.00,5.88,7.00
1132.078,362,182,25,42,6050.691,-0.55,-0.55,-0.54,0.33,-9.27,3.47,-6.11,-0.22,-0.67,-0.46,58.00,5.88,7.00
1132.096,363,181,27,44,6050.711,-0.55,-0.54,-0.54,0.34,-9.20,3.18,-5.38,-0.06,-0.69,-0.78,57.19,5.25,7.56
1132.117,363,181,27,44,6050.734,-0.55,-0.53,-0.54,0.35,-9.54,3.44,-5.07,-0.06,-0.60,-0.71,57.19,5.25,7.56
1132.136,364,179,28,46,6050.756,-0.55,-0.53,-0.54,0.35,-9.36,2.73,-4.25,-0.12,-0.71,-0.65,57.19,5.25,7.56
1132.152,364,179,28,46,6050.781,-0.56,-0.52,-0.54,0.36,-9.11,2.02,-4.04,-0.09,-0.91,-0.60,57.50,3.38,7.69
1132.169,364,179,28,46,6050.803,-0.56,-0.51,-0.53,0.37,-8.78,1.54,-3.20,0.09,-0.99,-0.61,57.50,3.38,7.69
1132.187,365,175,30,50,6050.826,-0.56,-0.51,-0.53,0.38,-8.12,1.97,-2.99,0.24,-0.94,-0.68,57.06,-1.37,10.00
1132.206,368,171,31,52,6050.85,-0.56,-0.50,-0.53,0.39,-8.05,1.72,-2.55,0.30,-0.84,-0.70,57.06,-1.37,10.00
1132.222,368,171,31,52,6050.873,-0.56,-0.50,-0.53,0.40,-9.92,0.14,0.17,0.47,-0.63,-0.46,55.50,-1.56,7.69
1132.24,372,169,32,51,6050.895,-0.56,-0.49,-0.52,0.41,-10.01,0.53,0.82,0.69,-0.82,-0.50,55.50,-1.56,7.69
1132.257,372,169,32,51,6050.916,-0.56,-0.49,-0.51,0.43,-9.42,1.56,0.03,0.89,-1.00,-0.60,53.19,1.88,4.69
1132.283,376,168,35,41,6050.94,-0.56,-0.49,-0.51,0.44,-7.90,0.48,1.06,0.84,-1.02,-0.68,53.19,1.88,4.69
1132.3,376,168,35,41,6050.961,-0.56,-0.49,-0.50,0.45,-8.76,0.71,2.48,0.90,-0.79,-0.47,52.25,4.25,1.50
1132.319,385,169,28,30,6050.983,-0.55,-0.49,-0.49,0.46,-9.41,0.28,3.76,0.89,-0.71,-0.22,52.25,4.25,1.50
1132.34,385,161,38,41,6051.006,-0.55,-0.49,-0.49,0.47,-9.43,0.07,3.84,0.96,-0.80,-0.21,52.25,4.25,1.50
1132.355,385,161,38,41,6051.031,-0.55,-0.49,-0.48,0.48,-8.61,0.04,4.41,1.00,-0.79,-0.36,50.25,7.38,-3.69
1132.375,388,157,45,43,6051.053,-0.55,-0.49,-0.47,0.49,-8.46,0.21,5.02,0.84,-0.62,-0.32,50.25,7.38,-3.69
1132.392,388,157,45,43,6051.076,-0.54,-0.49,-0.46,0.50,-8.82,-0.58,6.26,0.65,-0.32,-0.05,49.69,6.69,-6.50
1132.412,392,147,54,57,6051.1,-0.54,-0.49,-0.46,0.51,-9.39,-0.60,6.94,0.59,-0.24,0.04,49.69,6.69,-6.50
1132.438,398,143,68,66,6051.123,-0.54,-0.49,-0.46,0.51,-9.42,0.11,6.63,0.27,-0.14,0.00,50.50,7.25,-7.88
1132.455,398,143,68,66,6051.145,-0.54,-0.49,-0.46,0.51,-9.24,-0.79,7.10,-0.11,0.01,0.09,50.50,7.25,-7.88
1132.473,401,145,71,67,6051.166,-0.54,-0.49,-0.46,0.51,-8.80,-1.16,6.39,-0.29,0.01,0.20,48.38,7.75,-7.19
1132.489,401,145,71,67,6051.19,-0.54,-0.49,-0.46,0.50,-8.60,-1.06,5.64,-0.43,0.19,0.29,48.38,7.75,-7.19
1132.505,401,145,71,67,6051.213,-0.55,-0.49,-0.46,0.50,-9.37,-0.57,4.92,-0.50,0.36,0.29,49.88,7.38,-7.00
1132.526,394,138,83,81,6051.235,-0.55,-0.49,-0.46,0.49,-9.77,0.16,4.20,-0.60,0.32,0.40,49.88,7.38,-7.00
1132.544,387,135,76,74,6051.256,-0.55,-0.49,-0.47,0.48,-9.60,-0.25,3.57,-0.72,0.29,0.48,49.88,7.38,-7.00
1132.561,387,135,76,74,6051.28,-0.56,-0.49,-0.47,0.48,-8.95,-0.95,3.67,-0.48,0.39,0.27,49.75,7.75,-5.50
1132.579,380,133,71,69,6051.303,-0.56,-0.49,-0.47,0.47,-8.29,0.83,2.54,-0.48,0.63,0.46,49.75,7.75,-5.50
1132.601,380,133,71,69,6051.325,-0.56,-0.50,-0.48,0.46,-8.31,0.34,1.63,-0.55,0.96,0.62,50.50,7.00,-2.38
1132.622,376,135,62,61,6051.35,-0.56,-0.50,-0.48,0.45,-9.45,0.81,1.60,-0.40,1.19,0.59,50.50,7.00,-2.38
1132.641,376,141,49,49,6051.371,-0.56,-0.51,-0.49,0.44,-9.28,1.51,-0.08,-0.28,0.79,0.43,51.56,4.00,1.88
1132.658,376,141,49,49,6051.395,-0.56,-0.51,-0.49,0.43,-8.88,4.32,-1.63,-0.15,0.83,0.54,51.56,4.00,1.88
1132.677,369,143,50,51,6051.416,-0.56,-0.52,-0.49,0.42,-9.83,3.78,-1.98,-0.38,1.08,0.90,54.19,-0.69,5.75
1132.693,369,143,50,51,6051.44,-0.56,-0.52,-0.50,0.40,-9.73,1.75,-2.68,-0.54,0.92,0.50,54.19,-0.69,5.75
1132.718,369,147,45,47,6051.461,-0.56,-0.53,-0.50,0.39,-8.78,2.24,-3.44,-0.00,0.97,0.20,55.75,-6.88,6.88
1132.74,368,154,39,43,6051.485,-0.55,-0.54,-0.51,0.39,-8.60,5.17,-4.80,0.13,1.15,0.47,55.75,-6.88,6.88
1132.761,368,154,39,43,6051.506,-0.55,-0.55,-0.51,0.37,-9.30,3.03,-5.01,-0.13,1.28,1.42,55.75,-6.88,6.88
1132.779,372,164,29,32,6051.53,-0.55,-0.56,-0.51,0.36,-8.95,1.98,-4.98,0.01,0.77,0.51,58.69,-6.38,3.38
1132.798,369,169,31,29,6051.553,-0.55,-0.56,-0.51,0.35,-8.73,6.21,-8.21,0.11,0.90,-0.20,58.69,-6.38,3.38
1132.815,369,169,31,29,6051.575,-0.54,-0.57,-0.52,0.35,-11.17,6.35,-7.80,0.09,1.16,0.06,58.38,-2.50,-0.69
1132.833,368,173,30,28,6051.6,-0.53,-0.57,-0.52,0.34,-12.46,5.53,-7.43,-0.18,0.26,-0.16,58.38,-2.50,-0.69
1132.849,368,173,30,28,6051.622,-0.53,-0.57,-0.53,0.34,-11.40,5.39,-7.91,-0.15,-0.39,-0.39,57.19,2.38,-0.75
1132.866,368,173,30,28,6051.645,-0.54,-0.56,-0.53,0.35,-9.81,4.41,-7.02,-0.25,-0.73,-0.46,57.19,2.38,-0.75
1132.885,371,178,27,25,6051.667,-0.54,-0.55,-0.52,0.35,-8.91,3.03,-5.47,-0.22,-0.90,-0.46,56.56,3.75,1.19
1132.902,371,178,27,25,6051.69,-0.55,-0.55,-0.52,0.36,-8.48,3.20,-5.17,-0.11,-0.90,-0.45,56.56,3.75,1.19
1132.927,373,182,25,23,6051.713,-0.55,-0.54,-0.52,0.37,-8.89,2.24,-3.89,-0.09,-0.80,-0.53,58.56,2.00,2.25
1132.944,373,182,25,23,6051.735,-0.55,-0.53,-0.52,0.38,-8.82,2.44,-3.88,-0.05,-0.86,-0.73,58.56,2.00,2.25
1132.966,374,186,23,21,6051.758,-0.55,-0.52,-0.52,0.39,-9.57,2.11,-2.39,0.04,-0.81,-0.63,58.88,-2.00,4.38
1132.984,373,187,24,22,6051.78,-0.56,-0.52,-0.52,0.39,-9.28,2.19,-2.22,0.05,-0.94,-0.46,58.88,-2.00,4.38
1133.001,373,187,24,22,6051.803,-0.56,-0.51,-0.51,0.40,-8.57,1.16,-1.82,0.00,-0.97,-0.58,58.88,-2.00,4.38
1133.02,374,187,23,24,6051.825,-0.56,-0.50,-0.51,0.41,-8.69,0.59,-1.33,0.09,-0.78,-0.64,58.06,-2.75,6.38
1133.041,373,188,24,27,6051.85,-0.56,-0.50,-0.51,0.42,-9.41,0.81,-0.16,0.39,-0.58,-0.39,58.06,-2.75,6.38
1133.057,373,188,24,27,6051.872,-0.56,-0.50,-0.50,0.43,-9.05,1.04,0.26,0.40,-0.66,-0.42,54.50,0.00,4.88
1133.084,375,187,23,26,6051.897,-0.56,-0.49,-0.50,0.44,-8.50,0.34,0.06,0.32,-0.69,-0.61,54.50,0.00,4.88
1133.1,375,187,23,26,6051.919,-0.56,-0.49,-0.50,0.45,-8.78,-0.82,-0.09,0.62,-0.34,-0.61,51.75,2.88,3.75
1133.118,375,187,23,27,6051.942,-0.55,-0.49,-0.50,0.45,-9.85,0.31,1.63,0.88,-0.44,-0.41,51.75,2.88,3.75
1133.135,376,183,23,28,6051.962,-0.55,-0.49,-0.49,0.47,-9.56,1.16,1.70,0.97,-0.55,-0.09,49.69,5.50,-1.00
1133.151,376,183,23,28,6051.987,-0.55,-0.49,-0.48,0.47,-9.30,1.22,2.37,0.91,-0.49,0.09,49.69,5.50,-1.00
1133.168,378,184,22,21,6052.007,-0.55,-0.50,-0.48,0.48,-9.30,-0.09,2.26,0.76,-0.53,-0.12,48.19,7.19,-3.00
1133.185,378,184,22,21,6052.03,-0.54,-0.50,-0.47,0.49,-10.09,1.54,4.51,0.99,-0.51,-0.28,48.19,7.19,-3.00
1133.203,377,177,29,26,6052.052,-0.54,-0.50,-0.46,0.50,-10.22,1.60,5.52,0.83,-0.59,-0.07,48.19,7.19,-3.00
1133.219,377,177,29,26,6052.077,-0.54,-0.50,-0.45,0.50,-8.83,0.09,6.85,0.54,-0.76,0.10,47.50,9.19,-5.50
1133.241,377,177,29,26,6052.1,-0.54,-0.50,-0.45,0.51,-7.93,-0.03,7.01,0.34,-0.68,0.07,47.50,9.19,-5.50
1133.262,379,171,31,28,6052.122,-0.54,-0.50,-0.44,0.51,-8.12,0.82,6.68,0.16,-0.25,0.13,46.38,8.88,-6.25
1133.282,383,165,31,28,6052.147,-0.54,-0.50,-0.44,0.51,-8.79,-0.10,7.31,-0.14,0.17,0.29,46.38,8.88,-6.25
1133.299,383,165,31,28,6052.167,-0.55,-0.50,-0.44,0.51,-9.09,-0.79,6.85,-0.41,0.19,0.17,46.75,9.00,-8.38
1133.316,387,158,35,30,6052.19,-0.55,-0.50,-0.45,0.50,-9.45,0.65,4.88,-0.48,0.29,0.18,46.75,9.00,-8.38
1133.332,387,158,35,30,6052.212,-0.55,-0.50,-0.45,0.49,-9.84,0.24,4.82,-0.68,0.40,0.26,46.06,9.00,-7.69
1133.351,393,149,37,33,6052.237,-0.56,-0.50,-0.46,0.49,-10.02,0.15,5.20,-0.81,0.36,0.30,46.06,9.00,-7.69
1133.368,393,149,37,33,6052.257,-0.56,-0.49,-0.46,0.48,-9.72,-0.54,4.53,-0.88,0.24,0.32,48.00,8.25,-6.19
1133.384,400,137,37,41,6052.28,-0.56,-0.49,-0.46,0.48,-9.06,-0.37,2.88,-0.75,0.32,0.31,48.00,8.25,-6.19
1133.408,400,137,37,41,6052.302,-0.57,-0.49,-0.47,0.47,-9.19,-0.55,2.84,-0.60,0.55,0.28,48.00,8.25,-6.19
1133.43,398,119,54,62,6052.325,-0.57,-0.49,-0.47,0.46,-9.20,0.46,2.25,-0.48,0.70,0.25,47.56,6.75,-3.75
1133.449,406,111,72,72,6052.349,-0.57,-0.49,-0.48,0.45,-9.49,-0.10,1.06,-0.45,0.79,0.36,47.56,6.75,-3.75
1133.467,414,106,90,86,6052.372,-0.57,-0.50,-0.48,0.44,-9.23,1.78,-0.77,-0.32,0.80,0.33,50.88,5.56,0.37
1133.484,414,106,90,86,6052.397,-0.57,-0.50,-0.49,0.43,-9.19,2.28,-0.84,-0.15,0.96,0.56,50.88,5.56,0.37
1133.5,411,105,96,90,6052.417,-0.57,-0.51,-0.49,0.42,-9.13,2.83,-1.75,-0.33,1.09,0.62,53.88,0.88,3.25
1133.517,411,105,96,90,6052.44,-0.56,-0.52,-0.50,0.41,-8.41,4.99,-2.95,-0.32,1.07,0.47,53.88,0.88,3.25
1133.534,403,102,89,84,6052.462,-0.56,-0.52,-0.50,0.40,-7.99,4.17,-3.97,-0.48,1.32,0.79,59.88,-4.75,2.75
1133.559,403,102,89,84,6052.487,-0.56,-0.53,-0.51,0.38,-7.38,0.80,-4.08,-0.37,1.68,0.88,59.88,-4.75,2.75
1133.58,392,104,82,77,6052.507,-0.55,-0.54,-0.51,0.37,-7.94,2.25,-4.41,0.07,1.81,0.72,62.50,-3.38,-1.56
1133.596,392,104,82,77,6052.53,-0.55,-0.56,-0.52,0.35,-8.42,6.34,-6.59,-0.28,1.40,1.18,62.50,-3.38,-1.56
1133.614,394,116,51,55,6052.552,-0.55,-0.56,-0.52,0.33,-9.30,4.01,-8.15,-0.59,1.18,1.26,62.50,-3.38,-1.56
1133.63,394,116,51,55,6052.577,-0.55,-0.57,-0.52,0.32,-10.28,4.35,-8.69,-0.26,1.10,0.43,62.69,0.75,-2.88
1133.65,386,126,43,44,6052.599,-0.54,-0.57,-0.53,0.32,-12.52,7.94,-7.62,0.23,0.47,-0.36,62.69,0.75,-2.88
1133.666,386,126,43,44,6052.622,-0.54,-0.57,-0.53,0.32,-10.91,7.27,-7.88,-0.17,-0.36,-0.35,59.56,3.88,-2.56
1133.693,375,131,47,48,6052.646,-0.54,-0.56,-0.53,0.32,-9.00,4.40,-6.84,-0.36,-0.74,-0.35,59.56,3.88,-2.56
1133.729,374,142,36,39,6052.669,-0.55,-0.56,-0.53,0.33,-8.66,3.47,-5.33,-0.24,-1.00,-0.45,57.19,4.75,-0.75
1133.753,374,142,36,39,6052.691,-0.56,-0.55,-0.53,0.34,-8.33,3.43,-4.84,-0.17,-1.07,-0.63,57.19,4.75,-0.75
1133.775,372,151,34,36,6052.714,-0.56,-0.54,-0.53,0.35,-7.75,3.60,-5.40,-0.16,-0.98,-0.73,58.56,3.75,-1.69
1133.792,372,151,34,36,6052.737,-0.56,-0.53,-0.53,0.35,-8.28,2.52,-4.25,-0.12,-0.77,-0.74,58.56,3.75,-1.69
1133.824,368,166,30,28,6052.759,-0.56,-0.52,-0.53,0.36,-8.78,1.46,-2.73,-0.03,-0.83,-0.79,58.25,1.75,0.06
1133.844,369,173,29,26,6052.782,-0.57,-0.51,-0.52,0.37,-8.82,3.04,-4.06,0.16,-0.83,-0.73,58.25,1.75,0.06
1133.866,369,173,29,26,6052.804,-0.57,-0.51,-0.52,0.38,-8.83,3.01,-3.44,0.18,-0.82,-0.59,58.25,1.75,0.06
1133.891,369,179,26,24,6052.827,-0.57,-0.50,-0.52,0.39,-10.31,1.53,-1.56,0.04,-1.05,-0.52,56.75,0.37,3.56
1133.912,370,184,25,23,6052.849,-0.57,-0.50,-0.52,0.40,-9.15,0.43,-0.52,0.28,-1.24,-0.69,56.75,0.37,3.56
1133.928,370,184,25,23,6052.874,-0.57,-0.49,-0.51,0.42,-8.45,1.49,-0.75,0.59,-1.00,-0.84,52.19,1.00,2.19
1133.945,370,184,25,23,6052.896,-0.57,-0.49,-0.51,0.43,-8.32,0.74,0.38,0.52,-0.69,-0.83,52.19,1.00,2.19
1133.965,371,189,24,21,6052.919,-0.57,-0.48,-0.50,0.44,-8.45,0.33,2.10,0.59,-0.80,-0.47,48.38,5.75,-0.19
1133.984,373,192,20,18,6052.943,-0.57,-0.48,-0.50,0.45,-8.67,0.00,2.33,0.67,-0.75,-0.19,48.38,5.75,-0.19
1134,373,192,20,18,6052.964,-0.57,-0.48,-0.49,0.46,-8.89,-0.57,3.24,0.74,-0.62,-0.28,45.88,7.75,-3.38
1134.028,371,192,22,20,6052.988,-0.56,-0.48,-0.49,0.47,-9.53,-0.81,3.20,1.00,-0.42,-0.34,45.88,7.75,-3.38
1134.044,371,192,22,20,6053.009,-0.56,-0.48,-0.48,0.48,-9.99,0.43,4.23,1.11,-0.50,-0.26,44.19,10.38,-7.06
1134.065,371,193,20,20,6053.033,-0.55,-0.48,-0.47,0.49,-10.40,1.16,4.83,0.89,-0.67,-0.11,44.19,10.38,-7.06
1134.084,368,191,25,23,6053.054,-0.55,-0.48,-0.46,0.49,-9.26,-0.19,5.56,0.72,-0.81,-0.09,44.19,10.38,-7.06
1134.1,368,191,25,23,6053.079,-0.55,-0.48,-0.46,0.50,-9.27,0.36,6.76,0.71,-0.43,-0.32,43.56,12.69,-9.19
1134.116,368,190,23,22,6053.099,-0.55,-0.48,-0.45,0.51,-9.51,1.77,6.86,0.55,-0.26,-0.19,43.56,12.69,-9.19
1134.133,368,190,23,22,6053.124,-0.55,-0.49,-0.45,0.51,-9.26,0.62,7.32,0.14,-0.18,0.09,41.69,11.25,-11.69
1134.155,366,186,26,24,6053.148,-0.55,-0.48,-0.45,0.51,-9.04,0.04,7.05,-0.25,-0.09,0.13,41.69,11.25,-11.69
1134.188,367,183,26,24,6053.171,-0.55,-0.48,-0.45,0.51,-8.32,-1.23,6.23,-0.42,0.03,-0.08,42.88,11.50,-11.88
1134.204,367,183,26,24,6053.195,-0.55,-0.48,-0.45,0.51,-8.56,0.00,5.13,-0.44,0.35,-0.01,42.88,11.50,-11.88
1134.233,368,180,28,25,6053.218,-0.55,-0.48,-0.46,0.50,-9.05,-0.26,5.03,-0.69,0.63,0.21,42.50,11.50,-11.19
1134.254,370,174,31,29,6053.24,-0.56,-0.48,-0.47,0.49,-10.18,-0.55,5.35,-0.78,0.51,0.28,42.50,11.50,-11.19
1134.272,373,168,35,32,6053.261,-0.56,-0.48,-0.47,0.48,-9.39,-0.72,4.96,-0.91,0.22,0.37,43.25,11.50,-9.00
1134.288,373,168,35,32,6053.285,-0.57,-0.48,-0.47,0.48,-8.26,-1.08,3.67,-0.93,0.17,0.46,43.25,11.50,-9.00
1134.305,373,168,35,32,6053.308,-0.57,-0.48,-0.48,0.47,-7.09,-2.36,3.14,-0.58,0.90,0.40,44.00,11.06,-7.00
1134.33,376,163,37,35,6053.33,-0.57,-0.48,-0.49,0.45,-8.78,0.02,1.68,-0.31,1.59,0.59,44.00,11.06,-7.00
1134.351,376,163,37,35,6053.351,-0.56,-0.49,-0.49,0.44,-10.03,1.30,1.93,-0.32,1.53,0.71,44.00,11.06,-7.00
1134.378,375,156,46,43,6053.376,-0.56,-0.50,-0.50,0.43,-9.91,3.00,-0.24,-0.41,1.03,0.78,44.69,8.50,-2.38
1134.402,378,150,50,48,6053.398,-0.56,-0.50,-0.50,0.42,-7.93,1.50,-2.18,-0.39,1.10,0.57,44.69,8.50,-2.38
1134.423,378,141,64,65,6053.421,-0.56,-0.51,-0.51,0.40,-8.94,3.22,-3.75,-0.16,1.56,0.52,47.69,4.69,1.56
1134.44,378,141,64,65,6053.445,-0.56,-0.52,-0.52,0.39,-9.29,3.01,-3.56,-0.16,1.71,0.61,47.69,4.69,1.56
1134.459,390,141,72,73,6053.468,-0.55,-0.53,-0.52,0.38,-9.04,1.84,-4.00,0.05,1.42,0.35,50.00,0.56,4.00
1134.477,399,149,73,70,6053.49,-0.54,-0.54,-0.53,0.37,-7.92,3.93,-5.45,0.21,1.24,0.48,50.00,0.56,4.00
1134.494,399,149,73,70,6053.511,-0.54,-0.55,-0.53,0.36,-7.68,3.95,-6.04,0.13,1.38,0.98,52.50,0.00,1.88
1134.52,385,139,94,91,6053.535,-0.53,-0.56,-0.53,0.34,-9.34,5.42,-7.66,-0.11,1.41,1.26,52.50,0.00,1.88
1134.537,385,139,94,91,6053.558,-0.53,-0.57,-0.53,0.33,-10.59,4.90,-9.01,-0.19,0.74,0.34,51.69,4.56,-1.69
1134.556,382,137,82,78,6053.58,-0.53,-0.57,-0.54,0.32,-11.16,6.17,-9.10,0.18,0.55,-0.10,51.69,4.56,-1.69
1134.574,376,135,73,69,6053.601,-0.52,-0.57,-0.54,0.32,-11.49,7.22,-7.82,0.05,0.19,-0.17,51.69,4.56,-1.69
1134.591,376,135,73,69,6053.625,-0.53,-0.57,-0.54,0.33,-11.41,5.64,-7.63,-0.24,-0.34,-0.20,48.69,9.56,-1.25
1134.608,376,140,56,55,6053.648,-0.53,-0.57,-0.54,0.33,-9.45,3.94,-7.00,-0.27,-0.91,-0.44,48.69,9.56,-1.25
1134.624,376,140,56,55,6053.67,-0.54,-0.56,-0.54,0.34,-8.88,3.17,-5.68,-0.16,-1.00,-0.50,48.50,11.19,-0.75
1134.648,372,141,54,53,6053.695,-0.54,-0.55,-0.53,0.35,-8.55,2.88,-5.14,-0.19,-1.02,-0.52,48.50,11.19,-0.75
1134.674,372,141,54,53,6053.718,-0.55,-0.54,-0.53,0.35,-9.10,2.81,-4.05,-0.10,-1.02,-0.45,51.06,8.50,-0.69
1134.69,372,141,54,53,6053.742,-0.55,-0.53,-0.53,0.36,-8.79,2.75,-4.13,-0.12,-1.08,-0.44,51.06,8.50,-0.69
1134.709,375,149,39,38,6053.763,-0.56,-0.53,-0.53,0.37,-8.67,2.35,-4.08,-0.08,-1.04,-0.52,50.19,4.00,1.88
1134.734,370,152,40,41,6053.787,-0.56,-0.52,-0.52,0.38,-8.55,2.30,-2.91,0.17,-1.05,-0.65,50.19,4.00,1.88
1134.758,368,159,39,37,6053.808,-0.56,-0.51,-0.52,0.39,-8.15,2.24,-2.51,0.15,-1.02,-0.70,50.88,1.75,3.50
1134.775,368,159,39,37,6053.832,-0.56,-0.50,-0.52,0.40,-8.75,1.64,-2.16,0.18,-0.88,-0.64,50.88,1.75,3.50
1134.796,368,167,32,30,6053.853,-0.56,-0.50,-0.51,0.41,-8.89,1.58,-1.65,0.28,-0.85,-0.60,50.88,1.75,3.50
1134.817,367,172,30,28,6053.877,-0.56,-0.49,-0.51,0.42,-9.42,1.57,-0.21,0.46,-0.98,-0.64,47.06,3.00,4.00
1134.84,367,172,30,28,6053.898,-0.56,-0.49,-0.50,0.44,-9.03,0.78,1.12,0.46,-1.09,-0.66,47.06,3.00,4.00
1134.86,367,179,26,25,6053.922,-0.56,-0.48,-0.50,0.45,-8.52,0.26,1.24,0.58,-1.02,-0.68,45.00,6.69,0.88
1134.879,366,183,26,24,6053.945,-0.56,-0.48,-0.49,0.46,-8.95,0.29,0.46,0.86,-0.55,-0.41,45.00,6.69,0.88
1134.896,366,183,26,24,6053.967,-0.56,-0.48,-0.49,0.47,-10.16,0.25,3.48,1.03,-0.74,-0.28,42.19,10.88,-4.06
1134.913,367,188,24,21,6053.99,-0.56,-0.48,-0.48,0.48,-9.99,0.97,4.04,1.08,-0.89,-0.16,42.19,10.88,-4.06
1134.929,367,188,24,21,6054.012,-0.56,-0.48,-0.47,0.49,-9.72,0.68,5.23,0.88,-0.88,-0.13,41.00,14.00,-8.19
1134.946,366,190,23,23,6054.035,-0.55,-0.48,-0.46,0.50,-9.11,-0.45,6.44,0.71,-0.82,-0.24,41.00,14.00,-8.19
1134.963,366,190,23,23,6054.057,-0.55,-0.48,-0.45,0.51,-8.39,-0.23,8.29,0.60,-0.79,-0.15,38.88,13.69,-11.75
1134.98,366,189,22,28,6054.082,-0.56,-0.48,-0.44,0.52,-8.10,-0.44,8.45,0.35,-0.70,0.06,38.88,13.69,-11.75
1135.001,366,189,22,28,6054.103,-0.56,-0.48,-0.44,0.52,-7.89,-0.41,7.90,0.14,-0.36,0.21,38.88,13.69,-11.75
1135.018,366,189,22,28,6054.127,-0.56,-0.48,-0.44,0.52,-8.87,-1.95,7.74,-0.21,0.38,-0.03,38.69,14.19,-12.69
1135.037,365,189,21,31,6054.148,-0.56,-0.48,-0.45,0.51,-9.15,-1.81,7.63,-0.29,0.35,-0.37,38.69,14.19,-12.69
1135.056,362,187,24,37,6054.172,-0.56,-0.48,-0.45,0.51,-9.19,-0.46,6.41,-0.42,0.17,-0.28,39.06,14.25,-14.25
1135.073,362,187,24,37,6054.197,-0.56,-0.47,-0.45,0.51,-8.68,-1.55,5.63,-0.85,0.11,0.23,39.06,14.25,-14.25
1135.09,360,183,25,44,6054.219,-0.56,-0.47,-0.46,0.50,-8.26,-2.00,5.21,-0.90,0.18,0.39,40.25,13.88,-12.50
1135.113,360,183,25,44,6054.244,-0.57,-0.47,-0.46,0.49,-8.89,-0.48,3.44,-0.76,0.43,0.53,40.25,13.88,-12.50
1135.135,360,180,27,45,6054.264,-0.57,-0.47,-0.47,0.48,-9.66,-0.75,3.81,-0.56,0.74,0.39,41.38,15.00,-10.88
1135.16,362,176,27,49,6054.287,-0.57,-0.47,-0.48,0.47,-9.21,-0.56,2.70,-0.40,0.73,0.08,41.38,15.00,-10.88
1135.179,362,176,27,49,6054.309,-0.57,-0.47,-0.48,0.47,-9.12,1.06,2.36,-0.44,0.70,0.12,41.38,13.06,-5.75
1135.204,365,171,27,48,6054.334,-0.57,-0.48,-0.48,0.46,-8.66,1.00,0.92,-0.46,0.65,0.54,41.38,13.06,-5.75
1135.226,365,165,33,50,6054.354,-0.57,-0.48,-0.49,0.45,-8.74,1.06,-0.51,-0.15,1.01,0.83,44.25,11.00,-2.25
1135.248,365,165,33,50,6054.379,-0.57,-0.49,-0.49,0.44,-10.21,2.26,-1.11,-0.05,1.15,0.39,44.25,11.00,-2.25
1135.27,370,162,33,40,6054.4,-0.57,-0.50,-0.50,0.43,-9.95,4.84,-1.41,-0.23,0.88,0.23,44.25,11.00,-2.25
1135.294,377,161,32,29,6054.424,-0.57,-0.50,-0.50,0.42,-8.99,4.93,-2.63,-0.52,0.85,1.08,48.00,6.75,0.19
1135.321,378,151,40,36,6054.447,-0.57,-0.51,-0.50,0.41,-7.59,1.07,-4.68,-0.15,1.26,0.92,48.00,6.75,0.19
1135.34,378,151,40,36,6054.469,-0.56,-0.52,-0.51,0.40,-9.20,3.56,-4.53,0.16,1.57,-0.05,53.69,3.06,-1.37
1135.365,385,137,41,46,6054.494,-0.55,-0.52,-0.52,0.39,-9.38,5.44,-4.49,-0.22,1.30,-0.23,53.69,3.06,-1.37
1135.386,385,137,41,46,6054.516,-0.55,-0.52,-0.52,0.38,-9.06,2.93,-6.33,-0.30,1.06,0.82,57.38,4.75,-3.88
1135.41,382,129,54,51,6054.539,-0.55,-0.54,-0.53,0.37,-10.24,4.03,-6.20,0.13,1.07,0.58,57.38,4.75,-3.88
1135.432,379,119,63,60,6054.561,-0.55,-0.54,-0.53,0.36,-11.00,5.29,-7.03,-0.12,0.73,0.31,57.19,8.69,-4.19
1135.455,379,119,63,60,6054.584,-0.55,-0.54,-0.53,0.35,-11.31,4.18,-7.43,-0.25,0.17,0.07,57.19,8.69,-4.19
1135.483,380,113,71,68,6054.606,-0.55,-0.54,-0.53,0.35,-11.30,4.38,-7.55,-0.02,-0.13,-0.37,55.69,11.25,-3.69
1135.501,379,112,75,70,6054.631,-0.55,-0.53,-0.53,0.36,-11.18,6.06,-7.27,-0.02,-0.58,-0.57,55.69,11.25,-3.69
1135.523,375,111,75,72,6054.651,-0.55,-0.53,-0.53,0.36,-10.42,4.93,-6.48,-0.26,-0.89,-0.37,55.69,11.25,-3.69
1135.546,375,111,75,72,6054.674,-0.56,-0.52,-0.53,0.37,-9.52,3.03,-5.39,-0.19,-1.17,-0.59,54.75,11.00,-3.06
1135.568,373,117,65,60,6054.696,-0.56,-0.51,-0.53,0.38,-8.56,3.17,-5.19,-0.06,-1.22,-0.88,54.75,11.00,-3.06
1135.6,370,122,57,55,6054.721,-0.56,-0.50,-0.53,0.40,-8.12,2.66,-4.66,-0.03,-1.13,-0.90,54.88,8.88,-2.88
1135.627,368,130,47,44,6054.744,-0.57,-0.49,-0.52,0.40,-9.42,1.18,-2.44,0.15,-1.09,-0.65,54.88,8.88,-2.88
1135.643,368,130,47,44,6054.766,-0.57,-0.48,-0.52,0.42,-9.55,1.24,-0.68,0.30,-1.29,-0.55,53.38,7.38,-0.19
1135.664,366,140,39,36,6054.791,-0.57,-0.48,-0.51,0.43,-8.20,1.62,-0.93,0.34,-1.29,-0.50,53.38,7.38,-0.19
1135.684,368,151,29,29,6054.813,-0.57,-0.47,-0.51,0.44,-6.97,0.43,-0.65,0.29,-0.85,-0.65,48.50,8.56,-1.25
1135.707,368,151,29,29,6054.836,-0.57,-0.47,-0.50,0.45,-8.55,-0.63,1.52,0.60,-0.54,-0.70,48.50,8.56,-1.25
1135.729,364,157,32,31,6054.858,-0.57,-0.46,-0.50,0.46,-9.51,0.57,3.07,0.81,-0.60,-0.49,43.88,11.25,-4.06
1135.753,364,157,32,31,6054.883,-0.57,-0.46,-0.49,0.47,-9.48,0.59,3.54,0.70,-0.65,-0.21,43.88,11.25,-4.06
1135.775,364,165,29,27,6054.903,-0.57,-0.46,-0.49,0.48,-8.71,-0.24,3.57,0.65,-0.52,-0.28,40.75,13.75,-7.56
1135.802,364,173,26,23,6054.926,-0.56,-0.46,-0.48,0.48,-8.93,-1.64,4.55,0.86,-0.30,-0.43,40.75,13.75,-7.56
1135.819,364,173,26,23,6054.948,-0.56,-0.47,-0.48,0.49,-9.14,-0.02,6.74,0.82,-0.34,-0.32,40.75,13.75,-7.56
1135.844,365,177,25,24,6054.973,-0.56,-0.47,-0.47,0.50,-9.18,0.38,6.45,0.68,-0.39,-0.14,38.75,15.50,-11.00
1135.867,364,183,23,21,6054.995,-0.56,-0.47,-0.47,0.50,-9.22,-0.97,6.62,0.48,-0.07,0.21,38.75,15.50,-11.00
1135.89,364,183,23,21,6055.018,-0.55,-0.47,-0.46,0.50,-9.67,-0.97,7.57,0.49,-0.00,0.06,39.25,16.25,-13.88
1135.915,364,185,23,22,6055.043,-0.55,-0.48,-0.46,0.51,-9.81,-0.18,7.78,0.38,-0.05,-0.26,39.25,16.25,-13.88
1135.937,364,188,23,21,6055.065,-0.55,-0.47,-0.46,0.51,-8.94,-1.34,7.82,-0.22,-0.21,-0.05,39.00,15.75,-14.38
1135.965,362,188,24,22,6055.09,-0.56,-0.47,-0.46,0.51,-8.17,-2.35,6.48,-0.51,-0.19,0.24,39.00,15.75,-14.38
1135.983,362,188,24,22,6055.112,-0.56,-0.47,-0.46,0.50,-8.56,-2.36,5.90,-0.47,0.24,0.32,38.19,17.00,-13.19
1136.006,362,187,24,22,6055.135,-0.56,-0.47,-0.47,0.50,-9.76,-0.95,5.57,-0.41,0.41,0.27,38.19,17.00,-13.19
1136.028,363,186,25,24,6055.155,-0.56,-0.47,-0.47,0.49,-9.97,-0.34,5.17,-0.53,0.35,0.39,38.25,17.00,-12.06
1136.052,363,186,25,24,6055.18,-0.57,-0.47,-0.47,0.48,-9.31,-1.38,3.97,-0.69,0.24,0.53,38.25,17.00,-12.06
1136.074,367,186,20,19,6055.202,-0.57,-0.47,-0.47,0.48,-8.76,-1.72,3.42,-0.65,0.32,0.44,39.75,15.06,-11.69
1136.098,367,181,26,23,6055.225,-0.57,-0.47,-0.48,0.47,-8.61,1.41,1.82,-0.23,0.64,0.21,39.75,15.06,-11.69
1136.119,367,181,26,23,6055.247,-0.57,-0.48,-0.48,0.46,-9.49,3.19,1.05,-0.30,0.86,0.65,39.75,15.06,-11.69
1136.143,371,175,27,24,6055.27,-0.58,-0.48,-0.49,0.45,-10.47,1.68,0.79,-0.57,0.91,1.15,41.25,13.56,-6.56
1136.166,375,170,28,25,6055.294,-0.58,-0.49,-0.49,0.44,-9.06,0.87,-0.76,-0.51,0.41,0.24,41.25,13.56,-6.56
1136.189,375,170,28,25,6055.317,-0.58,-0.48,-0.49,0.43,-7.83,4.38,-1.95,-0.37,0.52,-0.37,44.50,10.06,-2.25
1136.213,381,162,31,29,6055.342,-0.58,-0.49,-0.50,0.42,-7.95,4.17,-2.11,-0.65,1.02,0.21,44.50,10.06,-2.25
1136.235,380,153,38,33,6055.364,-0.58,-0.49,-0.51,0.41,-9.95,3.82,-2.43,-0.59,1.37,1.08,51.38,6.38,-2.69
1136.258,380,153,38,33,6055.387,-0.58,-0.50,-0.51,0.39,-8.85,3.31,-4.13,-0.78,0.85,0.69,51.38,6.38,-2.69
1136.286,385,144,37,34,6055.407,-0.58,-0.50,-0.52,0.38,-8.09,3.56,-4.79,-0.78,0.82,0.18,54.69,5.50,-7.00
1136.307,386,132,46,42,6055.432,-0.58,-0.50,-0.53,0.37,-8.97,4.78,-6.26,-0.68,1.32,0.19,54.69,5.50,-7.00
1136.326,385,121,54,51,6055.454,-0.57,-0.51,-0.54,0.36,-11.14,3.27,-5.13,-0.15,1.57,0.62,57.25,11.19,-8.25
1136.348,385,121,54,51,6055.477,-0.57,-0.51,-0.54,0.34,-11.33,5.06,-6.14,-0.06,0.91,0.22,57.25,11.19,-8.25
1136.37,378,108,66,62,6055.497,-0.56,-0.52,-0.55,0.34,-10.84,5.41,-6.61,-0.16,0.44,0.07,57.25,11.19,-8.25
1136.394,372,96,77,74,6055.522,-0.56,-0.52,-0.55,0.34,-10.18,4.24,-6.80,-0.30,0.18,0.05,57.00,15.19,-6.25
1136.417,372,96,77,74,6055.544,-0.57,-0.51,-0.55,0.34,-9.76,4.84,-6.73,-0.10,-0.09,-0.21,57.00,15.19,-6.25
1136.448,365,92,82,76,6055.569,-0.57,-0.51,-0.55,0.34,-9.62,4.93,-6.46,-0.01,-0.30,-0.42,57.25,16.56,-5.19
1136.465,365,92,82,76,6055.591,-0.57,-0.51,-0.55,0.35,-9.12,4.14,-6.21,0.00,-0.71,-0.47,57.25,16.56,-5.19
1136.497,361,91,80,74,6055.616,-0.57,-0.50,-0.55,0.35,-8.92,3.79,-4.85,0.10,-0.85,-0.41,56.50,16.50,-4.38
1136.52,359,98,70,65,6055.639,-0.57,-0.49,-0.54,0.36,-8.19,2.60,-4.48,0.06,-0.98,-0.50,56.50,16.50,-4.38
1136.546,359,107,61,58,6055.661,-0.58,-0.49,-0.54,0.37,-7.54,2.49,-5.06,0.15,-0.89,-0.71,55.19,13.69,-5.50
1136.564,359,119,53,50,6055.684,-0.58,-0.48,-0.54,0.38,-9.38,1.21,-1.81,0.32,-0.49,-0.58,55.19,13.69,-5.50
1136.584,359,119,53,50,6055.706,-0.57,-0.48,-0.54,0.39,-9.80,0.62,-0.66,0.47,-0.68,-0.39,51.75,10.00,-2.88
1136.604,359,135,45,41,6055.729,-0.57,-0.48,-0.53,0.40,-8.62,1.24,-0.74,0.68,-0.94,-0.42,51.75,10.00,-2.88
1136.624,363,150,36,31,6055.751,-0.57,-0.48,-0.53,0.41,-7.95,1.58,-0.52,0.72,-0.94,-0.51,45.88,9.38,-3.06
1136.647,363,150,36,31,6055.774,-0.57,-0.47,-0.52,0.42,-8.97,-0.16,2.05,0.50,-0.56,-0.42,45.88,9.38,-3.06
1136.668,363,158,35,31,6055.796,-0.57,-0.47,-0.52,0.43,-9.88,-0.11,3.73,0.75,-0.58,-0.28,45.88,9.38,-3.06
1136.693,364,167,32,29,6055.821,-0.57,-0.47,-0.51,0.44,-9.47,1.07,2.80,0.87,-0.70,-0.29,41.56,12.88,-5.75
1136.716,364,167,32,29,6055.843,-0.57,-0.47,-0.50,0.45,-8.78,-0.31,3.13,0.85,-0.40,-0.36,41.56,12.88,-5.75
1136.739,365,176,28,25,6055.866,-0.56,-0.48,-0.50,0.46,-9.60,-2.05,4.33,0.81,-0.15,-0.63,39.00,13.75,-10.56
1136.767,364,182,28,25,6055.89,-0.55,-0.48,-0.50,0.47,-10.97,-0.63,5.38,1.02,-0.04,-0.59,39.00,13.75,-10.56
1136.786,364,182,28,25,6055.913,-0.55,-0.48,-0.49,0.47,-10.84,-0.05,6.57,0.87,-0.33,0.01,37.50,16.56,-10.38
1136.808,365,187,25,23,6055.936,-0.55,-0.48,-0.48,0.48,-9.46,-0.36,4.98,0.58,-0.57,0.22,37.50,16.56,-10.38
1136.83,365,187,25,23,6055.956,-0.55,-0.49,-0.48,0.48,-8.93,-0.61,3.92,0.40,-0.42,0.13,37.50,17.06,-13.25
1136.854,365,189,25,23,6055.981,-0.55,-0.49,-0.48,0.49,-9.31,-0.44,3.47,0.30,-0.09,-0.15,37.50,17.06,-13.25
1136.876,366,191,24,22,6056.003,-0.54,-0.49,-0.48,0.49,-10.02,0.60,2.69,0.27,0.18,-0.21,36.00,16.87,-14.06
1136.899,366,191,24,22,6056.026,-0.54,-0.49,-0.48,0.49,-10.36,0.92,2.41,0.10,0.19,0.01,36.00,16.87,-14.06
1136.942,366,192,25,22,6056.048,-0.54,-0.49,-0.48,0.49,-10.03,0.24,1.63,-0.19,0.01,0.23,36.00,16.87,-14.06
1136.969,365,192,24,22,6056.071,-0.54,-0.49,-0.48,0.49,-9.90,0.12,0.53,-0.16,0.10,0.07,37.06,17.37,-13.69
1136.992,365,192,26,22,6056.093,-0.54,-0.49,-0.48,0.49,-10.53,1.39,0.44,-0.07,0.24,-0.12,37.06,17.37,-13.69
1137.016,367,193,23,21,6056.118,-0.54,-0.49,-0.48,0.48,-10.79,1.86,0.24,-0.12,0.20,-0.11,37.06,17.37,-13.69
1137.036,365,191,26,22,6056.142,-0.54,-0.49,-0.48,0.48,-10.56,1.26,0.48,-0.33,-0.05,0.03,37.06,17.37,-13.69
1137.06,364,190,26,23,6056.163,-0.55,-0.49,-0.49,0.48,-9.47,0.61,0.11,-0.33,-0.17,-0.06,36.69,17.37,-13.00
1137.085,364,190,26,23,6056.187,-0.55,-0.48,-0.49,0.48,-9.33,0.71,0.16,-0.25,-0.05,-0.16,36.69,17.37,-13.00
1137.106,363,189,26,23,6056.21,-0.55,-0.48,-0.49,0.48,-9.59,0.86,0.60,-0.22,0.08,-0.15,38.19,17.37,-11.38
1137.127,363,188,24,23,6056.232,-0.55,-0.48,-0.49,0.48,-9.76,0.41,0.38,-0.27,0.06,-0.02,38.19,17.37,-11.38
1137.144,363,188,24,23,6056.255,-0.55,-0.48,-0.49,0.48,-9.84,0.22,0.16,-0.24,0.03,-0.05,37.50,17.69,-11.75
1137.162,361,187,26,22,6056.278,-0.55,-0.48,-0.49,0.48,-9.90,0.59,-0.10,-0.16,0.03,-0.15,37.50,17.69,-11.75
1137.179,361,187,26,22,6056.3,-0.55,-0.47,-0.50,0.48,-10.07,0.64,0.24,-0.18,0.05,-0.10,38.19,17.37,-11.00
1137.196,361,187,26,22,6056.323,-0.55,-0.47,-0.50,0.48,-10.06,0.45,0.06,-0.25,-0.02,0.03,38.19,17.37,-11.00
1137.218,359,186,26,23,6056.345,-0.55,-0.47,-0.50,0.47,-10.07,0.11,-0.03,-0.22,-0.03,0.06,38.19,17.37,-11.00
1137.245,358,184,27,24,6056.37,-0.55,-0.47,-0.50,0.47,-10.04,0.19,0.07,-0.11,-0.02,-0.09,39.00,17.69,-13.38
1137.266,358,184,27,24,6056.392,-0.55,-0.47,-0.50,0.47,-9.84,0.84,0.06,-0.02,-0.02,-0.20,39.00,17.69,-13.38
1137.289,358,185,26,23,6056.415,-0.55,-0.47,-0.50,0.48,-9.94,1.01,-0.02,-0.09,-0.03,-0.09,38.19,17.00,-11.38
1137.313,357,183,27,25,6056.439,-0.55,-0.47,-0.50,0.47,-9.73,0.26,0.10,-0.19,-0.06,0.04,38.19,17.00,-11.38
1137.335,356,183,26,25,6056.462,-0.55,-0.47,-0.50,0.47,-9.65,-0.56,-0.04,-0.02,-0.06,-0.07,38.19,17.69,-12.19
1137.358,356,183,26,25,6056.484,-0.55,-0.47,-0.50,0.47,-9.70,0.41,0.20,0.08,0.02,-0.24,38.19,17.69,-12.19
1137.379,357,183,25,22,6056.505,-0.55,-0.46,-0.50,0.48,-9.81,0.62,0.41,0.05,0.01,-0.13,39.00,19.00,-11.38
1137.406,356,182,25,23,6056.529,-0.55,-0.46,-0.50,0.48,-9.74,0.22,0.52,-0.04,-0.05,0.00,39.00,19.00,-11.38
1137.426,356,182,25,23,6056.552,-0.55,-0.46,-0.50,0.48,-9.56,-0.11,0.41,-0.00,-0.06,0.04,38.56,18.06,-11.75
1137.449,355,181,26,24,6056.574,-0.55,-0.46,-0.50,0.48,-9.59,0.16,0.37,0.08,-0.01,-0.06,38.56,18.06,-11.75
1137.47,354,182,26,23,6056.597,-0.55,-0.46,-0.50,0.48,-9.88,0.67,0.70,0.12,0.04,-0.09,38.56,18.06,-11.75
1137.494,355,182,26,23,6056.62,-0.55,-0.46,-0.50,0.48,-9.91,0.61,0.73,0.03,0.02,0.02,39.38,18.50,-12.50
1137.517,355,182,26,23,6056.642,-0.55,-0.46,-0.50,0.48,-9.76,0.09,0.74,-0.03,-0.03,0.09,39.38,18.50,-12.50
1137.54,357,182,23,22,6056.667,-0.55,-0.47,-0.50,0.48,-9.80,0.20,0.52,0.05,-0.02,-0.00,38.56,17.69,-12.19
1137.578,357,182,23,22,6056.691,-0.55,-0.47,-0.50,0.48,-9.80,0.58,0.64,0.09,0.03,-0.10,38.56,17.69,-12.19
1137.599,355,182,27,23,6056.714,-0.55,-0.47,-0.50,0.48,-9.95,0.48,0.78,0.00,0.03,0.01,38.19,18.50,-12.50
1137.62,356,182,25,22,6056.736,-0.55,-0.47,-0.50,0.48,-9.78,-0.06,0.66,-0.04,-0.03,0.06,38.19,18.50,-12.50
1137.64,356,182,26,23,6056.759,-0.55,-0.47,-0.50,0.48,-9.67,0.22,0.57,0.00,-0.03,0.01,39.00,18.50,-13.38
1137.656,356,182,26,23,6056.781,-0.55,-0.47,-0.50,0.48,-9.83,0.16,0.63,0.02,0.06,0.02,39.00,18.50,-13.38
1137.678,356,181,27,24,6056.804,-0.55,-0.47,-0.50,0.48,-9.92,0.36,0.63,0.03,0.06,0.01,38.19,18.06,-12.50
1137.702,357,183,25,23,6056.828,-0.55,-0.47,-0.50,0.48,-10.14,0.36,0.49,0.03,0.05,0.03,38.19,18.06,-12.50
1137.724,357,183,25,23,6056.849,-0.55,-0.47,-0.50,0.48,-10.01,0.22,0.54,0.03,0.01,0.00,38.19,17.69,-13.00
1137.747,356,182,26,24,6056.871,-0.55,-0.47,-0.50,0.48,-9.92,0.57,0.36,0.07,0.01,-0.07,38.19,17.69,-13.00
1137.768,356,183,26,23,6056.894,-0.55,-0.47,-0.50,0.48,-10.02,0.56,0.53,0.04,0.05,-0.02,38.19,17.69,-13.00
1137.792,356,183,26,23,6056.919,-0.55,-0.47,-0.50,0.48,-10.01,0.33,0.68,-0.01,0.04,0.02,38.56,17.69,-13.38
1137.816,356,183,26,23,6056.941,-0.55,-0.47,-0.50,0.48,-9.87,0.31,0.59,-0.01,-0.01,0.01,38.56,17.69,-13.38
1137.838,356,183,26,23,6056.964,-0.55,-0.47,-0.50,0.48,-9.69,0.23,0.48,0.01,-0.01,-0.03,39.00,18.50,-12.50
1137.861,356,182,26,24,6056.986,-0.55,-0.47,-0.50,0.48,-9.74,0.41,0.49,0.04,0.01,-0.05,39.00,18.50,-12.50
1137.884,356,182,26,24,6057.009,-0.55,-0.47,-0.50,0.48,-9.87,0.55,0.52,0.02,0.03,0.00,38.19,18.06,-12.50
1137.906,356,182,26,24,6057.031,-0.55,-0.47,-0.50,0.48,-10.02,0.15,0.30,-0.01,0.01,0.04,38.19,18.06,-12.50
1137.928,357,183,25,22,6057.052,-0.55,-0.47,-0.50,0.48,-10.03,0.34,0.42,0.04,0.03,-0.06,39.00,18.06,-12.19
1137.952,356,182,27,24,6057.076,-0.55,-0.47,-0.50,0.48,-10.13,0.68,0.41,0.04,0.02,-0.04,39.00,18.06,-12.19
1137.974,357,183,25,23,6057.099,-0.55,-0.47,-0.50,0.48,-10.05,0.43,0.55,-0.04,-0.01,0.04,38.56,18.06,-12.50
1137.996,357,183,25,23,6057.121,-0.55,-0.47,-0.50,0.48,-9.91,0.28,0.44,-0.03,-0.04,0.04,38.56,18.06,-12.50
1138.018,356,182,26,24,6057.144,-0.55,-0.47,-0.50,0.48,-9.94,0.25,0.46,0.01,-0.04,-0.01,38.56,18.06,-12.50
1138.046,356,183,26,23,6057.166,-0.55,-0.47,-0.50,0.48,-9.90,0.57,0.58,0.04,-0.00,-0.10,39.38,17.37,-12.50
1138.065,356,183,26,23,6057.189,-0.55,-0.47,-0.50,0.48,-9.89,0.51,0.60,-0.01,-0.02,-0.05,39.38,17.37,-12.50
1138.087,356,181,26,24,6057.211,-0.55,-0.47,-0.50,0.48,-10.00,0.18,0.56,-0.04,0.00,-0.02,38.56,17.69,-12.19
1138.111,356,181,26,24,6057.236,-0.55,-0.47,-0.50,0.48,-9.95,0.05,0.58,-0.04,-0.03,-0.04,38.56,17.69,-12.19
1138.132,357,182,25,23,6057.256,-0.55,-0.47,-0.50,0.48,-9.64,0.32,0.42,-0.02,-0.06,-0.05,39.00,18.50,-13.38
1138.156,357,182,25,23,6057.281,-0.55,-0.47,-0.50,0.48,-9.75,0.00,0.54,0.01,0.02,-0.03,39.00,18.50,-13.38
1138.177,355,182,26,22,6057.302,-0.55,-0.47,-0.50,0.48,-9.81,0.42,0.52,0.02,-0.01,-0.04,38.56,18.87,-12.19
1138.204,355,181,26,24,6057.326,-0.55,-0.47,-0.50,0.48,-9.90,0.44,0.58,-0.00,-0.01,-0.01,38.56,18.87,-12.19
1138.223,355,181,26,24,6057.347,-0.55,-0.47,-0.50,0.48,-9.75,0.35,0.68,-0.04,-0.06,0.02,38.56,18.87,-12.19
1138.246,355,182,26,23,6057.371,-0.55,-0.47,-0.50,0.48,-9.67,0.11,0.62,-0.04,-0.04,0.05,38.19,18.06,-13.38
1138.268,355,182,26,23,6057.392,-0.55,-0.46,-0.50,0.48,-9.69,0.24,0.70,-0.02,-0.02,0.02,38.19,18.06,-13.38
1138.291,356,181,25,23,6057.416,-0.55,-0.46,-0.50,0.48,-9.91,0.27,0.60,-0.01,-0.00,0.02,37.88,17.69,-13.69
1138.315,356,181,26,23,6057.439,-0.55,-0.47,-0.50,0.48,-9.98,0.32,0.63,0.00,-0.03,-0.00,37.88,17.69,-13.69
1138.337,356,181,26,23,6057.461,-0.55,-0.46,-0.50,0.48,-10.02,0.45,0.69,-0.02,-0.04,0.00,38.19,18.50,-14.50
1138.367,356,182,25,23,6057.486,-0.55,-0.46,-0.50,0.48,-10.02,0.17,0.60,-0.04,-0.07,0.01,38.19,18.50,-14.50
1138.392,355,181,26,23,6057.508,-0.55,-0.46,-0.50,0.48,-9.99,0.11,0.80,-0.04,-0.08,-0.01,39.00,17.69,-11.75
1138.413,356,182,25,23,6057.531,-0.55,-0.46,-0.50,0.48,-10.13,0.21,0.93,-0.06,-0.08,0.00,39.00,17.69,-11.75
1138.433,355,181,26,23,6057.551,-0.55,-0.46,-0.50,0.48,-10.39,0.26,1.13,-0.05,-0.09,0.01,38.56,17.69,-12.50
1138.453,355,181,26,23,6057.576,-0.55,-0.46,-0.50,0.48,-10.53,0.38,1.16,-0.08,-0.11,0.02,38.56,17.69,-12.50
1138.475,355,181,26,23,6057.598,-0.55,-0.46,-0.50,0.48,-10.49,0.20,1.34,-0.11,-0.15,0.02,38.56,17.69,-14.19
1138.501,356,179,25,24,6057.621,-0.55,-0.46,-0.50,0.48,-10.48,0.35,1.24,-0.11,-0.18,-0.08,38.56,17.69,-14.19
