652.9907,325,178,31,29,5571.52,-0.40,-0.65,-0.45,0.47,-9.23,1.43,-2.42,0.22,-0.01,-0.17,-11.88,-1.00,16.25
653.0026,325,178,31,29,5571.543,-0.40,-0.65,-0.45,0.47,-8.65,0.65,-3.32,0.37,0.11,-0.11,-10.69,-1.37,14.69
653.0306,325,177,31,28,5571.567,-0.40,-0.65,-0.44,0.47,-9.27,1.33,-1.65,0.61,0.25,0.01,-10.69,-1.37,14.69
653.0505,323,176,32,28,5571.59,-0.39,-0.65,-0.44,0.47,-9.41,1.12,-1.85,0.18,0.08,0.04,-10.56,-0.56,15.38
653.0679,323,176,31,29,5571.612,-0.39,-0.65,-0.44,0.47,-9.30,1.40,-2.43,-0.07,-0.01,-0.08,-10.56,-0.56,15.38
653.0844,323,176,31,29,5571.635,-0.39,-0.65,-0.44,0.47,-9.41,1.05,-2.55,-0.09,0.05,0.00,-10.56,-0.50,15.75
653.1009,323,176,31,29,5571.659,-0.39,-0.66,-0.44,0.47,-9.39,1.24,-2.48,-0.03,0.11,0.08,-10.56,-0.50,15.75
653.1204,323,175,31,29,5571.68,-0.39,-0.66,-0.44,0.47,-9.75,1.00,-2.81,-0.00,0.06,-0.04,-9.75,-0.06,15.75
653.138,322,175,32,29,5571.702,-0.39,-0.66,-0.44,0.47,-9.52,0.76,-2.64,-0.01,0.03,-0.09,-9.75,-0.06,15.75
653.1542,322,175,32,29,5571.725,-0.39,-0.65,-0.45,0.47,-9.68,0.89,-2.63,-0.19,-0.04,-0.06,-9.75,-0.06,15.75
653.171,323,175,31,29,5571.747,-0.39,-0.65,-0.45,0.47,-9.52,0.69,-3.00,-0.27,-0.13,-0.04,-10.06,-0.75,16.56
653.1897,323,175,31,29,5571.77,-0.39,-0.65,-0.45,0.47,-9.09,1.27,-3.25,-0.04,-0.06,-0.06,-10.06,-0.75,16.56
653.2061,323,175,31,29,5571.794,-0.39,-0.65,-0.45,0.47,-9.00,0.66,-2.76,0.06,0.03,0.01,-11.00,-0.50,16.19
653.2261,321,174,32,29,5571.819,-0.39,-0.65,-0.45,0.47,-9.05,0.81,-2.18,0.01,-0.00,0.05,-11.00,-0.50,16.19
653.2424,321,173,32,29,5571.84,-0.40,-0.65,-0.45,0.47,-9.99,1.17,-2.85,-0.15,-0.07,0.17,-10.56,-0.06,15.00
653.259,321,173,32,29,5571.862,-0.40,-0.65,-0.45,0.47,-9.51,-0.09,-3.38,0.21,0.12,0.12,-10.56,-0.06,15.00
653.2755,321,173,32,29,5571.885,-0.39,-0.66,-0.44,0.47,-9.51,1.32,-2.91,0.67,0.33,-0.03,-10.88,-0.06,15.38
653.2932,322,174,31,28,5571.909,-0.39,-0.66,-0.44,0.47,-9.69,1.03,-1.87,0.86,0.29,0.06,-10.88,-0.06,15.38
653.3126,321,174,32,28,5571.93,-0.38,-0.66,-0.44,0.47,-9.86,0.69,-1.13,-0.15,-0.25,0.07,-10.50,-0.50,17.00
653.3289,321,174,32,28,5571.952,-0.39,-0.66,-0.44,0.47,-9.49,0.95,-2.18,-0.80,-0.49,0.08,-10.50,-0.50,17.00
653.3528,323,175,29,27,5571.975,-0.40,-0.65,-0.44,0.47,-9.36,1.17,-2.72,-0.84,-0.53,0.08,-10.50,-0.50,17.00
653.3692,323,175,29,27,5571.999,-0.40,-0.65,-0.44,0.47,-8.90,1.60,-2.99,-0.32,-0.20,0.04,-11.25,-0.06,15.75
653.3875,322,174,30,29,5572.022,-0.41,-0.65,-0.44,0.47,-8.87,1.56,-2.49,0.02,0.04,0.11,-11.25,-0.06,15.75
653.4042,323,175,31,28,5572.044,-0.41,-0.65,-0.44,0.47,-9.17,1.40,-2.00,0.04,0.12,0.18,-11.25,-0.75,14.56
653.4205,323,175,31,28,5572.069,-0.41,-0.65,-0.44,0.47,-9.64,1.30,-2.48,0.10,0.07,0.20,-11.25,-0.75,14.56
653.4428,323,175,31,28,5572.091,-0.41,-0.65,-0.44,0.47,-9.76,1.22,-2.25,0.17,0.01,0.25,-10.50,-0.50,15.38
653.4614,323,175,31,28,5572.114,-0.41,-0.65,-0.43,0.47,-9.94,0.85,-1.97,0.09,-0.05,0.26,-10.50,-0.50,15.38
653.4835,322,176,32,28,5572.136,-0.41,-0.65,-0.43,0.47,-9.74,1.02,-2.07,-0.09,-0.10,0.14,-10.88,-1.19,15.38
653.5088,325,178,31,28,5572.159,-0.41,-0.65,-0.43,0.47,-9.19,1.27,-2.25,-0.11,-0.06,-0.01,-10.88,-1.19,15.38
653.525,325,178,31,28,5572.182,-0.41,-0.65,-0.43,0.47,-9.08,1.29,-2.12,-0.02,-0.00,-0.01,-11.56,-2.00,16.56
653.5436,325,178,32,28,5572.206,-0.41,-0.65,-0.43,0.46,-9.19,1.31,-2.15,0.01,0.04,0.05,-11.56,-2.00,16.56
653.5598,325,178,32,28,5572.229,-0.41,-0.65,-0.43,0.46,-9.43,1.23,-2.18,0.03,0.05,0.07,-10.50,-1.56,13.75
653.5763,325,178,32,28,5572.251,-0.41,-0.65,-0.43,0.46,-9.51,1.29,-2.52,0.11,0.12,0.05,-10.50,-1.56,13.75
653.5966,325,178,32,29,5572.272,-0.41,-0.66,-0.43,0.46,-9.55,1.32,-2.31,0.16,0.12,-0.00,-10.50,-1.56,13.75
653.6134,325,178,32,28,5572.294,-0.41,-0.66,-0.43,0.46,-9.48,1.28,-2.18,0.07,0.08,-0.03,-11.88,-1.56,15.38
653.6296,325,178,32,28,5572.319,-0.41,-0.66,-0.43,0.46,-9.44,1.28,-2.18,-0.09,-0.02,-0.05,-11.88,-1.56,15.38
653.6464,325,179,32,29,5572.341,-0.41,-0.66,-0.43,0.46,-9.40,1.31,-2.36,-0.09,-0.04,-0.05,-12.25,-1.56,16.56
653.6644,325,179,32,29,5572.364,-0.41,-0.66,-0.43,0.46,-9.45,1.36,-2.44,0.00,-0.03,-0.04,-12.25,-1.56,16.56
653.6819,325,179,31,29,5572.386,-0.41,-0.66,-0.43,0.46,-9.47,1.29,-2.26,0.05,-0.01,-0.03,-11.88,-1.19,16.19
653.6982,325,179,31,29,5572.409,-0.41,-0.66,-0.43,0.46,-9.42,1.29,-2.38,0.01,0.03,-0.01,-11.88,-1.19,16.19
653.716,324,179,31,28,5572.431,-0.41,-0.66,-0.43,0.46,-9.37,1.29,-2.25,-0.02,0.06,-0.03,-11.19,-1.19,15.38
653.7316,324,179,31,28,5572.454,-0.41,-0.66,-0.44,0.46,-9.34,1.34,-2.37,-0.08,0.02,-0.04,-11.19,-1.19,15.38
653.7482,325,180,30,28,5572.476,-0.41,-0.65,-0.44,0.46,-9.25,1.19,-2.29,-0.07,-0.03,-0.04,-11.19,-1.19,15.38
653.7647,325,180,30,28,5572.499,-0.41,-0.65,-0.44,0.46,-9.35,1.08,-2.33,-0.07,-0.02,-0.01,-10.38,-1.19,15.38
653.7861,326,180,31,29,5572.519,-0.41,-0.65,-0.44,0.46,-9.33,1.14,-2.56,-0.00,0.05,-0.05,-10.38,-1.19,15.38
653.8024,325,181,31,28,5572.542,-0.41,-0.65,-0.44,0.46,-9.38,1.00,-2.46,0.13,0.10,-0.06,-10.75,-0.75,16.19
653.8239,325,181,31,28,5572.567,-0.41,-0.66,-0.44,0.46,-9.31,1.11,-2.48,0.12,0.11,-0.03,-10.75,-0.75,16.19
653.8405,325,181,31,28,5572.587,-0.40,-0.66,-0.44,0.46,-9.25,1.16,-2.43,0.02,0.01,0.03,-11.50,-0.75,15.75
653.8591,326,181,31,28,5572.61,-0.40,-0.66,-0.44,0.46,-9.32,1.17,-2.47,-0.05,-0.04,0.07,-11.50,-0.75,15.75
653.8759,327,181,29,28,5572.632,-0.41,-0.66,-0.44,0.46,-9.32,1.22,-2.51,-0.07,-0.07,0.08,-11.50,-0.75,16.19
653.8923,327,181,29,28,5572.655,-0.41,-0.66,-0.44,0.46,-9.41,1.27,-2.70,0.02,-0.03,0.05,-11.50,-0.75,16.19
653.9127,326,181,31,28,5572.677,-0.41,-0.66,-0.44,0.46,-9.50,1.40,-2.49,0.11,0.04,-0.01,-11.19,-1.19,15.38
653.9293,326,181,31,28,5572.7,-0.41,-0.66,-0.44,0.46,-9.55,1.38,-2.28,0.03,-0.03,-0.02,-11.19,-1.19,15.38
653.9456,326,181,31,28,5572.722,-0.41,-0.66,-0.44,0.46,-9.55,1.43,-2.20,-0.09,-0.12,-0.01,-11.19,-1.19,15.38
653.9648,327,182,29,27,5572.745,-0.41,-0.66,-0.44,0.46,-9.56,1.37,-2.32,-0.12,-0.16,0.02,-11.50,-0.75,16.56
653.9902,328,181,29,28,5572.767,-0.41,-0.65,-0.44,0.46,-9.51,1.41,-2.36,0.01,-0.03,-0.04,-11.50,-0.75,16.56
654.0071,328,181,29,28,5572.79,-0.41,-0.65,-0.44,0.46,-9.41,1.37,-2.26,0.09,0.05,-0.08,-11.88,-0.50,15.00
654.0281,326,181,30,28,5572.814,-0.41,-0.65,-0.44,0.47,-9.39,1.46,-1.97,0.06,0.02,-0.07,-11.88,-0.50,15.00
654.0449,326,182,28,26,5572.835,-0.41,-0.65,-0.44,0.47,-9.51,1.34,-1.81,-0.06,-0.08,-0.04,-11.19,-2.00,15.75
654.0612,326,182,28,26,5572.859,-0.41,-0.65,-0.44,0.47,-9.66,1.11,-2.07,-0.14,-0.08,-0.09,-11.19,-2.00,15.75
654.0777,324,182,30,28,5572.88,-0.41,-0.65,-0.44,0.47,-9.55,1.27,-2.27,-0.05,-0.00,-0.14,-10.75,-1.19,15.38
654.1007,324,182,30,28,5572.904,-0.41,-0.65,-0.44,0.47,-9.50,1.28,-2.38,0.01,0.10,-0.14,-10.75,-1.19,15.38
654.1234,323,182,29,28,5572.927,-0.41,-0.65,-0.44,0.47,-9.38,1.28,-2.47,0.02,0.12,-0.14,-10.38,-0.75,14.19
654.1523,320,183,30,27,5572.95,-0.40,-0.65,-0.44,0.47,-9.31,0.96,-2.41,0.04,0.06,-0.11,-10.38,-0.75,14.19
654.1689,320,183,30,27,5572.97,-0.40,-0.65,-0.44,0.47,-9.31,0.83,-2.19,-0.03,-0.01,-0.10,-10.38,-0.75,14.19
654.1866,321,184,29,27,5572.995,-0.40,-0.65,-0.44,0.47,-9.35,0.93,-2.09,-0.11,-0.02,-0.10,-10.38,-0.75,16.19
654.2197,322,183,29,27,5573.017,-0.40,-0.65,-0.44,0.47,-9.44,0.71,-2.31,-0.25,0.05,-0.08,-10.38,-0.75,16.19
654.2356,322,183,29,27,5573.04,-0.41,-0.65,-0.45,0.46,-9.39,0.78,-2.63,-0.24,0.11,-0.10,-11.19,-1.19,15.75
654.2527,321,183,30,26,5573.064,-0.41,-0.65,-0.45,0.46,-9.52,0.74,-2.53,-0.12,0.16,-0.16,-11.19,-1.19,15.75
654.273,322,183,28,27,5573.087,-0.40,-0.65,-0.45,0.46,-8.93,-0.61,-2.15,-0.21,0.07,-0.40,-11.19,-1.56,15.75
654.2894,322,183,28,27,5573.109,-0.40,-0.64,-0.46,0.46,-9.16,1.05,-2.30,-0.67,-0.03,-0.37,-11.19,-1.56,15.75
654.3104,322,183,28,27,5573.132,-0.41,-0.64,-0.46,0.46,-9.27,1.19,-2.17,-0.82,-0.18,-0.26,-10.75,-0.75,15.00
654.3268,323,183,29,27,5573.156,-0.42,-0.63,-0.47,0.46,-9.26,0.82,-2.44,-0.77,-0.33,-0.21,-10.75,-0.75,15.00
654.3432,323,183,29,27,5573.177,-0.42,-0.62,-0.47,0.46,-9.41,1.17,-2.09,-0.56,-0.47,-0.21,-10.38,-0.75,14.56
654.3603,324,183,29,27,5573.199,-0.43,-0.62,-0.47,0.46,-9.32,1.25,-2.79,-0.60,-0.39,-0.18,-10.38,-0.75,14.56
654.3763,324,183,29,27,5573.222,-0.43,-0.61,-0.48,0.46,-9.45,0.55,-2.17,-0.79,-0.26,-0.20,-10.38,-0.75,14.56
654.3945,325,183,29,27,5573.246,-0.44,-0.61,-0.48,0.46,-9.50,0.31,-2.04,-0.78,-0.15,-0.25,-10.69,-0.75,14.88
654.4109,325,183,29,27,5573.269,-0.44,-0.60,-0.48,0.46,-9.28,0.86,-2.68,-0.70,0.18,-0.18,-10.69,-0.75,14.88
654.4274,325,183,29,27,5573.292,-0.44,-0.60,-0.49,0.45,-9.29,0.40,-2.57,-0.72,0.27,-0.19,-9.75,-1.06,13.19
654.444,325,183,29,27,5573.316,-0.44,-0.59,-0.50,0.45,-9.21,0.42,-2.08,-0.95,0.36,-0.35,-9.75,-1.06,13.19
654.4714,325,183,29,27,5573.339,-0.45,-0.59,-0.51,0.44,-9.11,0.38,-1.81,-0.89,0.26,-0.38,-10.19,-1.19,12.50
654.4877,323,182,30,28,5573.361,-0.45,-0.58,-0.52,0.44,-9.25,0.09,-2.40,-0.77,0.14,-0.36,-10.19,-1.19,12.50
654.5043,323,182,30,28,5573.384,-0.45,-0.58,-0.52,0.44,-9.64,0.74,-2.20,-0.17,0.17,-0.42,-9.69,-2.38,12.69
654.5527,324,183,29,27,5573.406,-0.45,-0.58,-0.52,0.44,-9.38,1.51,-2.42,0.14,0.24,-0.29,-9.69,-2.38,12.69
654.576,325,182,29,27,5573.429,-0.44,-0.58,-0.53,0.44,-9.37,0.94,-2.65,0.34,0.30,-0.02,-10.06,-2.50,13.06
654.6077,327,181,28,26,5573.451,-0.44,-0.58,-0.52,0.44,-9.50,0.54,-2.33,0.41,0.33,0.07,-10.06,-2.50,13.06
654.6525,327,180,28,26,5573.474,-0.44,-0.59,-0.53,0.43,-10.26,0.79,-1.05,-0.41,0.38,0.01,-10.06,-2.50,13.06
654.6691,327,180,28,26,5573.496,-0.44,-0.58,-0.53,0.43,-10.26,0.66,-1.24,-0.82,0.75,-0.45,-9.25,-2.06,11.75
654.6956,328,180,29,26,5573.519,-0.43,-0.58,-0.54,0.42,-9.28,1.40,-2.46,0.01,0.65,-0.30,-9.25,-2.06,11.75
654.7117,328,180,29,26,5573.541,-0.43,-0.58,-0.55,0.42,-8.96,0.26,-3.03,0.11,0.41,-0.11,-11.06,-2.19,12.50
654.7328,327,179,29,26,5573.566,-0.43,-0.58,-0.55,0.42,-9.32,-0.10,-3.47,-0.20,0.03,-0.18,-11.06,-2.19,12.50
654.751,326,179,28,26,5573.588,-0.43,-0.58,-0.55,0.42,-9.77,0.00,-2.46,-0.73,-0.14,-0.47,-10.69,-2.06,12.75
654.7673,326,179,28,26,5573.613,-0.43,-0.57,-0.56,0.42,-9.18,1.27,-3.04,-0.81,-0.12,-0.64,-10.69,-2.06,12.75
654.7975,325,178,28,26,5573.636,-0.44,-0.57,-0.56,0.42,-8.67,0.33,-2.76,-0.09,-0.05,-0.20,-10.50,-2.00,11.06
654.8141,325,178,28,26,5573.658,-0.44,-0.57,-0.56,0.42,-9.29,-0.27,-1.82,-0.11,-0.19,0.14,-10.50,-2.00,11.06
654.8361,323,178,29,26,5573.679,-0.44,-0.56,-0.56,0.42,-10.02,0.70,-2.00,0.22,-0.33,0.11,-10.50,-0.75,11.50
654.8579,322,177,28,25,5573.703,-0.44,-0.56,-0.56,0.42,-9.95,-0.75,-2.21,-0.12,-0.51,0.03,-10.50,-0.75,11.50
654.8782,320,176,29,26,5573.726,-0.44,-0.56,-0.56,0.42,-9.11,0.94,-4.19,0.04,0.05,-0.22,-10.19,-0.69,10.19
654.8944,320,176,29,26,5573.748,-0.44,-0.56,-0.56,0.42,-9.37,1.15,-3.26,0.40,0.46,0.04,-10.19,-0.69,10.19
654.9125,319,176,29,25,5573.771,-0.43,-0.57,-0.56,0.42,-10.59,0.98,-1.66,0.80,0.65,0.21,-10.19,-0.69,10.19
654.9288,319,176,29,25,5573.795,-0.42,-0.58,-0.55,0.42,-9.83,0.44,-1.63,1.84,0.47,0.48,-9.69,-1.50,10.75
654.9564,319,175,29,26,5573.818,-0.41,-0.59,-0.54,0.43,-9.16,-0.49,-1.39,1.08,-0.20,0.35,-9.69,-1.50,10.75
654.9727,319,175,29,26,5573.84,-0.41,-0.59,-0.54,0.44,-8.96,1.19,-3.42,0.02,-0.39,0.05,-10.06,-0.69,10.50
654.9932,320,176,29,25,5573.865,-0.42,-0.59,-0.54,0.43,-8.92,0.67,-4.20,-0.70,-0.06,-0.05,-10.06,-0.69,10.50
655.0094,320,176,29,25,5573.888,-0.42,-0.59,-0.54,0.43,-9.34,-0.59,-2.66,-0.51,0.47,0.21,-10.06,-1.50,11.69
655.0284,323,176,28,25,5573.912,-0.42,-0.59,-0.55,0.42,-9.16,-1.93,-1.77,-0.31,0.41,0.11,-10.06,-1.50,11.69
655.0447,323,176,28,25,5573.933,-0.42,-0.58,-0.55,0.42,-9.61,2.57,-0.88,-0.93,-0.23,-0.56,-10.38,-1.06,12.00
655.063,329,175,26,24,5573.957,-0.43,-0.57,-0.56,0.42,-9.41,-0.13,-4.02,-1.34,-0.90,-0.45,-10.38,-1.06,12.00
655.0792,329,175,26,24,5573.978,-0.45,-0.56,-0.56,0.42,-9.59,-0.14,-1.96,-1.16,-0.41,-0.47,-9.69,-1.88,11.19
655.0978,335,175,28,25,5574.002,-0.45,-0.55,-0.57,0.42,-10.31,0.31,-1.37,-0.81,-0.52,-0.58,-9.69,-1.88,11.19
655.1251,344,175,26,23,5574.025,-0.46,-0.54,-0.57,0.42,-9.46,1.23,-2.74,-0.57,-0.89,-0.70,-9.69,-1.88,9.69
655.1411,344,175,26,23,5574.047,-0.46,-0.53,-0.57,0.42,-9.52,0.29,-2.44,-0.43,-0.97,-0.59,-9.69,-1.88,9.69
655.158,353,173,25,26,5574.068,-0.47,-0.52,-0.57,0.43,-9.06,0.92,-1.49,-0.53,-0.82,-0.52,-9.69,-1.88,9.69
655.1744,353,173,25,26,5574.092,-0.47,-0.51,-0.57,0.43,-10.69,0.21,-2.74,-0.60,-0.61,-0.11,-8.56,-0.75,8.06
655.1954,364,173,25,22,5574.117,-0.48,-0.51,-0.57,0.43,-9.61,-0.91,-2.24,0.70,0.04,0.30,-8.56,-0.75,8.06
655.2134,374,172,25,23,5574.137,-0.47,-0.52,-0.57,0.44,-9.26,-0.32,-0.38,0.31,0.41,-0.03,-8.50,-0.56,4.75
655.2297,374,172,25,23,5574.162,-0.47,-0.52,-0.57,0.43,-8.92,-0.15,-0.44,-0.28,0.30,-0.02,-8.50,-0.56,4.75
655.2476,384,172,22,23,5574.184,-0.47,-0.52,-0.57,0.43,-10.18,-0.34,-1.89,-0.39,0.00,0.05,-8.06,-0.25,6.69
655.2639,384,172,22,23,5574.207,-0.47,-0.51,-0.57,0.43,-9.50,-0.07,-1.69,-0.34,-0.02,-0.07,-8.06,-0.25,6.69
655.2922,399,172,18,21,5574.227,-0.48,-0.51,-0.57,0.43,-9.62,0.21,-1.82,-0.34,-0.11,0.09,-8.19,-0.25,7.38
655.3088,399,172,18,21,5574.252,-0.48,-0.51,-0.57,0.42,-9.76,0.52,-2.81,-0.16,-0.10,0.30,-8.19,-0.25,7.38
655.3278,412,174,20,18,5574.275,-0.48,-0.51,-0.57,0.42,-10.21,-0.02,-2.81,-0.02,0.04,0.24,-7.38,-0.88,6.50
655.3453,423,175,18,19,5574.297,-0.48,-0.51,-0.57,0.42,-10.08,-0.26,-2.70,0.03,0.10,-0.03,-7.38,-0.88,6.50
655.3618,423,175,18,19,5574.318,-0.48,-0.52,-0.57,0.42,-9.06,0.65,-3.07,0.05,0.36,-0.13,-7.38,-0.88,6.50
655.3783,423,175,18,19,5574.342,-0.47,-0.52,-0.58,0.42,-9.00,-0.52,-2.69,0.01,0.82,0.01,-8.00,-1.37,7.69
655.3998,433,173,21,23,5574.365,-0.47,-0.52,-0.58,0.41,-9.87,-0.48,-1.39,0.40,1.13,-0.15,-8.00,-1.37,7.69
655.416,433,173,21,23,5574.387,-0.45,-0.53,-0.59,0.41,-10.06,-0.07,-0.19,0.25,0.86,-0.36,-8.38,-1.37,6.50
655.4451,442,173,23,25,5574.412,-0.45,-0.53,-0.59,0.41,-9.97,0.55,-0.99,-0.14,0.29,-0.29,-8.38,-1.37,6.50
655.4623,453,174,20,23,5574.434,-0.45,-0.52,-0.59,0.41,-10.33,0.91,-0.98,-0.89,-0.66,-0.34,-8.38,-0.75,8.06
655.4786,453,174,20,23,5574.457,-0.46,-0.52,-0.60,0.41,-9.52,0.85,-3.58,-1.04,-0.93,-0.19,-8.38,-0.75,8.06
655.4961,463,174,20,22,5574.479,-0.48,-0.50,-0.60,0.40,-9.67,0.17,-3.28,-0.97,-0.66,0.30,-8.38,-1.37,5.25
655.513,471,176,21,18,5574.502,-0.48,-0.50,-0.59,0.40,-9.59,-0.97,-2.68,-0.81,-0.41,0.53,-8.38,-1.37,5.25
655.5293,471,176,21,18,5574.524,-0.49,-0.50,-0.59,0.40,-9.53,-1.43,-2.27,-0.57,-0.25,0.05,-8.06,-2.25,5.25
655.5459,471,176,21,18,5574.547,-0.49,-0.49,-0.60,0.40,-9.61,0.85,-1.96,-0.41,-0.17,-0.44,-8.06,-2.25,5.25
655.5643,476,176,21,18,5574.567,-0.50,-0.49,-0.60,0.40,-9.20,-0.31,-1.44,-0.55,-0.23,-0.22,-8.06,-2.25,5.25
655.5908,481,175,22,19,5574.592,-0.50,-0.48,-0.60,0.40,-9.29,-0.15,-1.62,-0.27,-0.20,-0.25,-7.50,-2.06,3.88
655.6071,481,175,22,19,5574.617,-0.50,-0.48,-0.60,0.40,-9.85,1.00,-1.17,-0.02,0.02,-0.42,-7.50,-2.06,3.88
655.6302,486,173,24,22,5574.639,-0.49,-0.48,-0.61,0.40,-9.44,0.42,-1.04,-0.09,0.04,-0.34,-8.00,-1.88,4.25
655.6477,492,175,23,20,5574.662,-0.49,-0.48,-0.61,0.40,-9.63,0.54,-1.62,0.10,0.05,-0.27,-8.00,-1.88,4.25
655.6641,492,175,23,20,5574.684,-0.49,-0.48,-0.61,0.40,-9.52,1.00,-1.47,-0.00,0.20,-0.22,-7.56,-1.25,5.50
655.6833,499,175,23,20,5574.707,-0.49,-0.47,-0.61,0.40,-10.17,1.19,-1.97,-0.16,0.24,-0.13,-7.56,-1.25,5.50
655.6996,499,175,23,20,5574.727,-0.49,-0.47,-0.61,0.40,-10.13,-0.73,-1.22,-0.29,0.09,-0.11,-6.69,-1.25,3.38
655.7161,499,175,23,20,5574.752,-0.49,-0.47,-0.62,0.40,-9.64,-1.22,-1.62,-0.13,-0.19,-0.24,-6.69,-1.25,3.38
655.7341,504,176,22,21,5574.774,-0.49,-0.47,-0.61,0.40,-9.64,-0.55,-2.20,-0.03,-0.33,-0.30,-8.25,-1.69,5.00
655.7542,504,176,22,21,5574.797,-0.49,-0.46,-0.62,0.41,-9.43,-0.70,-2.11,-0.14,-0.18,-0.21,-8.25,-1.69,5.00
655.7769,512,177,19,20,5574.819,-0.49,-0.46,-0.62,0.41,-9.41,-0.95,-1.91,-0.12,-0.15,-0.15,-8.25,-1.69,5.00
655.7972,517,179,23,21,5574.844,-0.49,-0.46,-0.62,0.41,-9.06,-1.40,-1.82,-0.13,-0.18,-0.18,-6.69,-1.25,3.38
655.8136,517,179,23,21,5574.866,-0.49,-0.46,-0.62,0.41,-9.17,-1.82,-1.92,0.04,-0.06,-0.10,-6.69,-1.25,3.38
655.8324,523,182,20,17,5574.889,-0.49,-0.46,-0.62,0.41,-8.99,-1.76,-1.78,0.12,0.01,-0.12,-7.50,-0.56,3.88
655.8497,530,180,18,22,5574.914,-0.49,-0.46,-0.62,0.41,-9.02,-1.84,-1.93,0.06,-0.01,-0.13,-7.50,-0.56,3.88
655.866,530,180,18,22,5574.934,-0.49,-0.45,-0.62,0.41,-9.39,-1.64,-2.07,0.01,0.10,0.08,-5.50,-0.56,2.88
655.8826,530,180,18,22,5574.957,-0.49,-0.46,-0.62,0.41,-10.05,-1.78,-2.05,-0.03,0.14,0.31,-5.50,-0.56,2.88
655.9019,536,182,20,22,5574.979,-0.49,-0.46,-0.62,0.41,-10.03,-3.16,-2.00,-0.03,0.06,0.47,-6.56,0.37,3.25
655.9282,544,185,19,20,5575.004,-0.49,-0.46,-0.62,0.41,-9.70,-3.15,-2.02,0.21,-0.03,0.23,-6.56,0.37,3.25
655.9451,544,185,19,20,5575.024,-0.49,-0.46,-0.61,0.41,-10.05,-0.14,-1.69,0.64,-0.06,-0.11,-6.19,-1.37,3.25
655.9634,550,188,19,18,5575.047,-0.49,-0.47,-0.61,0.42,-9.97,0.32,-1.38,0.46,-0.10,0.01,-6.19,-1.37,3.25
655.9807,556,188,19,22,5575.069,-0.49,-0.47,-0.61,0.42,-10.11,-0.38,-1.62,0.13,-0.20,0.33,-6.19,-1.37,3.25
655.997,556,188,19,22,5575.094,-0.49,-0.47,-0.60,0.42,-10.20,-1.27,-1.66,0.04,-0.28,0.69,-5.38,0.69,3.25
656.0145,560,190,21,19,5575.116,-0.50,-0.47,-0.60,0.41,-9.45,-3.09,-1.69,0.25,-0.34,0.53,-5.38,0.69,3.25
656.0311,560,190,21,19,5575.139,-0.50,-0.48,-0.59,0.42,-8.96,-1.07,-0.94,0.48,-0.38,-0.11,-6.19,-1.06,3.75
656.0482,561,191,20,18,5575.163,-0.50,-0.48,-0.59,0.43,-8.82,1.16,-1.35,0.60,-0.34,-0.44,-6.19,-1.06,3.75
656.0645,561,191,20,18,5575.186,-0.49,-0.48,-0.59,0.43,-9.94,1.79,-1.49,-0.02,-0.07,0.61,-5.75,-0.69,4.06
656.0847,561,191,20,18,5575.208,-0.50,-0.48,-0.58,0.42,-9.23,-1.70,-1.06,-0.22,-0.08,1.37,-5.75,-0.69,4.06
656.1028,561,191,18,17,5575.231,-0.51,-0.49,-0.57,0.42,-9.21,-2.04,-1.39,0.06,-0.17,1.04,-5.38,0.06,2.06
656.1193,561,191,18,17,5575.254,-0.51,-0.49,-0.57,0.42,-9.82,0.52,-1.29,0.40,-0.05,-0.13,-5.38,0.06,2.06
656.1361,555,185,22,23,5575.276,-0.51,-0.49,-0.57,0.42,-10.54,2.58,-0.31,0.05,-0.14,0.06,-5.69,0.06,1.75
656.1525,552,184,18,19,5575.299,-0.51,-0.49,-0.57,0.42,-9.39,0.09,-0.82,-0.22,-0.49,0.64,-5.69,0.06,1.75
656.1693,552,184,18,19,5575.319,-0.52,-0.49,-0.56,0.42,-8.87,-0.45,-2.01,0.09,-0.57,0.81,-5.69,0.06,1.75
656.1859,552,184,18,19,5575.344,-0.52,-0.50,-0.55,0.42,-10.19,1.66,-2.20,0.48,0.13,0.18,-5.56,-0.88,1.75
656.2045,544,181,20,18,5575.366,-0.52,-0.50,-0.55,0.42,-10.71,1.87,-0.80,0.02,-0.14,0.34,-5.56,-0.88,1.75
656.2228,538,179,16,16,5575.389,-0.53,-0.50,-0.55,0.41,-10.43,1.96,-1.69,-0.21,-0.64,0.97,-5.38,-1.19,1.25
656.2488,538,179,16,16,5575.413,-0.54,-0.51,-0.54,0.41,-9.69,-0.82,-1.15,-0.25,-0.74,1.06,-5.38,-1.19,1.25
656.2665,527,176,17,17,5575.434,-0.54,-0.51,-0.53,0.41,-9.53,0.48,-0.72,0.17,-0.64,0.13,-4.75,-1.25,0.50
656.2833,514,171,19,19,5575.458,-0.54,-0.50,-0.53,0.42,-8.96,0.44,-0.67,0.39,-0.54,-0.66,-4.75,-1.25,0.50
656.2996,514,171,19,19,5575.479,-0.54,-0.50,-0.53,0.43,-8.96,3.33,-1.03,0.68,-0.32,-0.78,-4.88,-1.50,-1.19
656.3482,500,167,24,23,5575.503,-0.54,-0.50,-0.52,0.43,-9.06,2.69,-0.93,0.48,0.21,0.07,-4.88,-1.50,-1.19
656.3646,500,167,24,23,5575.524,-0.53,-0.51,-0.52,0.43,-9.50,1.06,-0.19,0.26,0.19,0.12,-4.88,-0.75,-1.37
656.3864,491,166,21,23,5575.546,-0.53,-0.51,-0.52,0.43,-8.59,-0.41,-0.79,0.13,0.02,-0.10,-4.88,-0.75,-1.37
656.413,479,167,19,18,5575.569,-0.53,-0.51,-0.52,0.43,-9.20,1.22,-0.66,0.38,0.11,-0.27,-4.88,-0.75,-1.37
656.4486,466,165,25,25,5575.591,-0.52,-0.51,-0.52,0.44,-9.37,2.23,-0.06,0.22,0.16,-0.04,-4.06,-0.56,-2.25
656.4665,458,167,19,20,5575.614,-0.52,-0.51,-0.52,0.44,-9.38,1.22,-0.47,0.08,-0.06,0.25,-4.06,-0.56,-2.25
656.4828,458,167,19,20,5575.639,-0.52,-0.51,-0.52,0.44,-8.73,-0.36,-0.99,0.12,-0.03,0.09,-4.50,-0.06,-2.38
656.5023,445,164,25,27,5575.661,-0.52,-0.52,-0.52,0.44,-9.10,1.26,-0.73,0.38,0.25,-0.11,-4.50,-0.06,-2.38
656.5185,445,164,25,27,5575.684,-0.52,-0.52,-0.52,0.44,-10.19,1.82,0.02,0.05,0.32,0.23,-4.06,0.50,-3.56
656.535,435,165,25,27,5575.706,-0.52,-0.52,-0.52,0.43,-10.17,0.17,-0.56,-0.05,0.07,0.29,-4.06,0.50,-3.56
656.554,435,165,25,27,5575.729,-0.52,-0.52,-0.52,0.43,-10.07,0.00,-0.86,0.15,-0.03,-0.06,-4.19,-0.06,-2.88
656.5704,426,165,25,28,5575.751,-0.52,-0.52,-0.52,0.44,-9.76,0.69,-0.99,0.38,0.03,-0.12,-4.19,-0.06,-2.88
656.5895,419,168,22,23,5575.774,-0.51,-0.52,-0.52,0.44,-10.21,1.71,-0.09,0.28,0.07,0.27,-3.00,0.69,-3.69
656.6041,419,168,22,23,5575.796,-0.52,-0.53,-0.51,0.44,-9.73,0.47,-0.60,0.21,-0.08,0.69,-3.00,0.69,-3.69
656.6217,408,166,26,28,5575.817,-0.52,-0.53,-0.51,0.44,-9.23,-1.13,-1.08,0.44,-0.17,0.60,-3.00,0.69,-3.69
656.638,408,166,26,28,5575.841,-0.52,-0.54,-0.50,0.44,-9.52,2.38,-0.89,0.49,-0.06,0.19,-4.50,-0.25,-3.25
656.6545,400,170,22,20,5575.864,-0.51,-0.54,-0.50,0.44,-9.55,2.83,0.42,0.03,-0.19,0.16,-4.50,-0.25,-3.25
656.6712,400,170,22,20,5575.886,-0.52,-0.54,-0.50,0.44,-9.22,3.53,-0.83,-0.36,-0.37,0.28,-4.00,-1.00,-3.75
656.688,389,167,26,26,5575.911,-0.52,-0.54,-0.50,0.44,-9.86,2.39,-1.44,-0.31,-0.30,0.48,-4.00,-1.00,-3.75
656.7084,389,167,26,26,5575.933,-0.53,-0.54,-0.49,0.43,-10.77,4.14,-1.22,-0.19,-0.10,0.44,-4.25,-0.88,-4.50
656.725,383,170,23,22,5575.956,-0.53,-0.54,-0.49,0.43,-10.59,4.33,-1.07,-0.09,-0.13,0.19,-4.25,-0.88,-4.50
656.7418,383,170,23,22,5575.979,-0.53,-0.54,-0.49,0.43,-10.62,6.48,-0.50,-0.30,-0.18,-0.10,-4.50,-1.06,-5.06
656.7615,374,171,21,21,5576.001,-0.54,-0.53,-0.49,0.43,-10.13,6.58,-0.70,-0.33,-0.16,-0.28,-4.50,-1.06,-5.06
656.778,374,171,21,21,5576.024,-0.54,-0.53,-0.50,0.43,-9.87,4.08,-0.61,-0.22,0.08,-0.52,-4.75,-1.75,-5.88
656.7942,363,169,24,24,5576.046,-0.53,-0.52,-0.50,0.43,-9.45,3.77,-0.30,-0.10,0.20,-0.75,-4.75,-1.75,-5.88
656.8111,363,169,24,24,5576.069,-0.53,-0.52,-0.51,0.44,-9.86,4.66,-0.02,-0.00,0.11,-0.67,-4.75,-1.75,-5.88
656.8277,363,169,24,24,5576.091,-0.53,-0.52,-0.51,0.44,-9.53,4.90,-0.10,-0.59,-0.15,-0.22,-3.75,-0.88,-5.88
656.8454,349,167,30,28,5576.114,-0.53,-0.51,-0.51,0.44,-9.28,3.91,0.07,-0.79,-0.29,0.06,-3.75,-0.88,-5.88
656.8719,340,167,29,29,5576.138,-0.54,-0.50,-0.51,0.43,-9.17,2.93,0.15,-0.82,-0.37,0.04,-3.00,0.88,-6.38
656.8892,340,167,29,29,5576.161,-0.55,-0.50,-0.52,0.43,-9.08,2.36,-0.66,-0.58,-0.01,-0.40,-3.00,0.88,-6.38
656.9089,330,168,27,26,5576.183,-0.55,-0.49,-0.52,0.43,-8.71,3.03,0.40,-0.84,0.11,-0.38,-3.25,0.88,-5.56
656.9277,319,167,28,28,5576.208,-0.55,-0.49,-0.53,0.43,-8.25,0.88,0.58,-0.94,0.01,-0.20,-3.25,0.88,-5.56
656.9442,319,167,28,28,5576.228,-0.55,-0.48,-0.53,0.42,-8.19,-0.07,0.16,-0.84,0.04,-0.16,-2.19,1.69,-5.19
656.9636,310,167,31,29,5576.253,-0.55,-0.48,-0.54,0.42,-8.35,-0.08,-0.90,-0.41,0.33,-0.14,-2.19,1.69,-5.19
656.9799,310,167,31,29,5576.273,-0.55,-0.47,-0.55,0.41,-9.55,1.75,0.24,-0.64,0.48,-0.21,-1.88,2.00,-4.50
656.9965,305,167,32,29,5576.298,-0.56,-0.47,-0.55,0.41,-9.28,0.99,0.28,-1.09,0.23,-0.10,-1.88,2.00,-4.50
657.0167,305,167,32,29,5576.318,-0.56,-0.46,-0.56,0.40,-8.91,-0.63,-0.82,-1.15,0.01,0.13,-1.88,2.00,-4.50
657.0347,302,167,32,29,5576.343,-0.57,-0.46,-0.56,0.39,-9.13,-0.68,-1.33,-0.67,0.29,0.12,-1.75,2.00,-0.88
657.0533,301,168,32,28,5576.364,-0.57,-0.46,-0.57,0.39,-9.90,0.57,-0.91,-0.53,0.46,0.13,-1.75,2.00,-0.88
657.0696,301,168,32,28,5576.388,-0.57,-0.46,-0.57,0.38,-10.15,0.74,-0.35,-0.78,0.32,0.29,-0.88,0.88,-0.25
657.0862,299,169,32,28,5576.411,-0.57,-0.45,-0.57,0.37,-9.77,0.03,-1.00,-1.11,0.07,0.30,-0.88,0.88,-0.25
657.1028,299,169,32,28,5576.433,-0.58,-0.45,-0.57,0.36,-9.97,-0.65,-1.54,-0.77,0.22,0.11,-0.69,-0.25,2.38
657.121,302,169,31,29,5576.456,-0.58,-0.45,-0.58,0.36,-10.12,0.73,-0.75,-0.47,0.29,0.06,-0.69,-0.25,2.38
657.1372,302,169,31,29,5576.476,-0.58,-0.45,-0.58,0.35,-10.24,1.31,-0.68,-0.42,0.17,0.21,-0.25,-2.00,2.25
657.1539,302,169,31,29,5576.501,-0.59,-0.44,-0.58,0.35,-10.17,0.82,-0.93,-0.79,0.05,0.40,-0.25,-2.00,2.25
657.1855,304,169,32,29,5576.523,-0.59,-0.44,-0.58,0.34,-9.71,-0.24,-1.38,-0.75,0.06,0.25,0.00,-2.56,2.38
657.2021,304,169,32,29,5576.546,-0.59,-0.44,-0.59,0.33,-10.16,0.73,-1.16,-0.53,0.13,-0.09,0.00,-2.56,2.38
657.2186,312,170,28,27,5576.566,-0.59,-0.43,-0.59,0.33,-10.50,2.12,-0.71,-0.46,0.11,-0.23,0.00,-2.56,2.38
657.2352,323,170,27,28,5576.591,-0.60,-0.43,-0.59,0.33,-9.92,2.01,-0.75,-0.61,-0.04,0.05,-1.06,-4.50,4.50
657.2517,323,170,27,28,5576.613,-0.60,-0.43,-0.59,0.32,-9.46,0.16,-1.37,-0.65,0.04,0.38,-1.06,-4.50,4.50
657.2682,339,174,21,22,5576.636,-0.60,-0.43,-0.60,0.32,-9.78,-0.02,-0.99,-0.58,0.28,0.05,0.69,-4.00,4.19
657.2847,339,174,21,22,5576.66,-0.60,-0.42,-0.60,0.31,-9.76,1.61,-0.10,-0.46,0.31,-0.23,0.69,-4.00,4.19
657.3015,347,174,25,25,5576.681,-0.60,-0.42,-0.60,0.31,-9.36,2.31,-0.77,-0.52,0.14,-0.10,0.69,-3.56,4.38
657.3221,347,174,25,25,5576.704,-0.60,-0.42,-0.61,0.30,-9.74,1.76,-1.24,-0.57,0.27,-0.09,0.69,-3.56,4.38
657.3406,359,174,25,26,5576.726,-0.60,-0.41,-0.61,0.30,-9.89,0.94,-1.37,-0.46,0.38,-0.16,0.50,-2.06,4.06
657.3573,369,174,26,28,5576.751,-0.60,-0.41,-0.62,0.30,-10.13,1.15,-1.43,-0.32,0.39,-0.25,0.50,-2.06,4.06
657.3737,369,174,26,28,5576.771,-0.60,-0.41,-0.62,0.30,-10.07,2.72,-0.93,-0.38,0.24,-0.07,0.00,-1.25,4.06
657.3927,382,176,24,27,5576.794,-0.60,-0.41,-0.62,0.29,-9.85,0.49,-1.64,-0.61,0.18,-0.03,0.00,-1.25,4.06
657.4089,382,176,24,27,5576.816,-0.60,-0.40,-0.63,0.29,-9.66,-1.30,-1.79,-0.57,0.28,-0.28,0.00,-1.25,4.06
657.4259,392,175,26,28,5576.839,-0.60,-0.40,-0.63,0.29,-9.75,-1.66,-1.43,-0.32,0.34,-0.50,0.75,-0.25,5.25
657.4423,392,175,26,28,5576.861,-0.60,-0.39,-0.64,0.29,-9.62,-0.48,-1.51,-0.13,0.11,-0.40,0.75,-0.25,5.25
657.4589,404,178,23,24,5576.886,-0.60,-0.39,-0.64,0.29,-9.67,-0.15,-2.11,-0.24,0.00,-0.14,1.00,-0.06,5.19
657.4779,404,178,23,24,5576.908,-0.60,-0.39,-0.64,0.29,-9.47,-0.30,-2.00,-0.25,0.05,0.02,1.00,-0.06,5.19
657.4948,414,178,21,23,5576.931,-0.60,-0.39,-0.64,0.29,-9.51,0.00,-1.41,-0.19,0.04,-0.03,2.19,0.37,6.38
657.5112,414,178,21,23,5576.953,-0.60,-0.39,-0.64,0.28,-9.35,-0.59,-1.93,-0.09,-0.00,-0.12,2.19,0.37,6.38
657.5276,414,178,21,23,5576.974,-0.60,-0.39,-0.64,0.29,-9.26,0.00,-1.76,0.10,0.11,-0.27,2.06,1.75,5.25
657.5444,420,176,26,27,5576.998,-0.60,-0.38,-0.64,0.29,-10.05,0.73,-1.92,0.09,0.16,-0.29,2.06,1.75,5.25
657.5609,420,176,26,27,5577.019,-0.59,-0.38,-0.65,0.29,-10.26,0.00,-2.13,-0.04,0.10,-0.09,1.88,3.00,5.69
657.5782,431,177,22,23,5577.041,-0.59,-0.38,-0.65,0.29,-9.92,-2.47,-2.55,0.05,-0.08,0.02,1.88,3.00,5.69
657.5945,439,178,22,20,5577.064,-0.59,-0.38,-0.64,0.29,-9.56,-2.14,-1.89,0.38,-0.05,-0.20,1.88,3.00,5.69
657.6112,439,178,22,20,5577.089,-0.59,-0.39,-0.64,0.30,-9.46,-1.40,-1.93,0.63,-0.05,-0.31,2.06,1.56,5.06
657.6277,439,178,22,20,5577.111,-0.59,-0.39,-0.64,0.30,-9.49,-0.08,-1.83,0.50,-0.14,0.19,2.06,1.56,5.06
657.6519,448,176,19,22,5577.134,-0.59,-0.40,-0.64,0.30,-9.23,-0.77,-2.41,0.52,-0.15,0.67,1.69,2.38,4.75
657.6686,455,177,20,20,5577.156,-0.59,-0.40,-0.63,0.30,-9.84,-1.60,-2.04,0.86,-0.02,0.63,1.69,2.38,4.75
657.6851,455,177,20,20,5577.179,-0.59,-0.41,-0.63,0.31,-9.63,-0.47,-1.33,1.01,-0.00,0.10,2.50,1.69,3.50
657.7022,458,175,24,22,5577.201,-0.58,-0.41,-0.63,0.31,-9.56,1.68,-1.32,0.82,-0.07,-0.19,2.50,1.69,3.50
657.7185,458,175,24,22,5577.224,-0.58,-0.42,-0.62,0.32,-9.44,0.48,-1.61,0.68,-0.04,0.06,0.25,1.25,2.38
657.7376,470,176,19,20,5577.246,-0.57,-0.43,-0.62,0.33,-9.95,0.19,-1.84,0.90,0.03,0.14,0.25,1.25,2.38
657.7562,477,175,22,24,5577.269,-0.57,-0.43,-0.62,0.33,-10.21,1.37,-1.00,1.09,0.03,-0.02,0.25,0.88,2.69
657.7726,477,175,22,24,5577.291,-0.57,-0.44,-0.61,0.34,-10.25,2.38,-1.18,0.63,-0.14,-0.03,0.25,0.88,2.69
657.7897,487,178,21,20,5577.312,-0.57,-0.44,-0.61,0.34,-10.00,1.12,-1.47,0.39,-0.16,0.23,0.25,0.88,2.69
657.8137,487,178,21,20,5577.336,-0.56,-0.44,-0.60,0.35,-10.03,-1.15,-1.44,0.81,-0.02,0.23,1.06,2.19,1.88
657.8361,496,176,23,24,5577.359,-0.56,-0.45,-0.60,0.35,-10.14,0.61,-0.84,0.98,-0.06,-0.40,1.06,2.19,1.88
657.8527,508,180,20,21,5577.381,-0.55,-0.45,-0.60,0.36,-10.38,2.67,-1.21,0.62,-0.15,-0.18,0.37,0.25,2.69
657.869,508,180,20,21,5577.406,-0.55,-0.45,-0.60,0.37,-10.13,1.58,-1.05,0.35,-0.15,0.13,0.37,0.25,2.69
657.8857,508,180,20,21,5577.426,-0.55,-0.46,-0.59,0.37,-9.85,-0.47,-1.15,0.45,-0.14,0.13,0.50,1.50,3.38
657.9022,518,180,21,24,5577.451,-0.55,-0.46,-0.59,0.37,-9.94,0.66,-0.65,0.61,-0.16,-0.17,0.50,1.50,3.38
657.9188,518,180,21,24,5577.472,-0.55,-0.46,-0.59,0.38,-9.23,2.16,-0.64,0.42,-0.26,0.01,0.50,3.38,3.00
657.9351,530,184,21,22,5577.496,-0.55,-0.46,-0.58,0.38,-9.70,1.28,-1.12,0.26,-0.20,0.18,0.50,3.38,3.00
657.9518,530,184,21,22,5577.517,-0.55,-0.46,-0.58,0.38,-9.87,0.71,-0.86,0.28,-0.11,0.10,0.50,3.38,3.00
657.9835,540,191,18,17,5577.539,-0.55,-0.47,-0.58,0.38,-10.11,1.96,-0.46,0.16,-0.28,0.20,0.37,4.00,3.50
658,540,191,18,17,5577.562,-0.55,-0.47,-0.58,0.38,-9.43,0.52,-0.51,-0.03,-0.29,0.19,0.37,4.00,3.50
658.0165,548,192,21,23,5577.584,-0.55,-0.47,-0.57,0.39,-9.07,-0.04,-0.77,0.11,-0.21,-0.15,1.06,4.00,2.38
658.0374,558,197,18,19,5577.609,-0.55,-0.47,-0.57,0.39,-9.41,1.16,-0.84,0.24,-0.03,0.00,1.06,4.00,2.38
658.0538,558,197,18,19,5577.631,-0.55,-0.47,-0.57,0.39,-9.51,0.67,-0.75,0.01,-0.10,0.44,1.37,5.50,1.56
658.0703,564,201,19,18,5577.654,-0.55,-0.47,-0.57,0.39,-9.24,-0.96,-1.46,0.15,-0.14,0.56,1.37,5.50,1.56
658.0869,564,201,19,18,5577.674,-0.55,-0.48,-0.56,0.39,-9.32,-1.21,-1.32,0.51,0.00,0.17,0.69,5.50,0.06
658.1054,566,204,19,17,5577.699,-0.55,-0.48,-0.56,0.39,-9.80,1.66,-0.49,0.50,-0.03,-0.08,0.69,5.50,0.06
658.1293,564,204,18,17,5577.719,-0.55,-0.48,-0.56,0.39,-9.59,1.80,-0.47,0.03,-0.41,0.69,2.50,6.00,-1.25
658.1455,564,204,18,17,5577.742,-0.56,-0.48,-0.55,0.39,-8.57,-2.21,-1.77,0.09,-0.40,0.85,2.50,6.00,-1.25
658.1622,559,199,19,20,5577.764,-0.56,-0.49,-0.55,0.39,-8.86,-2.38,-1.64,0.86,-0.06,0.24,2.50,6.00,-1.25
658.1785,559,199,19,20,5577.789,-0.55,-0.49,-0.54,0.40,-9.52,1.28,-0.55,1.14,0.21,-0.22,0.75,6.50,-1.69
658.199,552,199,18,17,5577.811,-0.55,-0.50,-0.54,0.40,-8.88,2.00,-0.27,0.57,-0.18,0.53,0.75,6.50,-1.69
658.2153,552,199,18,17,5577.834,-0.55,-0.51,-0.53,0.40,-9.23,-0.49,-1.64,0.71,-0.16,0.60,0.56,6.19,-1.56
658.2322,541,193,22,24,5577.857,-0.54,-0.51,-0.53,0.41,-8.19,-2.09,-1.80,1.11,0.21,-0.22,0.56,6.19,-1.56
658.2485,541,193,22,24,5577.879,-0.53,-0.52,-0.53,0.41,-9.28,1.91,-0.96,1.29,0.48,-0.69,-0.19,5.56,-3.56
658.265,541,193,22,24,5577.902,-0.52,-0.53,-0.53,0.42,-10.04,4.80,-0.49,0.67,0.08,0.02,-0.19,5.56,-3.56
658.2917,531,191,23,23,5577.924,-0.52,-0.53,-0.52,0.42,-8.91,3.99,-1.89,0.66,-0.26,0.77,1.06,6.06,-4.00
658.3089,522,188,21,22,5577.949,-0.52,-0.54,-0.51,0.42,-9.08,3.77,-1.70,0.86,0.06,0.64,1.06,6.06,-4.00
658.3253,522,188,21,22,5577.969,-0.51,-0.54,-0.51,0.42,-9.29,4.79,-1.06,0.61,0.37,-0.12,-0.25,6.00,-3.56
658.342,512,185,22,24,5577.992,-0.51,-0.55,-0.51,0.43,-10.54,8.84,-0.40,0.32,0.30,-0.05,-0.25,6.00,-3.56
658.3586,512,185,22,24,5578.014,-0.51,-0.55,-0.51,0.42,-11.44,9.41,-0.47,-0.03,0.19,0.03,-0.25,6.00,-3.56
658.3796,502,186,20,19,5578.037,-0.51,-0.55,-0.51,0.42,-10.98,7.44,-0.71,-0.31,0.12,-0.07,-0.50,5.25,-4.00
658.3962,494,184,20,21,5578.061,-0.51,-0.55,-0.52,0.42,-10.21,5.92,-0.70,-0.73,-0.14,-0.15,-0.50,5.25,-4.00
658.4128,494,184,20,21,5578.084,-0.52,-0.54,-0.52,0.42,-9.51,4.42,-0.41,-0.79,-0.34,-0.02,-0.19,5.50,-4.06
658.4309,482,180,23,25,5578.108,-0.52,-0.53,-0.52,0.42,-9.14,4.02,0.02,-0.91,-0.45,0.05,-0.19,5.50,-4.06
658.454,482,180,23,25,5578.129,-0.53,-0.53,-0.52,0.41,-8.99,2.67,-0.43,-1.22,-0.41,-0.11,-0.75,5.50,-4.06
658.4834,471,181,22,21,5578.151,-0.54,-0.51,-0.53,0.41,-9.25,1.54,-1.22,-1.14,-0.17,-0.27,-0.75,5.50,-4.06
658.4999,461,178,23,24,5578.174,-0.54,-0.51,-0.53,0.40,-9.31,0.82,-0.53,-1.09,0.07,-0.40,-0.37,6.38,-4.06
658.5167,461,178,23,24,5578.199,-0.55,-0.50,-0.54,0.40,-9.62,1.67,-0.54,-1.01,0.06,-0.41,-0.37,6.38,-4.06
658.5428,450,175,24,26,5578.219,-0.55,-0.49,-0.55,0.40,-9.69,1.30,-0.71,-1.12,0.02,-0.22,1.06,7.06,-4.50
658.5634,439,173,25,28,5578.242,-0.56,-0.48,-0.55,0.39,-9.54,0.17,-1.24,-1.07,0.01,-0.12,1.06,7.06,-4.50
658.5796,439,173,25,28,5578.264,-0.56,-0.48,-0.56,0.39,-9.33,-0.17,-1.06,-0.87,0.08,-0.08,1.06,7.06,-4.50
658.596,439,173,25,28,5578.289,-0.56,-0.47,-0.56,0.38,-9.33,0.07,-0.70,-0.71,0.11,-0.03,0.25,7.75,-2.88
658.6207,427,173,25,26,5578.311,-0.57,-0.47,-0.56,0.38,-9.40,1.30,-0.95,-0.98,0.02,-0.06,0.25,7.75,-2.88
658.6367,427,173,25,26,5578.334,-0.57,-0.46,-0.57,0.37,-9.44,0.53,-1.25,-1.03,0.10,-0.16,1.06,7.75,-1.25
658.6536,415,169,25,30,5578.358,-0.57,-0.45,-0.58,0.37,-9.37,-0.11,-1.81,-0.74,0.31,-0.44,1.06,7.75,-1.25
658.6774,400,169,26,29,5578.379,-0.57,-0.45,-0.58,0.36,-9.74,1.21,-0.34,-0.39,0.33,-0.44,1.88,7.06,0.56
658.6935,400,169,26,29,5578.401,-0.57,-0.45,-0.59,0.36,-9.20,1.58,-0.87,-0.36,0.24,-0.11,1.88,7.06,0.56
658.7189,387,169,26,29,5578.424,-0.57,-0.44,-0.59,0.36,-9.45,1.82,-0.89,-0.59,0.34,0.08,2.56,6.50,2.50
658.7385,376,172,25,23,5578.448,-0.57,-0.44,-0.60,0.35,-9.53,1.38,-1.14,-0.80,0.36,0.11,2.56,6.50,2.50
658.7573,376,172,25,23,5578.469,-0.57,-0.44,-0.60,0.34,-9.91,0.46,-1.37,-0.67,0.32,-0.16,2.38,5.50,3.25
658.7835,365,169,27,28,5578.491,-0.57,-0.43,-0.61,0.34,-9.83,1.44,-1.00,-0.45,0.24,-0.20,2.38,5.50,3.25
658.8001,365,169,27,28,5578.512,-0.57,-0.43,-0.61,0.34,-9.34,2.06,-1.23,-0.48,0.20,0.03,2.38,5.50,3.25
658.8214,353,169,28,31,5578.536,-0.58,-0.43,-0.61,0.33,-9.60,1.60,-1.64,-0.77,0.32,0.20,3.56,2.75,4.06
658.8382,341,172,29,28,5578.559,-0.58,-0.43,-0.62,0.32,-10.03,0.03,-1.08,-0.80,0.28,0.01,3.56,2.75,4.06
658.8545,341,172,29,28,5578.582,-0.58,-0.42,-0.62,0.32,-9.60,0.02,-1.14,-0.76,0.05,-0.29,2.19,0.75,5.75
658.8738,330,175,26,27,5578.606,-0.58,-0.41,-0.63,0.31,-9.61,0.06,-1.77,-0.70,-0.00,-0.40,2.19,0.75,5.75
658.8903,318,175,29,30,5578.629,-0.58,-0.41,-0.63,0.31,-9.62,0.78,-1.58,-0.67,0.04,-0.03,3.06,0.19,4.75
658.9066,318,175,29,30,5578.651,-0.59,-0.41,-0.63,0.31,-8.78,1.07,-1.00,-0.65,-0.03,0.28,3.06,0.19,4.75
658.9235,318,175,29,30,5578.672,-0.59,-0.40,-0.63,0.30,-8.83,1.21,-1.00,-0.59,-0.08,0.35,3.06,1.06,5.00
658.9482,310,182,24,23,5578.696,-0.59,-0.40,-0.63,0.29,-8.99,0.94,-1.42,-0.67,0.03,0.18,3.06,1.06,5.00
658.9641,310,182,24,23,5578.717,-0.60,-0.40,-0.64,0.29,-8.79,0.46,-1.38,-0.70,0.19,-0.10,3.50,0.75,4.69
658.9893,295,180,32,30,5578.739,-0.60,-0.39,-0.64,0.28,-9.15,1.06,-1.33,-0.56,0.23,-0.07,3.50,0.75,4.69
659.0075,288,182,32,30,5578.762,-0.60,-0.39,-0.64,0.28,-9.79,1.62,-1.27,-0.54,0.19,0.06,3.50,0.75,4.69
659.0242,288,182,32,30,5578.784,-0.60,-0.39,-0.64,0.27,-9.73,2.11,-1.26,-0.72,0.07,0.13,3.06,1.88,6.25
659.0411,284,182,33,30,5578.809,-0.60,-0.38,-0.65,0.27,-9.35,0.68,-2.03,-0.82,0.08,0.24,3.06,1.88,6.25
659.0574,284,182,33,30,5578.831,-0.61,-0.38,-0.65,0.26,-9.26,0.07,-1.51,-0.60,0.21,0.03,1.75,3.25,6.00
659.0739,284,181,33,30,5578.856,-0.61,-0.38,-0.65,0.25,-10.18,-0.07,-2.20,-0.54,0.32,-0.13,1.75,3.25,6.00
659.0945,284,181,33,30,5578.876,-0.61,-0.37,-0.66,0.25,-10.65,-0.55,-2.31,-0.59,0.33,-0.27,2.50,3.69,5.06
659.1251,287,180,32,30,5578.899,-0.61,-0.37,-0.66,0.25,-11.03,-1.90,-2.97,-0.47,0.20,-0.26,2.50,3.69,5.06
659.1546,289,180,33,29,5578.921,-0.61,-0.36,-0.66,0.25,-10.99,-2.34,-3.06,-0.15,0.05,-0.31,2.06,4.06,6.38
659.1889,292,179,33,30,5578.946,-0.60,-0.36,-0.67,0.25,-10.95,-1.15,-3.05,0.12,-0.05,-0.35,2.06,4.06,6.38
659.2067,296,178,32,30,5578.967,-0.60,-0.36,-0.67,0.25,-10.47,0.26,-2.48,0.13,-0.14,-0.21,1.50,4.06,7.75
659.223,296,178,32,30,5578.989,-0.61,-0.36,-0.66,0.25,-9.57,0.46,-2.15,0.00,-0.23,0.16,1.50,4.06,7.75
659.2405,302,178,32,30,5579.012,-0.61,-0.36,-0.66,0.25,-9.28,0.11,-2.07,0.06,-0.17,0.20,1.50,4.06,7.75
659.2654,311,179,30,28,5579.034,-0.61,-0.36,-0.66,0.25,-9.07,-0.67,-1.97,0.26,-0.04,-0.02,2.00,3.56,7.25
659.2819,311,179,30,28,5579.059,-0.61,-0.36,-0.66,0.26,-9.42,0.60,-1.81,0.49,0.06,-0.38,2.00,3.56,7.25
659.2995,322,179,30,28,5579.081,-0.60,-0.36,-0.66,0.26,-9.64,0.51,-2.10,0.41,0.01,-0.27,1.69,4.00,6.19
659.3156,322,179,30,28,5579.104,-0.60,-0.37,-0.66,0.27,-9.62,0.03,-2.14,0.40,-0.02,-0.01,1.69,4.00,6.19
659.3324,322,179,30,28,5579.126,-0.60,-0.37,-0.66,0.27,-9.44,-0.91,-1.76,0.50,-0.04,0.16,2.38,5.19,6.06
659.3494,332,178,30,31,5579.149,-0.60,-0.37,-0.66,0.27,-9.38,-0.44,-1.73,0.69,-0.01,0.01,2.38,5.19,6.06
659.3655,332,178,30,31,5579.169,-0.59,-0.38,-0.65,0.28,-9.39,0.00,-1.84,0.68,-0.01,0.09,1.69,5.19,3.75
659.3865,345,178,29,30,5579.194,-0.59,-0.38,-0.65,0.28,-9.36,-0.44,-1.86,0.70,-0.03,0.27,1.69,5.19,3.75
659.4036,357,179,29,28,5579.214,-0.59,-0.39,-0.65,0.29,-9.37,-0.55,-1.81,0.84,-0.04,0.19,1.69,5.19,3.75
659.422,357,179,29,28,5579.237,-0.58,-0.39,-0.65,0.29,-9.76,0.04,-1.95,1.00,-0.02,-0.04,2.06,4.38,4.19
659.4385,357,179,29,28,5579.259,-0.58,-0.40,-0.64,0.30,-10.06,1.14,-1.51,1.01,-0.03,-0.06,2.06,4.38,4.19
659.4556,369,179,29,29,5579.282,-0.58,-0.41,-0.64,0.31,-10.24,1.35,-1.40,0.85,-0.13,0.08,0.56,4.00,4.56
659.4722,382,179,25,26,5579.307,-0.57,-0.41,-0.63,0.31,-10.10,1.52,-2.05,0.82,-0.15,0.35,0.56,4.00,4.56
659.4893,382,179,25,26,5579.329,-0.57,-0.42,-0.63,0.32,-9.93,-0.05,-1.39,0.94,-0.06,0.13,1.69,3.25,3.75
659.5073,394,178,25,28,5579.352,-0.57,-0.43,-0.62,0.33,-9.83,1.06,-1.46,1.00,-0.10,-0.27,1.69,3.25,3.75
659.5239,394,178,25,28,5579.372,-0.56,-0.43,-0.62,0.33,-9.79,1.74,-1.21,0.82,-0.10,-0.24,0.69,4.38,3.69
659.5426,405,178,27,29,5579.397,-0.56,-0.43,-0.62,0.34,-9.73,0.94,-1.64,0.52,-0.17,0.17,0.69,4.38,3.69
659.5591,405,178,27,29,5579.417,-0.56,-0.44,-0.61,0.34,-9.61,-1.28,-2.19,1.04,-0.07,0.33,1.37,4.50,4.06
659.5761,417,177,25,29,5579.44,-0.56,-0.45,-0.61,0.35,-9.78,-0.41,-1.28,1.26,-0.08,-0.33,1.37,4.50,4.06
659.5988,431,178,23,27,5579.462,-0.55,-0.45,-0.61,0.36,-9.63,1.92,-1.38,1.11,-0.19,-0.52,1.37,4.50,4.06
659.6151,431,178,23,27,5579.485,-0.55,-0.45,-0.60,0.37,-9.58,2.55,-0.66,0.74,-0.20,-0.15,1.75,3.75,4.06
659.6318,444,182,21,20,5579.507,-0.55,-0.45,-0.60,0.37,-8.84,-0.59,-1.88,0.65,-0.21,0.66,1.75,3.75,4.06
659.6481,444,182,21,20,5579.532,-0.54,-0.47,-0.59,0.37,-10.12,0.05,-1.11,1.17,0.00,0.37,2.88,5.25,6.38
659.6647,451,179,24,26,5579.556,-0.54,-0.47,-0.59,0.38,-9.68,1.39,-0.19,1.00,-0.17,-0.31,2.88,5.25,6.38
659.6853,451,179,24,26,5579.577,-0.54,-0.47,-0.58,0.39,-9.55,2.65,-1.49,0.58,-0.07,-0.31,3.06,6.56,5.56
659.7025,451,179,24,26,5579.599,-0.53,-0.47,-0.58,0.39,-9.00,0.64,-1.26,0.58,0.09,0.19,3.06,6.56,5.56
659.7225,463,180,23,26,5579.622,-0.53,-0.48,-0.58,0.39,-9.58,0.59,-1.24,0.72,0.12,0.60,3.00,7.88,6.56
659.739,476,184,20,21,5579.644,-0.53,-0.49,-0.57,0.39,-9.25,-0.02,-0.86,0.61,-0.03,0.54,3.00,7.88,6.56
659.7565,476,184,20,21,5579.667,-0.53,-0.49,-0.57,0.40,-9.19,0.70,-1.49,0.40,-0.20,0.18,1.75,9.19,5.06
659.7733,476,184,20,21,5579.689,-0.53,-0.49,-0.56,0.40,-9.09,0.62,-1.39,0.30,0.00,0.44,1.75,9.19,5.06
659.7923,484,182,25,27,5579.71,-0.53,-0.50,-0.56,0.40,-9.29,-0.59,-1.15,0.48,0.01,0.66,1.75,9.19,5.06
659.8087,497,186,23,23,5579.735,-0.53,-0.51,-0.55,0.40,-9.58,1.53,-1.04,0.64,-0.02,0.50,1.25,8.69,3.25
659.825,497,186,23,23,5579.757,-0.53,-0.51,-0.55,0.40,-9.87,2.13,-1.09,0.48,-0.09,0.09,1.25,8.69,3.25
659.8428,508,187,23,24,5579.78,-0.53,-0.51,-0.55,0.40,-9.90,1.14,-1.09,0.17,-0.12,0.07,1.88,10.06,2.19
659.859,508,187,23,24,5579.804,-0.53,-0.51,-0.54,0.40,-9.64,-1.70,-1.28,0.18,-0.16,0.19,1.88,10.06,2.19
659.876,517,190,23,22,5579.825,-0.53,-0.52,-0.54,0.41,-10.21,0.81,-1.01,0.55,-0.28,0.41,0.75,10.50,0.00
659.8987,517,190,23,22,5579.847,-0.53,-0.52,-0.53,0.41,-9.04,1.47,-1.63,0.39,-0.50,1.02,0.75,10.50,0.00
659.9197,527,190,23,25,5579.87,-0.53,-0.53,-0.52,0.41,-8.50,0.27,-1.28,0.57,-0.42,1.04,0.37,8.88,-1.06
659.9438,538,193,22,25,5579.894,-0.53,-0.53,-0.51,0.41,-8.69,1.51,-0.99,0.88,-0.27,0.49,0.37,8.88,-1.06
659.9658,538,193,22,25,5579.915,-0.53,-0.54,-0.51,0.41,-8.95,5.19,-0.45,0.95,-0.25,0.08,-0.56,7.06,-2.19
659.9878,548,196,23,25,5579.937,-0.53,-0.54,-0.50,0.42,-9.16,6.80,-1.09,0.81,-0.21,0.29,-0.56,7.06,-2.19
660.0097,557,201,20,18,5579.958,-0.52,-0.55,-0.49,0.42,-9.92,7.03,-0.74,0.68,0.10,0.14,-0.56,7.06,-2.19
660.0338,557,201,20,18,5579.982,-0.52,-0.55,-0.49,0.42,-10.22,8.06,-0.15,0.31,0.27,-0.23,-0.69,6.56,-2.69
660.0568,557,201,20,18,5580.007,-0.52,-0.55,-0.50,0.42,-10.45,8.29,-0.49,-0.22,0.08,-0.08,-0.69,6.56,-2.69
660.0798,563,203,19,21,5580.029,-0.52,-0.55,-0.50,0.42,-9.25,6.13,-0.28,-0.52,-0.09,0.01,-0.75,6.38,-3.19
660.1058,565,204,18,20,5580.054,-0.53,-0.55,-0.50,0.42,-9.10,4.47,-0.80,-0.70,-0.19,-0.01,-0.75,6.38,-3.19
660.1267,563,204,20,18,5580.075,-0.53,-0.54,-0.50,0.42,-8.81,2.90,-0.37,-0.81,-0.01,-0.20,-1.00,7.25,-2.88
660.1487,561,202,19,20,5580.097,-0.53,-0.54,-0.51,0.41,-9.03,3.29,-0.20,-0.78,0.04,-0.40,-1.00,7.25,-2.88
660.1697,561,202,19,20,5580.12,-0.54,-0.53,-0.52,0.41,-8.87,3.99,-0.24,-0.88,0.04,-0.43,0.19,6.69,-2.88
660.1948,553,199,24,23,5580.144,-0.54,-0.52,-0.52,0.41,-9.01,2.69,-1.04,-1.03,-0.01,-0.16,0.19,6.69,-2.88
660.2158,547,197,23,23,5580.165,-0.54,-0.51,-0.53,0.40,-9.58,1.85,-0.95,-1.02,0.13,-0.18,1.06,8.19,-3.75
660.2388,547,197,23,23,5580.187,-0.55,-0.51,-0.53,0.40,-9.71,1.29,-1.16,-0.86,0.15,-0.43,1.06,8.19,-3.75
660.2598,540,195,23,24,5580.21,-0.55,-0.50,-0.54,0.39,-9.93,1.74,-0.80,-0.78,0.22,-0.46,1.06,8.19,-3.75
660.2861,532,196,21,20,5580.232,-0.55,-0.49,-0.55,0.39,-9.91,1.40,-0.88,-0.86,0.16,-0.31,0.69,10.06,-2.19
660.3077,532,196,21,20,5580.257,-0.55,-0.49,-0.55,0.39,-10.07,1.28,-1.22,-0.91,0.05,-0.08,0.69,10.06,-2.19
660.3298,521,192,24,26,5580.279,-0.56,-0.48,-0.56,0.38,-9.27,1.38,-0.78,-0.83,-0.01,-0.01,1.37,9.69,-0.25
660.3548,512,191,24,25,5580.304,-0.56,-0.48,-0.56,0.38,-9.30,1.02,-1.17,-0.74,0.05,-0.04,1.37,9.69,-0.25
660.3757,502,189,26,26,5580.324,-0.57,-0.47,-0.56,0.37,-9.81,1.42,-0.92,-0.79,0.34,-0.26,2.69,9.25,1.69
660.3987,502,189,26,26,5580.347,-0.57,-0.47,-0.57,0.37,-9.70,2.08,-0.90,-0.87,0.28,-0.36,2.69,9.25,1.69
660.4198,502,189,26,26,5580.367,-0.57,-0.46,-0.58,0.36,-9.65,1.18,-1.28,-0.92,0.20,-0.28,3.00,9.00,3.25
660.4438,492,187,25,27,5580.392,-0.57,-0.46,-0.58,0.36,-9.64,0.94,-1.41,-0.80,0.27,-0.23,3.00,9.00,3.25
660.4658,481,185,24,27,5580.414,-0.57,-0.45,-0.59,0.35,-9.84,1.88,-0.50,-0.66,0.34,-0.29,3.06,8.00,5.06
660.4878,470,184,25,27,5580.437,-0.57,-0.45,-0.59,0.35,-9.33,2.04,-1.27,-0.84,0.18,0.03,3.06,8.00,5.06
660.5097,470,184,25,27,5580.457,-0.58,-0.44,-0.60,0.34,-9.13,1.09,-1.31,-1.10,0.19,0.18,3.06,8.00,5.06
660.5328,458,181,25,28,5580.482,-0.58,-0.44,-0.60,0.33,-9.39,0.10,-1.92,-1.09,0.30,0.05,2.88,5.56,5.56
660.5568,447,181,25,27,5580.505,-0.58,-0.43,-0.61,0.32,-9.64,0.50,-1.39,-0.65,0.45,-0.20,2.88,5.56,5.56
660.5787,447,181,25,27,5580.527,-0.58,-0.43,-0.61,0.32,-9.75,2.12,-0.96,-0.71,0.27,-0.13,2.50,3.06,6.00
660.6031,434,179,24,27,5580.55,-0.58,-0.42,-0.62,0.31,-9.39,1.28,-1.46,-0.98,0.08,0.06,2.50,3.06,6.00
660.6238,420,177,26,29,5580.572,-0.59,-0.42,-0.62,0.30,-9.17,0.78,-1.62,-1.05,0.09,0.18,3.19,2.06,6.19
660.6467,406,176,26,29,5580.595,-0.59,-0.41,-0.63,0.30,-9.56,0.81,-1.74,-0.81,0.30,0.05,3.19,2.06,6.19
660.6688,406,176,26,29,5580.617,-0.59,-0.41,-0.63,0.29,-9.95,1.56,-1.02,-0.69,0.30,-0.10,2.88,1.88,5.25
660.6918,392,175,27,28,5580.64,-0.59,-0.40,-0.63,0.28,-10.00,1.45,-1.99,-0.77,0.10,-0.10,2.88,1.88,5.25
660.7128,379,175,26,28,5580.66,-0.60,-0.40,-0.64,0.28,-9.88,1.27,-1.77,-0.97,0.01,-0.06,2.88,1.88,5.25
660.7368,379,175,26,28,5580.685,-0.60,-0.39,-0.64,0.27,-9.32,1.70,-0.98,-0.86,-0.05,0.01,3.06,1.88,6.25
660.7593,364,173,27,30,5580.707,-0.60,-0.39,-0.64,0.27,-7.97,1.44,-1.31,-0.91,-0.10,0.06,3.06,1.88,6.25
660.7827,364,173,27,30,5580.73,-0.61,-0.38,-0.64,0.26,-8.49,-0.03,-2.67,-1.00,0.11,0.01,3.06,2.19,4.75
660.8068,350,173,28,30,5580.754,-0.61,-0.37,-0.65,0.25,-9.74,-1.55,-2.37,-0.74,0.69,-0.49,3.06,2.19,4.75
660.8287,337,173,28,29,5580.777,-0.61,-0.37,-0.66,0.25,-10.70,-0.06,-1.97,-0.39,0.48,-0.68,2.38,3.56,5.69
660.8517,323,175,24,26,5580.8,-0.60,-0.36,-0.67,0.25,-10.31,-0.02,-2.91,-0.49,0.09,-0.60,2.38,3.56,5.69
660.8738,323,175,24,26,5580.822,-0.61,-0.35,-0.67,0.25,-10.17,-1.40,-3.28,-0.60,0.01,-0.34,3.00,4.38,6.50
660.8968,306,176,31,29,5580.845,-0.61,-0.35,-0.67,0.25,-10.08,-1.51,-2.68,-0.34,0.03,-0.04,3.00,4.38,6.50
660.9253,297,176,30,29,5580.867,-0.61,-0.35,-0.67,0.24,-9.33,-0.70,-1.50,-0.10,-0.15,0.14,3.50,4.38,6.75
660.9418,297,176,30,29,5580.89,-0.61,-0.35,-0.67,0.24,-8.41,0.05,-1.75,-0.06,-0.28,0.19,3.50,4.38,6.75
660.9638,292,178,28,26,5580.91,-0.61,-0.35,-0.67,0.24,-8.36,0.00,-2.32,-0.08,-0.16,0.23,3.50,4.38,6.75
660.9868,288,177,32,29,5580.935,-0.61,-0.35,-0.67,0.24,-8.78,-0.97,-2.49,-0.06,0.31,0.16,2.38,4.75,7.06
661.0088,287,178,32,29,5580.957,-0.61,-0.35,-0.67,0.24,-10.05,-1.94,-2.26,0.22,0.38,-0.14,2.38,4.75,7.06
661.0327,287,178,32,29,5580.98,-0.60,-0.35,-0.67,0.24,-10.42,-0.18,-2.91,0.47,0.18,-0.45,3.19,4.06,7.50
661.0568,286,178,32,30,5581.004,-0.60,-0.35,-0.67,0.25,-10.19,0.18,-3.00,0.41,0.02,-0.10,3.19,4.06,7.50
661.0829,288,180,31,28,5581.025,-0.60,-0.36,-0.67,0.25,-10.26,-0.87,-2.58,0.38,-0.01,0.39,3.19,4.50,6.25
661.1008,288,180,31,28,5581.049,-0.60,-0.36,-0.67,0.25,-10.22,-1.71,-2.41,0.51,-0.07,0.47,3.19,4.50,6.25
661.1228,292,181,32,29,5581.07,-0.60,-0.37,-0.66,0.25,-10.11,-1.42,-2.31,0.72,-0.17,0.23,2.88,4.50,8.56
661.1467,292,181,32,29,5581.094,-0.60,-0.37,-0.66,0.26,-9.84,-1.37,-2.53,0.87,-0.26,0.04,2.88,4.50,8.56
661.168,301,181,31,29,5581.115,-0.60,-0.38,-0.66,0.27,-9.61,-0.89,-2.48,0.98,-0.23,-0.03,2.88,4.50,4.69
661.1907,312,181,28,29,5581.137,-0.59,-0.39,-0.65,0.28,-9.59,-0.59,-2.93,1.12,-0.15,0.04,2.88,4.50,4.69
661.2127,312,181,28,29,5581.16,-0.59,-0.39,-0.65,0.28,-9.85,-0.58,-2.63,1.39,-0.06,0.10,2.88,4.50,4.69
661.2375,327,180,27,30,5581.182,-0.58,-0.40,-0.64,0.29,-9.74,0.68,-1.93,1.46,-0.05,-0.39,1.37,3.69,3.50
661.2588,341,180,29,29,5581.205,-0.58,-0.41,-0.64,0.31,-9.76,1.81,-1.59,1.18,-0.14,-0.31,1.37,3.69,3.50
661.2818,341,180,29,29,5581.23,-0.57,-0.41,-0.63,0.32,-8.91,0.66,-1.74,1.04,-0.21,0.07,1.69,4.88,5.06
661.3058,357,179,27,29,5581.254,-0.57,-0.42,-0.63,0.32,-8.96,0.38,-1.94,1.37,-0.11,0.37,1.69,4.88,5.06
661.3278,376,179,23,28,5581.275,-0.56,-0.43,-0.62,0.33,-9.92,2.48,-1.49,1.40,0.16,0.02,2.50,4.56,5.75
661.3508,393,180,24,29,5581.297,-0.55,-0.44,-0.62,0.34,-10.33,3.18,-1.08,1.01,0.00,-0.10,2.50,4.56,5.75
661.3719,393,180,24,29,5581.32,-0.55,-0.44,-0.61,0.35,-8.80,0.90,-1.63,0.58,-0.22,0.06,1.69,4.88,7.00
661.4029,409,182,24,27,5581.342,-0.55,-0.45,-0.61,0.35,-8.69,1.03,-1.95,0.94,-0.19,0.22,1.69,4.88,7.00
661.4211,425,182,25,29,5581.365,-0.54,-0.46,-0.61,0.36,-9.66,3.45,-0.71,1.30,0.22,-0.31,2.06,5.06,8.06
661.4426,437,183,25,28,5581.387,-0.53,-0.46,-0.60,0.37,-9.60,3.63,-0.53,1.00,0.15,-0.47,2.06,5.06,8.06
661.4608,437,183,25,28,5581.408,-0.53,-0.46,-0.60,0.37,-9.13,2.63,-1.06,0.68,0.03,-0.18,2.06,5.06,8.06
661.4857,437,183,25,28,5581.432,-0.53,-0.47,-0.60,0.38,-9.06,1.08,-1.16,0.58,0.06,0.32,2.00,8.00,8.50
661.5078,448,186,23,25,5581.455,-0.53,-0.48,-0.60,0.38,-8.94,-0.36,-1.55,0.61,-0.01,0.74,2.00,8.00,8.50
661.5308,455,187,26,27,5581.477,-0.52,-0.49,-0.59,0.38,-9.12,0.66,-1.63,0.83,0.03,0.46,1.50,9.19,7.00
661.5548,455,187,26,27,5581.502,-0.52,-0.49,-0.59,0.38,-9.37,1.86,-1.36,0.74,0.12,0.06,1.50,9.19,7.00
661.5767,465,189,26,27,5581.522,-0.52,-0.49,-0.58,0.38,-10.06,2.16,-1.62,0.52,0.16,0.08,0.75,9.88,6.50
661.5988,478,193,21,22,5581.545,-0.51,-0.50,-0.58,0.39,-10.31,1.18,-1.46,0.43,0.13,0.36,0.75,9.88,6.50
661.6276,483,193,26,28,5581.568,-0.51,-0.51,-0.58,0.39,-10.26,0.17,-1.29,0.50,-0.09,0.52,0.69,11.56,7.75
661.6449,494,198,22,23,5581.59,-0.51,-0.51,-0.57,0.39,-9.60,0.25,-1.56,0.45,-0.21,0.37,0.69,11.56,7.75
661.6667,494,198,22,23,5581.613,-0.51,-0.51,-0.57,0.39,-9.64,-0.06,-1.62,0.39,-0.15,0.31,-0.50,11.06,5.56
661.6888,500,200,26,23,5581.635,-0.51,-0.52,-0.56,0.39,-10.32,0.03,-1.63,0.55,0.01,0.48,-0.50,11.06,5.56
661.7108,500,200,26,23,5581.656,-0.51,-0.53,-0.56,0.39,-10.31,0.49,-1.19,0.72,-0.10,0.65,-0.50,11.06,5.56
661.7347,509,200,26,27,5581.68,-0.51,-0.53,-0.55,0.39,-9.46,0.51,-1.14,0.67,-0.26,0.52,-1.00,11.00,4.19
661.7578,520,201,25,28,5581.705,-0.51,-0.54,-0.54,0.40,-9.36,1.44,-1.35,0.52,-0.14,0.39,-1.00,11.00,4.19
661.7808,529,203,26,27,5581.727,-0.51,-0.54,-0.54,0.40,-9.84,2.38,-1.28,0.38,-0.16,0.66,0.88,10.25,3.06
661.8047,529,203,26,27,5581.752,-0.52,-0.55,-0.53,0.39,-9.41,1.98,-1.30,0.26,-0.39,1.05,0.88,10.25,3.06
661.8267,542,205,22,25,5581.772,-0.52,-0.55,-0.52,0.39,-8.56,2.40,-2.40,0.45,-0.52,1.38,0.06,9.69,1.56
661.8497,542,205,22,25,5581.795,-0.53,-0.56,-0.51,0.39,-8.10,3.73,-2.15,0.48,-0.32,1.34,0.06,9.69,1.56
661.8748,554,207,21,24,5581.817,-0.53,-0.57,-0.49,0.39,-8.42,4.29,-1.74,0.65,-0.16,0.98,-1.00,7.88,1.06
661.8948,563,211,23,25,5581.84,-0.53,-0.58,-0.49,0.39,-8.97,6.54,-2.04,0.61,0.03,0.29,-1.00,7.88,1.06
661.9167,563,211,23,25,5581.862,-0.52,-0.58,-0.49,0.39,-10.09,8.09,-1.52,0.53,0.15,-0.24,-0.75,6.06,-0.50
661.9388,572,216,20,19,5581.885,-0.52,-0.58,-0.49,0.39,-10.33,8.57,-1.44,-0.02,0.10,-0.57,-0.75,6.06,-0.50
661.9608,575,216,21,23,5581.905,-0.52,-0.57,-0.49,0.40,-10.20,7.16,-1.50,-0.33,-0.02,-0.42,-0.75,6.06,-0.50
661.9847,575,216,21,23,5581.93,-0.52,-0.57,-0.50,0.40,-9.49,6.03,-1.25,-0.50,-0.14,-0.27,-0.75,6.69,1.37
662.0078,572,214,24,24,5581.953,-0.52,-0.57,-0.50,0.40,-8.68,6.26,-0.65,-0.61,-0.20,-0.25,-0.75,6.69,1.37
662.0308,570,213,23,22,5581.977,-0.53,-0.56,-0.51,0.39,-8.38,6.19,-0.35,-0.83,-0.10,-0.33,0.50,6.69,-0.37
662.0548,570,213,23,22,5582,-0.53,-0.55,-0.51,0.39,-8.48,5.46,-0.98,-1.12,-0.03,-0.42,0.50,6.69,-0.37
662.0767,565,209,20,22,5582.022,-0.54,-0.54,-0.52,0.39,-8.53,4.82,-0.96,-1.30,0.21,-0.45,-0.50,7.56,0.50
662.0988,556,206,21,22,5582.045,-0.54,-0.53,-0.53,0.38,-9.08,2.41,-0.84,-1.27,0.34,-0.60,-0.50,7.56,0.50
662.1198,546,202,18,21,5582.065,-0.54,-0.52,-0.54,0.37,-9.62,2.76,-0.80,-1.16,0.39,-0.88,0.69,9.06,0.69
662.1448,546,202,18,21,5582.09,-0.54,-0.51,-0.55,0.37,-9.64,3.27,-0.89,-1.38,0.32,-0.96,0.69,9.06,0.69
662.1658,533,197,18,23,5582.112,-0.55,-0.50,-0.56,0.37,-8.85,2.36,-1.05,-1.61,0.14,-0.69,1.88,10.19,3.50
662.1889,516,189,23,26,5582.135,-0.55,-0.49,-0.57,0.36,-8.08,1.44,-1.10,-1.56,0.18,-0.44,1.88,10.19,3.50
662.2098,516,189,23,26,5582.155,-0.56,-0.47,-0.58,0.35,-8.45,1.09,-1.61,-1.44,0.39,-0.40,1.88,10.19,3.50
662.2347,498,187,21,25,5582.18,-0.56,-0.46,-0.59,0.34,-8.81,1.36,-1.27,-1.39,0.55,-0.48,2.56,10.19,6.69
662.2578,498,187,21,25,5582.202,-0.56,-0.46,-0.60,0.33,-8.30,1.55,-1.23,-1.47,0.39,-0.37,2.56,10.19,6.69
662.2798,479,183,24,27,5582.225,-0.57,-0.44,-0.61,0.32,-8.49,0.86,-2.07,-1.47,0.46,-0.15,3.75,6.50,9.25
662.3047,460,180,25,27,5582.249,-0.57,-0.44,-0.62,0.31,-8.65,0.88,-1.96,-1.43,0.60,-0.13,3.75,6.50,9.25
662.3267,441,178,24,29,5582.272,-0.57,-0.43,-0.63,0.30,-8.91,0.84,-2.28,-1.49,0.51,-0.24,3.88,1.88,10.06
662.3488,441,178,24,29,5582.295,-0.57,-0.42,-0.64,0.29,-9.62,-0.20,-2.71,-1.45,0.55,-0.27,3.88,1.88,10.06
662.3708,421,177,23,30,5582.315,-0.58,-0.41,-0.65,0.28,-10.05,-0.18,-2.42,-1.23,0.55,-0.35,3.06,0.50,10.00
662.3948,399,178,25,30,5582.34,-0.58,-0.40,-0.66,0.27,-9.99,0.66,-2.25,-1.13,0.40,-0.44,3.06,0.50,10.00
662.4167,399,178,25,30,5582.362,-0.58,-0.39,-0.66,0.26,-9.57,0.93,-2.31,-1.24,0.15,-0.12,2.69,1.06,8.56
662.4389,376,179,25,30,5582.385,-0.58,-0.39,-0.67,0.26,-9.67,-0.29,-3.00,-1.19,0.16,0.13,2.69,1.06,8.56
662.4608,354,180,29,31,5582.405,-0.59,-0.38,-0.67,0.24,-10.11,-1.13,-2.79,-1.01,0.25,0.06,2.69,1.06,8.56
662.4847,335,181,29,32,5582.43,-0.59,-0.38,-0.68,0.24,-10.03,-0.43,-2.16,-0.70,0.21,-0.05,1.88,2.50,7.56
662.5078,335,181,29,32,5582.452,-0.59,-0.37,-0.68,0.23,-9.65,1.03,-2.22,-0.60,0.01,0.09,1.88,2.50,7.56
662.5298,321,186,25,27,5582.475,-0.59,-0.37,-0.68,0.22,-9.52,-0.07,-3.51,-0.90,0.08,0.08,2.00,3.56,7.69
662.5538,321,186,25,27,5582.499,-0.59,-0.36,-0.68,0.22,-9.72,-1.03,-3.37,-0.80,0.31,-0.10,2.00,3.56,7.69
662.5757,304,186,31,29,5582.52,-0.59,-0.36,-0.69,0.22,-10.40,-1.02,-2.69,-0.47,0.34,-0.41,0.88,3.50,9.69
662.5988,290,186,32,30,5582.542,-0.59,-0.35,-0.69,0.22,-9.54,0.51,-3.14,-0.19,-0.01,-0.56,0.88,3.50,9.69
662.6198,290,186,32,30,5582.565,-0.59,-0.35,-0.69,0.22,-9.54,0.18,-4.11,-0.31,-0.03,-0.22,0.50,4.25,11.56
662.6437,282,189,25,27,5582.589,-0.59,-0.35,-0.69,0.21,-9.89,-1.26,-4.17,-0.41,0.13,0.10,0.50,4.25,11.56
662.6668,269,190,30,27,5582.61,-0.59,-0.35,-0.70,0.21,-10.49,-1.62,-3.23,-0.19,0.09,0.01,1.88,4.38,11.88
662.6888,269,190,30,27,5582.632,-0.59,-0.34,-0.70,0.21,-9.03,-0.83,-3.48,0.11,-0.39,-0.20,1.88,4.38,11.88
662.7098,263,189,31,28,5582.655,-0.60,-0.34,-0.69,0.22,-8.67,0.03,-3.60,0.30,-0.32,-0.17,1.88,4.38,11.88
662.7348,263,189,26,27,5582.68,-0.60,-0.34,-0.69,0.22,-9.32,1.07,-2.90,0.25,-0.06,-0.08,1.19,3.75,11.00
662.7578,263,189,26,27,5582.702,-0.60,-0.34,-0.69,0.22,-9.76,0.38,-2.75,0.21,-0.09,0.22,1.19,3.75,11.00
662.7798,265,189,25,27,5582.725,-0.60,-0.35,-0.69,0.22,-9.26,-0.55,-2.65,0.35,-0.23,0.15,1.56,3.75,9.75
662.8049,263,186,34,31,5582.749,-0.60,-0.35,-0.69,0.23,-8.91,-0.68,-2.93,0.54,-0.14,-0.08,1.56,3.75,9.75
662.8319,269,186,32,29,5582.772,-0.59,-0.35,-0.68,0.23,-9.26,0.13,-2.70,0.65,0.09,-0.08,2.00,3.75,10.19
662.8488,269,186,32,29,5582.792,-0.59,-0.36,-0.68,0.24,-9.94,0.53,-2.41,0.62,0.02,0.22,2.00,3.75,10.19
662.8708,275,186,32,29,5582.815,-0.59,-0.37,-0.68,0.24,-9.47,-0.18,-2.27,0.61,-0.12,0.43,1.69,4.50,9.00
662.8948,282,183,33,32,5582.839,-0.59,-0.37,-0.68,0.24,-9.37,-0.93,-2.70,0.74,-0.16,0.37,1.69,4.50,9.00
662.9158,282,183,33,32,5582.86,-0.59,-0.38,-0.67,0.25,-9.25,-0.53,-2.38,0.99,-0.08,0.12,0.75,4.06,7.38
662.9387,293,184,31,31,5582.882,-0.58,-0.38,-0.67,0.26,-9.49,1.19,-2.43,1.02,-0.05,0.06,0.75,4.06,7.38
662.9598,293,184,31,31,5582.905,-0.58,-0.39,-0.66,0.26,-9.63,0.97,-2.47,0.89,-0.08,0.39,0.75,4.06,7.38
662.9877,305,185,28,29,5582.927,-0.58,-0.40,-0.66,0.27,-9.82,-0.04,-2.54,0.96,-0.14,0.60,0.75,5.56,8.25
663.0112,320,186,24,26,5582.952,-0.58,-0.41,-0.65,0.27,-9.47,0.14,-2.22,1.24,-0.18,0.08,0.75,5.56,8.25
663.0297,333,184,28,32,5582.974,-0.57,-0.42,-0.65,0.28,-9.32,1.45,-2.56,1.30,-0.15,-0.17,0.50,4.06,6.56
663.0527,333,184,28,32,5582.997,-0.56,-0.43,-0.64,0.29,-9.61,2.86,-2.22,1.19,-0.05,-0.04,0.50,4.06,6.56
663.0748,349,186,27,29,5583.02,-0.56,-0.43,-0.64,0.30,-9.92,3.10,-1.65,0.96,-0.16,0.39,1.25,4.19,6.25
663.0978,364,188,25,25,5583.042,-0.56,-0.44,-0.63,0.30,-9.03,0.32,-2.33,0.79,-0.37,0.62,1.25,4.19,6.25
663.1188,364,188,25,25,5583.063,-0.56,-0.45,-0.62,0.31,-8.60,0.45,-1.72,1.14,-0.19,0.17,-0.19,3.06,8.56
663.1432,380,185,26,31,5583.087,-0.55,-0.45,-0.62,0.32,-8.96,2.40,-1.47,1.23,0.06,-0.34,-0.19,3.06,8.56
663.1648,394,186,28,32,5583.108,-0.55,-0.46,-0.62,0.32,-9.34,3.74,-1.53,0.99,0.17,-0.32,-0.19,3.06,8.56
663.1877,405,188,28,31,5583.132,-0.54,-0.46,-0.62,0.33,-10.09,3.90,-1.22,0.56,0.04,0.38,0.19,3.06,8.88
663.2097,405,188,28,31,5583.153,-0.54,-0.47,-0.61,0.33,-9.37,0.50,-1.39,0.45,-0.08,0.36,0.19,3.06,8.88
663.2328,417,189,27,30,5583.177,-0.54,-0.47,-0.61,0.33,-9.05,0.37,-1.76,0.66,-0.05,-0.04,-0.19,4.50,10.38
663.2568,425,191,29,31,5583.2,-0.54,-0.47,-0.61,0.34,-9.33,1.20,-1.55,0.58,0.16,-0.39,-0.19,4.50,10.38
663.2787,425,191,29,31,5583.222,-0.53,-0.48,-0.61,0.34,-10.36,0.98,-1.61,0.43,0.12,-0.16,-0.19,5.19,9.88
663.3027,425,191,29,31,5583.245,-0.53,-0.48,-0.61,0.35,-10.20,0.32,-2.30,0.34,-0.08,0.13,-0.19,5.19,9.88
663.3238,435,195,24,25,5583.267,-0.53,-0.48,-0.61,0.35,-10.54,-0.51,-2.91,0.41,-0.15,0.35,0.56,6.88,10.69
663.3469,440,193,29,30,5583.29,-0.53,-0.49,-0.60,0.35,-10.78,-1.16,-2.64,0.68,-0.13,0.31,0.56,6.88,10.69
663.371,452,195,24,26,5583.312,-0.53,-0.49,-0.60,0.35,-10.09,-1.40,-2.06,0.85,-0.33,0.20,0.19,8.69,10.00
663.3928,461,194,26,28,5583.335,-0.52,-0.50,-0.59,0.36,-9.45,-1.14,-2.13,0.99,-0.47,0.06,0.19,8.69,10.00
663.4138,461,194,26,28,5583.357,-0.52,-0.50,-0.58,0.37,-9.01,0.55,-2.23,1.13,-0.47,0.17,0.19,8.69,10.00
663.4368,474,194,24,27,5583.38,-0.52,-0.51,-0.57,0.38,-9.20,1.30,-2.10,1.07,-0.35,0.80,0.06,9.69,8.38
663.4589,474,194,24,27,5583.403,-0.52,-0.52,-0.56,0.38,-9.45,0.11,-1.34,1.11,-0.37,0.70,0.06,9.69,8.38
663.4886,488,193,23,27,5583.425,-0.52,-0.53,-0.55,0.39,-8.75,0.94,-1.29,1.07,-0.44,0.05,1.19,11.19,7.00
663.5096,501,194,25,26,5583.45,-0.51,-0.53,-0.55,0.40,-8.35,2.69,-1.61,0.91,-0.27,-0.24,1.19,11.19,7.00
663.5602,514,195,25,25,5583.472,-0.51,-0.53,-0.54,0.40,-8.54,3.66,-1.20,0.72,-0.20,0.09,1.06,10.06,4.00
663.6099,526,198,20,21,5583.495,-0.51,-0.54,-0.54,0.41,-9.00,3.16,-0.96,0.50,-0.18,0.46,1.06,10.06,4.00
663.6692,534,197,25,27,5583.517,-0.51,-0.54,-0.53,0.41,-8.14,0.81,-1.63,0.46,-0.23,0.57,1.56,12.00,2.50
663.6855,534,197,25,27,5583.54,-0.51,-0.55,-0.53,0.41,-8.28,0.82,-2.01,0.84,0.10,0.01,1.56,12.00,2.50
663.7247,554,204,22,23,5583.562,-0.50,-0.55,-0.52,0.41,-8.61,2.56,-1.23,0.90,0.25,-0.16,2.38,10.38,1.37
663.7451,568,210,24,24,5583.585,-0.49,-0.56,-0.52,0.42,-9.38,4.56,-1.50,0.88,0.25,0.09,2.38,10.38,1.37
663.7713,575,216,21,19,5583.605,-0.49,-0.56,-0.52,0.42,-9.77,5.48,-1.44,0.72,0.16,0.74,2.38,10.38,1.37
663.8141,575,216,19,19,5583.63,-0.49,-0.57,-0.51,0.42,-9.34,5.89,-1.83,0.68,-0.06,1.58,1.37,10.50,1.50
663.8305,575,216,19,19,5583.652,-0.49,-0.58,-0.50,0.41,-10.55,8.88,-1.01,0.37,-0.00,1.12,1.37,10.50,1.50
663.85,568,212,22,21,5583.675,-0.50,-0.59,-0.49,0.41,-10.66,9.25,-1.32,-0.24,-0.08,0.45,0.75,8.75,1.19
663.9083,560,207,23,24,5583.699,-0.50,-0.59,-0.49,0.41,-9.97,8.43,-1.29,-0.67,-0.10,-0.12,0.75,8.75,1.19
663.9308,552,205,21,22,5583.722,-0.51,-0.58,-0.49,0.40,-8.79,7.54,-0.73,-0.83,-0.08,-0.39,0.88,6.25,1.06
663.9811,538,198,22,28,5583.745,-0.51,-0.57,-0.50,0.40,-8.37,7.00,-0.91,-1.02,0.01,-0.51,0.88,6.25,1.06
663.9972,538,198,22,28,5583.765,-0.52,-0.56,-0.51,0.40,-8.08,5.84,-0.85,-1.33,0.16,-0.43,1.37,8.25,1.25
664.0249,526,194,10,23,5583.79,-0.52,-0.56,-0.52,0.39,-8.59,3.06,-1.37,-1.56,0.27,-0.41,1.37,8.25,1.25
664.0456,514,195,8,16,5583.81,-0.53,-0.55,-0.53,0.38,-8.77,1.50,-1.06,-1.43,0.30,-0.61,1.19,9.00,1.56
664.0621,0,0,0,0,5583.833,-0.53,-0.53,-0.54,0.38,-9.37,2.28,-1.60,-1.23,0.24,-0.69,1.19,9.00,1.56
664.0784,0,0,0,0,5583.855,-0.53,-0.52,-0.55,0.37,-9.34,3.09,-1.57,-1.25,0.28,-0.50,1.19,9.00,1.56
664.0949,0,0,0,0,5583.88,-0.54,-0.52,-0.56,0.36,-9.25,2.73,-1.82,-1.34,0.26,-0.22,1.19,10.19,3.19
664.1155,0,0,0,0,5583.902,-0.54,-0.51,-0.56,0.36,-9.23,1.84,-2.04,-1.42,0.20,-0.15,1.19,10.19,3.19
664.1345,0,0,0,0,5583.925,-0.55,-0.50,-0.57,0.34,-9.05,1.15,-1.90,-1.37,0.24,-0.29,2.25,10.50,4.75
664.151,0,0,0,0,5583.949,-0.55,-0.49,-0.58,0.34,-8.72,1.05,-1.59,-1.22,0.26,-0.37,2.25,10.50,4.75
664.1718,0,0,0,0,5583.972,-0.56,-0.48,-0.59,0.33,-8.12,2.20,-2.05,-1.04,0.38,-0.36,1.19,9.75,9.06
664.1888,0,0,0,0,5583.994,-0.56,-0.47,-0.60,0.32,-8.73,2.91,-1.70,-1.16,0.58,-0.29,1.19,9.75,9.06
664.2055,0,0,0,0,5584.015,-0.56,-0.47,-0.61,0.31,-8.60,3.39,-1.16,-1.29,0.57,-0.16,1.56,5.00,13.38
664.222,0,0,0,0,5584.039,-0.56,-0.46,-0.61,0.30,-8.24,2.86,-2.19,-1.65,0.57,-0.12,1.56,5.00,13.38
664.2386,0,0,0,0,5584.06,-0.57,-0.45,-0.62,0.29,-9.32,-0.28,-3.16,-1.54,0.83,-0.29,2.06,0.88,13.88
664.2555,0,0,0,0,5584.084,-0.57,-0.44,-0.64,0.28,-9.77,0.20,-2.81,-1.30,0.90,-0.47,2.06,0.88,13.88
664.2776,0,0,0,0,5584.105,-0.56,-0.43,-0.65,0.27,-9.69,1.28,-1.95,-1.19,0.58,-0.44,2.06,0.88,13.88
664.2974,0,0,0,0,5584.13,-0.57,-0.43,-0.65,0.26,-9.65,1.26,-3.98,-1.60,0.30,-0.10,1.06,-0.25,12.06
664.3138,0,0,0,0,5584.152,-0.57,-0.42,-0.66,0.25,-9.58,-1.09,-4.01,-1.54,0.36,-0.06,1.06,-0.25,12.06
664.3304,0,0,0,0,5584.175,-0.58,-0.41,-0.67,0.24,-10.06,-2.08,-3.92,-1.23,0.28,-0.18,-0.37,0.88,10.38
664.347,0,0,0,0,5584.199,-0.58,-0.40,-0.67,0.23,-10.07,-1.29,-3.87,-0.78,-0.02,-0.45,-0.37,0.88,10.38
664.3635,0,0,0,0,5584.222,-0.58,-0.39,-0.68,0.23,-10.26,-0.67,-4.51,-0.74,-0.07,-0.33,-0.75,4.19,9.00
664.3852,0,0,0,0,5584.244,-0.58,-0.38,-0.68,0.22,-10.00,-1.21,-4.08,-0.68,-0.07,-0.09,-0.75,4.19,9.00
664.4017,0,0,0,0,5584.267,-0.59,-0.38,-0.68,0.22,-9.54,-1.62,-3.27,-0.43,-0.18,-0.01,-1.25,5.56,10.50
664.4182,0,0,0,0,5584.289,-0.59,-0.38,-0.68,0.22,-9.13,-0.22,-3.45,-0.08,-0.18,-0.18,-1.25,5.56,10.50
664.4433,0,0,0,0,5584.312,-0.59,-0.38,-0.68,0.22,-9.60,0.26,-3.31,-0.05,-0.05,-0.23,-0.88,4.88,9.56
664.4597,0,0,0,0,5584.334,-0.59,-0.37,-0.68,0.22,-9.94,-0.28,-3.42,-0.02,0.01,-0.29,-0.88,4.88,9.56
664.4761,0,0,0,0,5584.357,-0.59,-0.37,-0.68,0.23,-10.52,-0.24,-2.86,0.15,-0.06,-0.42,-0.88,4.88,9.56
664.493,0,0,0,0,5584.379,-0.59,-0.37,-0.68,0.23,-10.02,1.28,-2.71,0.23,-0.37,-0.31,-1.56,5.06,8.75
664.5092,0,0,0,0,5584.402,-0.59,-0.37,-0.68,0.24,-9.46,0.86,-2.34,0.20,-0.38,-0.11,-1.56,5.06,8.75
664.5261,0,0,0,0,5584.424,-0.59,-0.37,-0.68,0.24,-9.00,0.46,-1.95,0.24,-0.28,-0.05,-0.50,4.69,10.69
664.5424,0,0,0,0,5584.449,-0.59,-0.37,-0.67,0.24,-8.81,0.78,-1.76,0.35,-0.06,-0.26,-0.50,4.69,10.69
664.5634,0,0,0,0,5584.472,-0.59,-0.37,-0.67,0.25,-9.80,1.69,-1.16,0.30,0.01,-0.29,-0.50,5.88,10.69
664.5825,0,0,0,0,5584.494,-0.59,-0.37,-0.67,0.25,-9.52,1.88,-0.93,0.12,-0.17,-0.13,-0.50,5.88,10.69
664.601,0,0,0,0,5584.517,-0.59,-0.37,-0.67,0.25,-9.37,1.11,-1.36,-0.04,-0.31,0.19,-0.37,7.00,9.50
664.6224,0,0,0,0,5584.539,-0.59,-0.37,-0.67,0.25,-9.18,0.47,-1.39,0.05,-0.13,0.28,-0.37,7.00,9.50
664.6398,0,0,0,0,5584.562,-0.59,-0.37,-0.67,0.25,-9.57,0.92,-1.19,0.18,-0.06,0.13,0.25,6.19,8.69
664.6554,0,0,0,0,5584.584,-0.59,-0.37,-0.67,0.25,-9.68,1.30,-1.54,0.23,-0.02,-0.05,0.25,6.19,8.69
664.6724,0,0,0,0,5584.605,-0.59,-0.37,-0.67,0.25,-9.73,1.91,-1.17,0.17,-0.05,-0.14,0.25,6.19,8.69
664.6895,0,0,0,0,5584.629,-0.59,-0.37,-0.67,0.26,-9.54,2.12,-1.37,0.01,-0.13,0.21,0.25,5.75,9.38
664.7098,0,0,0,0,5584.65,-0.59,-0.37,-0.66,0.25,-9.11,1.02,-1.34,0.03,-0.08,0.26,0.25,5.75,9.38
664.7328,0,0,0,0,5584.674,-0.60,-0.38,-0.66,0.25,-9.03,0.71,-1.59,0.13,0.03,0.03,0.00,6.50,8.19
664.7596,0,0,0,0,5584.697,-0.59,-0.38,-0.66,0.26,-9.55,1.21,-1.76,0.23,0.15,-0.11,0.00,6.50,8.19
664.78,0,0,0,0,5584.719,-0.59,-0.38,-0.66,0.26,-9.73,1.34,-1.40,0.10,0.06,0.04,-0.69,6.19,9.38
664.801,0,0,0,0,5584.742,-0.59,-0.38,-0.66,0.26,-9.38,0.34,-2.30,0.17,0.03,0.18,-0.69,6.19,9.38
664.8219,0,0,0,0,5584.762,-0.59,-0.38,-0.66,0.26,-9.90,0.98,-1.94,0.39,0.16,0.07,0.06,5.75,9.38
664.8468,0,0,0,0,5584.787,-0.59,-0.39,-0.66,0.26,-10.03,2.15,-1.42,0.36,0.13,-0.15,0.06,5.75,9.38
664.8677,0,0,0,0,5584.809,-0.59,-0.39,-0.66,0.26,-9.64,2.64,-1.46,-0.08,-0.02,0.03,-0.69,6.19,9.38
664.8908,0,0,0,0,5584.832,-0.59,-0.39,-0.66,0.26,-9.49,0.62,-1.90,-0.19,0.07,0.26,-0.69,6.19,9.38
664.9153,0,0,0,0,5584.852,-0.59,-0.39,-0.66,0.26,-9.81,-0.14,-1.82,0.03,0.16,0.13,-0.69,6.19,9.38
664.9368,0,0,0,0,5584.877,-0.58,-0.39,-0.66,0.26,-10.26,1.13,-1.19,0.26,0.10,-0.27,-0.69,6.50,9.75
664.9587,0,0,0,0,5584.9,-0.58,-0.39,-0.66,0.26,-10.05,2.86,-1.56,0.12,-0.11,-0.21,-0.69,6.50,9.75
664.9818,0,0,0,0,5584.922,-0.58,-0.39,-0.66,0.26,-9.84,2.41,-1.63,-0.13,-0.11,0.10,-0.69,5.75,9.75
665.0068,0,0,0,0,5584.947,-0.59,-0.39,-0.66,0.26,-9.73,1.06,-1.49,-0.21,-0.13,0.28,-0.69,5.75,9.75
665.0287,0,0,0,0,5584.969,-0.59,-0.39,-0.66,0.26,-9.47,0.44,-1.45,-0.03,-0.21,0.03,-1.06,6.19,8.69
665.0508,0,0,0,0,5584.992,-0.59,-0.38,-0.66,0.26,-9.29,1.04,-1.44,0.10,-0.20,-0.21,-1.06,6.19,8.69
665.0723,0,0,0,0,5585.012,-0.59,-0.38,-0.66,0.26,-9.31,1.59,-1.43,0.07,-0.12,-0.19,-0.69,6.19,9.75
665.0967,0,0,0,0,5585.037,-0.59,-0.38,-0.66,0.27,-9.27,1.26,-1.41,-0.00,-0.05,-0.03,-0.69,6.19,9.75
665.1177,0,0,0,0,5585.059,-0.59,-0.38,-0.66,0.27,-9.33,1.02,-1.53,0.01,-0.06,0.06,0.06,5.75,9.00
665.1398,0,0,0,0,5585.08,-0.59,-0.38,-0.66,0.27,-9.41,1.15,-1.57,0.02,-0.09,0.04,0.06,5.75,9.00
665.1608,0,0,0,0,5585.1,-0.59,-0.38,-0.66,0.27,-9.31,1.50,-1.80,0.04,-0.07,-0.04,0.06,5.75,9.00
665.1848,0,0,0,0,5585.125,-0.59,-0.38,-0.66,0.27,-9.45,1.59,-1.61,0.02,0.03,-0.07,-0.25,6.19,9.00
665.2078,0,0,0,0,5585.149,-0.59,-0.38,-0.66,0.27,-9.48,1.45,-1.32,-0.03,0.02,0.00,-0.25,6.19,9.00
665.2308,0,0,0,0,5585.17,-0.59,-0.38,-0.66,0.27,-9.44,1.01,-1.46,-0.06,0.01,0.05,0.06,6.19,9.00
665.2548,0,0,0,0,5585.195,-0.59,-0.38,-0.66,0.27,-9.44,0.77,-1.52,-0.03,0.03,0.05,0.06,6.19,9.00
665.2768,0,0,0,0,5585.217,-0.59,-0.38,-0.66,0.27,-9.57,0.80,-1.56,0.06,0.05,-0.02,0.37,6.50,7.38
665.2988,0,0,0,0,5585.24,-0.59,-0.38,-0.66,0.27,-9.81,1.31,-1.34,0.04,0.06,-0.03,0.37,6.50,7.38
665.3228,0,0,0,0,5585.262,-0.59,-0.38,-0.66,0.27,-9.75,1.28,-1.35,0.01,0.00,0.01,0.06,6.50,7.75
665.3458,0,0,0,0,5585.287,-0.59,-0.38,-0.66,0.27,-9.64,1.20,-1.50,0.01,-0.01,0.04,0.06,6.50,7.75
665.3678,0,0,0,0,5585.307,-0.59,-0.38,-0.66,0.27,-9.63,1.20,-1.41,0.02,0.02,-0.00,-0.69,6.19,7.00
665.3898,0,0,0,0,5585.33,-0.59,-0.38,-0.66,0.27,-9.62,1.04,-1.29,0.05,0.01,-0.03,-0.69,6.19,7.00
665.4111,0,0,0,0,5585.35,-0.59,-0.38,-0.66,0.27,-9.62,1.59,-1.32,0.03,0.01,-0.03,-0.69,6.19,7.00
665.4348,0,0,0,0,5585.375,-0.59,-0.38,-0.66,0.27,-9.68,1.39,-1.37,-0.03,0.03,0.04,-0.25,5.75,8.19
665.4588,0,0,0,0,5585.397,-0.59,-0.38,-0.66,0.27,-9.71,1.05,-1.35,-0.02,0.01,-0.02,-0.25,5.75,8.19
665.4808,0,0,0,0,5585.42,-0.59,-0.38,-0.66,0.27,-9.65,0.99,-1.45,0.03,-0.01,-0.10,0.06,5.38,7.38
665.5038,0,0,0,0,5585.444,-0.59,-0.38,-0.66,0.27,-9.58,1.29,-1.50,0.03,-0.01,-0.08,0.06,5.38,7.38
665.5278,0,0,0,0,5585.467,-0.59,-0.38,-0.66,0.27,-9.62,1.31,-1.46,-0.02,0.00,0.04,-0.25,5.75,8.19
665.5662,0,0,0,0,5585.489,-0.59,-0.38,-0.66,0.27,-9.67,1.13,-1.58,-0.01,-0.01,0.01,-0.25,5.75,8.19
665.5892,0,0,0,0,5585.51,-0.59,-0.38,-0.66,0.27,-9.79,1.49,-1.70,-0.01,-0.01,-0.03,1.56,5.75,6.25
665.6116,0,0,0,0,5585.534,-0.59,-0.38,-0.66,0.27,-9.83,1.49,-1.74,-0.03,-0.03,0.03,1.56,5.75,6.25
665.6302,0,0,0,0,5585.557,-0.59,-0.38,-0.66,0.27,-9.50,1.17,-1.73,-0.03,-0.07,0.02,0.37,5.38,7.75
665.6467,0,0,0,0,5585.58,-0.59,-0.38,-0.66,0.27,-9.46,1.03,-1.98,0.01,-0.02,-0.01,0.37,5.38,7.75
665.6634,0,0,0,0,5585.6,-0.59,-0.38,-0.66,0.27,-9.39,0.95,-1.77,0.04,-0.02,-0.08,0.37,5.38,7.75
665.6827,0,0,0,0,5585.623,-0.59,-0.38,-0.66,0.27,-9.38,1.13,-1.71,0.08,-0.06,-0.08,0.75,6.50,7.38
665.7072,0,0,0,0,5585.647,-0.59,-0.38,-0.66,0.27,-9.24,1.30,-1.59,0.06,-0.07,0.07,0.75,6.50,7.38
665.7288,0,0,0,0,5585.668,-0.59,-0.38,-0.66,0.27,-9.10,0.80,-1.41,0.08,-0.05,0.13,0.37,6.19,7.00
665.7508,0,0,0,0,5585.69,-0.59,-0.39,-0.66,0.27,-9.12,1.15,-1.36,0.13,0.00,0.04,0.37,6.19,7.00
665.7728,0,0,0,0,5585.713,-0.59,-0.39,-0.66,0.27,-9.52,1.67,-1.37,0.11,0.04,0.02,0.06,6.50,7.75
665.7968,0,0,0,0,5585.735,-0.59,-0.39,-0.66,0.27,-9.70,1.76,-1.38,0.06,0.03,0.09,0.06,6.50,7.75
