1059.377,371,181,33,30,5976.862,-0.56,-0.47,-0.58,0.36,-9.69,1.08,-1.20,0.00,-0.03,-0.03,34.75,-9.38,-2.50
1059.391,371,181,33,30,5976.883,-0.56,-0.47,-0.58,0.36,-9.71,1.09,-1.17,0.02,-0.03,-0.03,35.19,-9.38,-2.75
1059.42,370,181,34,30,5976.907,-0.56,-0.47,-0.58,0.36,-9.74,1.10,-1.23,0.02,-0.05,-0.05,35.19,-9.38,-2.75
1059.439,369,181,35,31,5976.928,-0.56,-0.47,-0.58,0.36,-9.65,1.08,-1.19,0.02,-0.05,-0.04,35.19,-9.38,-2.75
1059.457,369,181,34,31,5976.952,-0.56,-0.47,-0.58,0.36,-9.60,1.10,-1.23,0.04,-0.02,-0.04,35.19,-9.38,-2.50
1059.474,369,181,34,31,5976.973,-0.56,-0.47,-0.58,0.36,-9.76,1.14,-1.22,0.04,-0.01,-0.03,35.19,-9.38,-2.50
1059.493,369,180,35,31,5976.997,-0.56,-0.47,-0.58,0.36,-9.73,1.11,-1.21,0.03,-0.02,-0.01,34.38,-8.38,-2.75
1059.509,369,180,35,31,5977.02,-0.56,-0.47,-0.58,0.36,-9.73,0.91,-1.30,0.04,-0.01,-0.02,34.38,-8.38,-2.75
1059.528,368,180,34,31,5977.042,-0.56,-0.47,-0.58,0.36,-9.72,1.07,-1.14,0.06,-0.01,-0.03,34.00,-10.19,-3.19
1059.545,368,180,34,31,5977.065,-0.55,-0.47,-0.58,0.36,-9.74,1.06,-1.19,0.07,-0.02,-0.01,34.00,-10.19,-3.19
1059.573,369,180,34,31,5977.085,-0.55,-0.47,-0.58,0.36,-9.71,1.06,-1.16,0.08,-0.05,-0.00,34.75,-8.75,-2.50
1059.59,369,180,34,31,5977.11,-0.55,-0.47,-0.58,0.36,-9.72,1.15,-1.44,0.09,-0.01,0.03,34.75,-8.75,-2.50
1059.613,369,180,34,30,5977.133,-0.55,-0.47,-0.58,0.36,-9.68,0.90,-0.98,0.06,-0.02,0.02,34.75,-9.38,-2.75
1059.634,369,179,34,32,5977.155,-0.55,-0.47,-0.58,0.36,-9.64,1.17,-1.30,0.07,-0.02,-0.00,34.75,-9.38,-2.75
1059.65,369,179,34,32,5977.176,-0.55,-0.48,-0.58,0.36,-9.66,1.15,-1.22,0.06,-0.01,0.02,34.75,-9.38,-2.75
1059.672,371,180,33,30,5977.2,-0.55,-0.48,-0.58,0.36,-9.71,1.00,-1.15,0.05,0.01,0.02,34.75,-9.06,-2.50
1059.688,371,180,33,30,5977.223,-0.55,-0.48,-0.58,0.37,-9.76,1.15,-1.18,0.05,-0.01,0.01,34.75,-9.06,-2.50
1059.709,369,180,34,30,5977.243,-0.55,-0.48,-0.58,0.37,-9.72,1.21,-1.33,0.04,0.01,0.03,35.19,-9.38,-3.19
1059.738,369,180,34,31,5977.268,-0.55,-0.48,-0.58,0.36,-9.68,0.96,-1.19,0.02,0.04,0.02,35.19,-9.38,-3.19
1059.754,369,180,34,31,5977.288,-0.55,-0.48,-0.58,0.36,-9.64,1.22,-1.31,0.03,0.02,-0.01,33.69,-9.75,-2.50
1059.777,368,179,34,31,5977.311,-0.55,-0.48,-0.58,0.36,-9.74,0.96,-1.27,0.01,0.01,0.02,33.69,-9.75,-2.50
1059.8,367,179,34,31,5977.333,-0.55,-0.48,-0.58,0.36,-9.71,0.91,-1.26,0.04,0.02,0.01,34.75,-9.75,-2.00
1059.817,367,179,34,31,5977.356,-0.55,-0.48,-0.58,0.36,-9.79,1.04,-1.30,0.06,0.02,0.02,34.75,-9.75,-2.00
1059.837,365,178,34,31,5977.378,-0.55,-0.48,-0.58,0.37,-9.72,1.04,-1.29,0.05,0.00,0.03,34.75,-9.75,-2.00
1059.858,364,178,34,31,5977.401,-0.55,-0.48,-0.58,0.37,-9.67,1.07,-1.37,0.05,0.01,0.02,34.75,-9.38,-3.19
1059.874,364,178,34,31,5977.423,-0.55,-0.48,-0.58,0.37,-9.72,1.14,-1.18,0.05,0.02,0.01,34.75,-9.38,-3.19
1059.902,363,178,34,31,5977.446,-0.55,-0.48,-0.58,0.37,-9.75,1.13,-1.17,0.06,0.02,0.01,34.38,-10.19,-2.50
1059.919,363,178,34,31,5977.468,-0.55,-0.48,-0.58,0.37,-9.76,1.20,-1.16,0.06,0.00,0.01,34.38,-10.19,-2.50
1059.938,362,178,34,30,5977.491,-0.55,-0.48,-0.58,0.37,-9.70,1.13,-1.24,0.02,-0.01,0.02,34.75,-9.06,-2.75
1059.954,362,178,34,30,5977.513,-0.55,-0.48,-0.58,0.37,-9.68,1.20,-1.42,0.02,0.01,-0.00,34.75,-9.06,-2.75
1059.972,361,178,35,30,5977.534,-0.55,-0.48,-0.58,0.37,-9.68,1.24,-1.31,0.04,0.02,0.00,34.38,-9.38,-3.56
1059.989,361,178,35,30,5977.559,-0.55,-0.48,-0.58,0.37,-9.78,1.10,-1.23,-0.00,0.01,0.01,34.38,-9.38,-3.56
1060.008,361,177,34,31,5977.581,-0.55,-0.48,-0.58,0.37,-9.70,0.97,-1.25,0.01,-0.00,0.00,34.38,-9.75,-2.50
1060.024,361,177,34,31,5977.602,-0.55,-0.48,-0.58,0.37,-9.73,1.12,-1.37,0.00,-0.01,0.01,34.38,-9.75,-2.50
1060.046,361,178,33,29,5977.624,-0.55,-0.48,-0.58,0.37,-9.66,1.17,-1.30,-0.00,-0.01,0.01,34.38,-9.75,-2.50
1060.075,361,177,33,31,5977.647,-0.55,-0.48,-0.58,0.37,-9.69,1.21,-1.25,-0.01,0.00,0.02,34.75,-9.06,-2.75
1060.092,361,177,33,31,5977.671,-0.55,-0.48,-0.58,0.37,-9.78,1.21,-1.25,-0.02,-0.00,-0.00,34.75,-9.06,-2.75
1060.113,360,177,33,31,5977.694,-0.55,-0.48,-0.58,0.37,-9.77,1.16,-1.31,-0.01,0.00,0.00,34.75,-9.06,-3.56
1060.136,358,176,34,31,5977.716,-0.55,-0.48,-0.58,0.37,-9.76,1.09,-1.26,-0.01,0.00,-0.00,34.75,-9.06,-3.56
1060.152,358,176,34,31,5977.741,-0.55,-0.48,-0.58,0.37,-9.73,1.12,-1.21,-0.01,-0.01,-0.00,34.38,-9.38,-3.56
1060.182,356,175,35,32,5977.761,-0.55,-0.48,-0.58,0.37,-9.66,0.98,-1.24,-0.02,-0.02,0.01,34.38,-9.38,-3.56
1060.205,355,175,35,31,5977.786,-0.55,-0.48,-0.58,0.37,-9.64,0.95,-1.29,-0.01,-0.01,-0.01,35.19,-9.38,-3.19
1060.231,353,173,36,33,5977.81,-0.55,-0.48,-0.58,0.37,-9.76,1.04,-1.28,0.01,-0.01,-0.00,35.19,-9.38,-3.19
1060.25,353,173,36,33,5977.831,-0.55,-0.48,-0.58,0.37,-9.69,1.09,-1.17,0.00,-0.02,0.02,35.19,-9.38,-2.50
1060.271,352,172,37,33,5977.853,-0.55,-0.48,-0.58,0.37,-9.68,1.09,-1.29,0.00,-0.01,0.01,35.19,-9.38,-2.50
1060.287,352,172,37,33,5977.876,-0.55,-0.48,-0.58,0.37,-9.72,1.13,-1.15,-0.00,-0.00,0.00,35.19,-9.38,-2.50
1060.304,351,169,38,34,5977.901,-0.55,-0.48,-0.58,0.37,-9.68,1.16,-1.15,-0.01,-0.01,0.01,34.75,-9.38,-2.00
1060.321,351,169,38,34,5977.921,-0.55,-0.48,-0.58,0.37,-9.66,1.13,-1.19,0.00,0.00,0.01,34.75,-9.38,-2.00
1060.338,352,167,38,35,5977.946,-0.55,-0.48,-0.58,0.37,-9.73,1.21,-1.22,0.00,0.02,0.00,34.75,-9.38,-2.00
1060.354,352,167,38,35,5977.968,-0.55,-0.48,-0.58,0.37,-9.79,1.19,-1.21,-0.01,0.01,0.01,34.75,-9.38,-2.00
1060.375,352,164,38,36,5977.991,-0.55,-0.48,-0.58,0.37,-9.73,1.07,-1.21,-0.01,0.00,-0.00,35.50,-9.75,-3.19
1060.398,352,164,38,36,5978.013,-0.55,-0.48,-0.58,0.37,-9.74,1.13,-1.28,-0.01,0.00,-0.00,35.50,-9.75,-3.19
1060.423,351,162,40,36,5978.038,-0.55,-0.48,-0.58,0.37,-9.80,1.15,-1.27,-0.01,-0.01,-0.01,34.38,-9.38,-2.75
1060.446,351,160,40,37,5978.06,-0.55,-0.48,-0.58,0.37,-9.76,1.07,-1.28,-0.01,-0.01,0.00,34.38,-9.38,-2.75
1060.466,350,157,43,39,5978.083,-0.55,-0.48,-0.58,0.37,-9.79,1.09,-1.18,0.01,-0.00,-0.01,35.19,-9.06,-3.56
1060.481,350,157,43,39,5978.105,-0.55,-0.48,-0.58,0.37,-9.74,1.17,-1.30,0.00,-0.01,-0.01,35.19,-9.06,-3.56
1060.502,350,154,45,41,5978.13,-0.55,-0.48,-0.58,0.37,-9.66,1.10,-1.17,-0.00,-0.02,0.00,34.00,-9.75,-2.50
1060.518,350,154,45,41,5978.15,-0.55,-0.48,-0.58,0.37,-9.67,1.13,-1.26,-0.00,-0.01,-0.01,34.00,-9.75,-2.50
1060.542,350,150,46,45,5978.173,-0.55,-0.48,-0.58,0.37,-9.66,1.13,-1.16,-0.00,-0.00,-0.01,34.00,-9.75,-2.50
1060.574,350,149,47,45,5978.198,-0.55,-0.48,-0.58,0.37,-9.64,1.16,-1.15,-0.01,0.00,-0.01,35.19,-9.38,-2.75
1060.59,350,149,47,45,5978.22,-0.55,-0.48,-0.58,0.37,-9.67,1.01,-1.20,-0.01,0.02,0.02,35.19,-9.38,-2.75
1060.613,352,149,47,45,5978.243,-0.55,-0.48,-0.58,0.37,-9.78,1.15,-1.29,0.00,0.02,0.00,34.38,-9.75,-2.50
1060.636,353,147,50,48,5978.267,-0.55,-0.48,-0.58,0.37,-9.80,1.11,-1.29,0.00,0.02,0.00,34.38,-9.75,-2.50
1060.652,353,147,50,48,5978.29,-0.55,-0.48,-0.58,0.37,-9.70,1.13,-1.28,0.01,-0.00,-0.00,35.50,-9.75,-2.50
1060.669,353,147,50,48,5978.312,-0.55,-0.48,-0.58,0.37,-9.68,1.11,-1.18,0.00,0.01,0.00,35.50,-9.75,-2.50
1060.691,353,147,53,50,5978.333,-0.55,-0.48,-0.58,0.36,-9.60,1.07,-1.16,-0.01,0.01,0.03,35.88,-9.06,-2.75
1060.712,353,148,55,52,5978.357,-0.55,-0.48,-0.58,0.36,-9.62,1.10,-1.29,-0.01,0.02,0.03,35.88,-9.06,-2.75
1060.733,353,148,55,52,5978.38,-0.55,-0.48,-0.58,0.36,-9.78,1.21,-1.26,0.00,0.02,0.02,34.75,-9.06,-1.25
1060.753,354,149,56,53,5978.402,-0.55,-0.48,-0.58,0.36,-9.91,1.17,-1.32,0.01,0.02,0.01,34.75,-9.06,-1.25
1060.77,353,150,55,53,5978.425,-0.55,-0.48,-0.58,0.36,-9.87,1.22,-1.39,0.02,0.01,-0.00,34.75,-9.06,-1.25
1060.786,353,150,55,53,5978.447,-0.55,-0.48,-0.58,0.36,-9.90,1.17,-1.37,0.01,-0.01,0.00,34.75,-10.19,-3.19
1060.806,351,150,55,52,5978.47,-0.55,-0.48,-0.58,0.36,-9.80,0.99,-1.26,0.00,-0.04,-0.01,34.75,-10.19,-3.19
1060.822,351,150,55,52,5978.492,-0.55,-0.48,-0.57,0.36,-9.65,1.01,-1.32,0.02,-0.05,0.00,35.19,-9.06,-2.50
1060.842,351,149,53,52,5978.517,-0.55,-0.48,-0.57,0.36,-9.76,1.20,-1.33,0.03,-0.04,-0.01,35.19,-9.06,-2.50
1060.861,352,150,49,48,5978.54,-0.55,-0.48,-0.57,0.37,-9.86,1.28,-1.15,0.02,-0.03,0.00,35.19,-10.19,-2.06
1060.888,352,150,49,48,5978.562,-0.55,-0.48,-0.57,0.37,-9.80,1.28,-1.18,-0.01,-0.06,0.01,35.19,-10.19,-2.06
1060.922,354,153,43,42,5978.585,-0.55,-0.48,-0.57,0.37,-9.63,1.19,-1.07,-0.02,-0.07,0.01,34.38,-10.19,-2.75
1060.951,351,151,46,44,5978.607,-0.55,-0.48,-0.57,0.37,-9.56,1.24,-1.16,-0.03,-0.05,-0.02,34.38,-10.19,-2.75
1060.974,354,153,40,39,5978.63,-0.55,-0.48,-0.57,0.37,-9.61,1.23,-1.16,-0.04,-0.01,-0.01,34.75,-9.38,-3.19
1060.991,354,153,40,39,5978.652,-0.55,-0.48,-0.57,0.37,-9.80,1.09,-1.29,-0.05,0.00,0.01,34.75,-9.38,-3.19
1061.012,357,156,35,33,5978.675,-0.55,-0.48,-0.57,0.37,-9.89,1.21,-1.23,-0.03,-0.00,-0.02,34.75,-9.38,-3.19
1061.028,357,156,35,33,5978.697,-0.55,-0.48,-0.57,0.37,-9.90,1.20,-1.13,-0.05,-0.04,-0.01,33.25,-9.06,-2.75
1061.048,355,156,38,34,5978.72,-0.55,-0.48,-0.57,0.37,-9.77,0.97,-1.16,-0.05,-0.05,-0.00,33.25,-9.06,-2.75
1061.071,355,156,38,34,5978.742,-0.56,-0.48,-0.57,0.37,-9.62,1.09,-1.25,-0.04,-0.06,-0.01,35.88,-9.06,-2.75
1061.094,356,157,36,32,5978.767,-0.56,-0.48,-0.57,0.37,-9.61,1.12,-1.18,-0.03,-0.04,0.02,35.88,-9.06,-2.75
1061.118,356,159,34,30,5978.789,-0.56,-0.48,-0.57,0.37,-9.47,1.09,-1.03,-0.02,-0.04,0.00,35.50,-9.75,-3.56
1061.141,358,162,30,27,5978.812,-0.56,-0.48,-0.57,0.37,-9.59,0.97,-0.95,-0.02,-0.01,0.01,35.50,-9.75,-3.56
1061.159,358,162,30,27,5978.832,-0.56,-0.48,-0.57,0.37,-9.68,0.92,-0.87,-0.03,0.01,0.04,35.50,-8.38,-2.75
1061.179,357,163,31,26,5978.857,-0.56,-0.48,-0.57,0.37,-9.71,1.21,-1.13,-0.02,-0.01,0.03,35.50,-8.38,-2.75
1061.198,358,163,30,28,5978.88,-0.56,-0.48,-0.57,0.36,-9.87,1.34,-1.16,-0.02,0.01,0.02,34.75,-9.75,-3.19
1061.22,358,163,30,28,5978.902,-0.56,-0.48,-0.57,0.36,-10.02,1.41,-1.19,-0.02,0.00,-0.01,34.75,-9.75,-3.19
1061.237,359,166,29,26,5978.925,-0.56,-0.48,-0.57,0.36,-9.95,1.35,-1.11,-0.03,-0.03,-0.02,34.75,-9.75,-3.19
1061.253,359,166,29,26,5978.947,-0.56,-0.48,-0.57,0.36,-9.85,1.32,-1.13,-0.03,-0.04,-0.07,35.50,-8.75,-2.06
1061.274,360,169,26,25,5978.97,-0.56,-0.48,-0.57,0.36,-9.74,1.16,-1.14,-0.03,-0.01,-0.06,35.50,-8.75,-2.06
1061.294,361,171,27,25,5978.99,-0.56,-0.48,-0.57,0.37,-9.68,1.19,-1.27,0.01,-0.01,-0.10,34.75,-9.75,-2.75
1061.312,361,171,27,25,5979.015,-0.56,-0.48,-0.57,0.37,-9.71,1.22,-1.29,0.04,0.02,-0.11,34.75,-9.75,-2.75
1061.33,361,174,26,24,5979.037,-0.56,-0.48,-0.57,0.37,-9.78,1.24,-1.25,0.05,0.02,-0.11,35.88,-8.75,-3.25
1061.347,361,174,26,24,5979.06,-0.56,-0.48,-0.58,0.37,-9.69,1.08,-1.29,0.06,0.02,-0.08,35.88,-8.75,-3.25
1061.363,361,174,26,24,5979.08,-0.55,-0.48,-0.58,0.37,-9.56,1.00,-1.34,0.08,0.03,-0.10,34.75,-9.38,-3.25
1061.389,360,177,26,23,5979.105,-0.55,-0.48,-0.58,0.37,-9.61,1.05,-1.31,0.13,0.07,-0.11,34.75,-9.38,-3.25
1061.405,360,177,26,23,5979.125,-0.55,-0.48,-0.58,0.37,-9.75,1.03,-1.08,0.15,0.07,-0.10,35.19,-8.00,-2.75
1061.424,361,178,25,23,5979.148,-0.55,-0.48,-0.58,0.37,-9.81,1.09,-1.53,0.17,0.08,-0.08,35.19,-8.00,-2.75
1061.441,360,179,26,23,5979.17,-0.55,-0.48,-0.58,0.37,-10.38,0.95,-0.86,0.24,0.03,-0.00,35.19,-8.00,-2.75
1061.458,360,179,26,23,5979.195,-0.55,-0.48,-0.57,0.37,-10.02,1.28,-0.77,0.27,-0.13,0.03,36.69,-8.38,-4.38
1061.476,361,181,24,21,5979.217,-0.55,-0.48,-0.57,0.38,-9.68,1.02,-0.71,0.22,-0.21,0.07,36.69,-8.38,-4.38
1061.493,361,181,24,21,5979.24,-0.55,-0.48,-0.57,0.38,-9.17,0.69,-0.14,0.22,-0.17,0.08,36.25,-7.56,-3.56
1061.513,360,182,24,21,5979.265,-0.55,-0.48,-0.57,0.38,-9.52,0.54,-0.05,0.20,-0.04,0.10,36.25,-7.56,-3.56
1061.536,360,182,24,21,5979.287,-0.55,-0.48,-0.57,0.38,-9.87,0.62,0.08,0.16,0.04,0.17,36.25,-6.88,-5.19
1061.558,359,183,24,21,5979.308,-0.55,-0.49,-0.57,0.38,-9.80,0.53,0.16,0.10,0.03,0.20,36.25,-6.88,-5.19
1061.58,359,184,24,21,5979.33,-0.55,-0.49,-0.56,0.38,-9.65,0.47,-0.01,0.04,0.03,0.11,35.50,-8.00,-3.56
1061.602,360,184,23,21,5979.353,-0.55,-0.49,-0.56,0.38,-9.68,0.46,-0.16,-0.01,0.13,0.01,35.50,-8.00,-3.56
1061.618,360,184,23,21,5979.375,-0.55,-0.49,-0.56,0.38,-9.83,0.29,-0.16,-0.02,0.18,-0.04,35.50,-8.00,-3.56
1061.639,359,185,23,20,5979.398,-0.55,-0.49,-0.57,0.38,-9.84,0.95,-1.03,-0.04,0.10,-0.11,35.19,-8.38,-2.75
1061.655,359,185,23,20,5979.42,-0.55,-0.48,-0.57,0.38,-9.92,0.73,-1.21,-0.05,0.10,-0.02,35.19,-8.38,-2.75
1061.677,359,186,23,20,5979.443,-0.55,-0.48,-0.57,0.38,-10.09,0.67,-1.12,-0.02,0.13,-0.02,35.88,-8.38,-1.56
1061.706,359,188,23,19,5979.467,-0.54,-0.49,-0.57,0.38,-10.18,0.46,-1.53,-0.01,0.10,-0.12,35.88,-8.38,-1.56
1061.722,359,188,23,19,5979.49,-0.54,-0.48,-0.57,0.38,-9.95,0.89,-1.19,-0.04,0.02,-0.05,36.69,-9.38,-2.50
1061.739,359,188,23,19,5979.514,-0.54,-0.48,-0.57,0.38,-10.25,0.58,-1.14,-0.05,0.01,0.10,36.69,-9.38,-2.50
1061.759,359,187,23,21,5979.537,-0.55,-0.48,-0.57,0.38,-10.11,0.39,-1.21,-0.12,-0.13,0.08,36.25,-9.38,-2.06
1061.78,359,189,22,19,5979.559,-0.55,-0.48,-0.57,0.38,-9.78,1.01,-0.84,0.04,-0.11,-0.02,36.25,-9.38,-2.06
1061.796,359,189,22,19,5979.58,-0.55,-0.48,-0.57,0.38,-9.63,1.54,-0.76,0.04,-0.07,-0.06,37.38,-10.19,-0.06
1061.815,359,188,22,20,5979.604,-0.55,-0.48,-0.57,0.38,-9.17,1.25,-0.87,-0.07,0.00,0.03,37.38,-10.19,-0.06
1061.831,359,188,22,20,5979.625,-0.55,-0.48,-0.57,0.38,-9.43,0.78,-0.82,-0.15,0.09,0.13,38.50,-10.88,1.06
1061.856,359,188,22,20,5979.648,-0.55,-0.48,-0.57,0.38,-9.46,0.56,-0.92,-0.17,0.09,0.01,38.50,-10.88,1.06
1061.872,359,188,22,20,5979.67,-0.55,-0.48,-0.57,0.38,-9.33,0.91,-1.08,-0.07,0.07,0.03,38.50,-10.88,1.06
1061.893,359,188,23,20,5979.695,-0.55,-0.48,-0.57,0.37,-9.53,1.57,-1.71,-0.11,0.06,0.03,39.69,-12.50,0.25
1061.913,360,187,23,21,5979.717,-0.55,-0.48,-0.57,0.37,-9.58,1.82,-1.79,-0.18,0.08,0.14,39.69,-12.50,0.25
1061.929,360,187,23,21,5979.74,-0.55,-0.48,-0.57,0.37,-9.35,1.48,-2.10,-0.20,0.13,0.25,41.50,-12.38,1.88
1061.948,359,186,25,20,5979.764,-0.55,-0.48,-0.57,0.37,-9.57,0.69,-1.97,-0.14,0.21,0.34,41.50,-12.38,1.88
1061.965,359,185,25,21,5979.787,-0.55,-0.49,-0.57,0.36,-9.61,0.85,-1.71,0.01,0.09,0.03,41.06,-13.19,2.19
1061.982,359,185,25,21,5979.809,-0.55,-0.49,-0.57,0.36,-8.91,1.89,-2.24,-0.01,0.10,0.21,41.06,-13.19,2.19
1062.016,360,183,25,22,5979.83,-0.55,-0.49,-0.57,0.36,-8.94,1.36,-1.98,-0.10,0.18,0.44,43.00,-14.25,1.50
1062.033,360,183,25,22,5979.854,-0.55,-0.49,-0.57,0.35,-9.09,1.14,-2.13,-0.09,0.20,0.43,43.00,-14.25,1.50
1062.053,360,182,26,22,5979.877,-0.55,-0.49,-0.57,0.35,-9.21,1.39,-2.30,0.00,0.22,0.11,43.06,-14.19,2.06
1062.07,361,180,27,24,5979.897,-0.55,-0.49,-0.57,0.35,-9.50,3.11,-2.92,-0.00,0.29,0.13,43.06,-14.19,2.06
1062.086,361,180,27,24,5979.92,-0.55,-0.50,-0.57,0.35,-10.02,3.29,-2.88,-0.12,0.31,0.30,43.06,-14.19,2.06
1062.103,361,180,27,24,5979.944,-0.55,-0.50,-0.57,0.34,-10.25,2.60,-3.11,-0.26,0.22,0.34,41.56,-14.88,1.00
1062.127,363,180,23,22,5979.967,-0.55,-0.50,-0.57,0.34,-10.08,2.21,-3.69,-0.15,0.11,0.05,41.56,-14.88,1.00
1062.146,361,177,28,26,5979.99,-0.55,-0.50,-0.58,0.34,-10.30,2.71,-3.49,0.00,0.10,-0.18,41.19,-15.56,0.56
1062.168,361,177,28,26,5980.014,-0.55,-0.50,-0.58,0.34,-10.17,2.65,-3.29,-0.00,0.02,-0.21,41.19,-15.56,0.56
1062.184,362,177,29,25,5980.037,-0.55,-0.50,-0.58,0.34,-9.79,1.90,-3.61,-0.04,-0.14,-0.12,40.88,-15.06,2.19
1062.201,362,177,29,25,5980.061,-0.55,-0.49,-0.58,0.34,-10.05,1.83,-3.39,0.06,-0.14,-0.15,40.88,-15.06,2.19
1062.222,361,175,30,27,5980.082,-0.55,-0.49,-0.58,0.34,-10.29,2.15,-2.93,0.09,-0.18,-0.27,41.69,-14.38,1.37
1062.248,362,174,30,26,5980.106,-0.55,-0.49,-0.58,0.35,-10.02,2.22,-3.18,0.16,-0.35,-0.30,41.69,-14.38,1.37
1062.264,362,174,30,26,5980.127,-0.55,-0.49,-0.58,0.35,-9.70,1.52,-2.88,0.19,-0.37,-0.31,40.50,-14.00,1.75
1062.282,364,172,30,28,5980.151,-0.55,-0.49,-0.57,0.36,-9.63,1.41,-2.87,0.27,-0.37,-0.37,40.50,-14.00,1.75
1062.3,366,172,33,29,5980.174,-0.55,-0.49,-0.57,0.36,-9.86,1.29,-2.02,0.35,-0.36,-0.34,40.50,-14.00,1.75
1062.323,366,172,33,29,5980.196,-0.55,-0.48,-0.57,0.37,-9.44,1.22,-1.79,0.33,-0.45,-0.36,40.88,-14.00,1.37
1062.34,368,171,32,30,5980.219,-0.55,-0.48,-0.57,0.38,-9.10,1.08,-1.68,0.34,-0.41,-0.32,40.88,-14.00,1.37
1062.356,368,171,32,30,5980.241,-0.55,-0.48,-0.57,0.38,-9.09,0.96,-1.49,0.38,-0.33,-0.29,40.88,-12.50,1.00
1062.374,369,171,36,33,5980.266,-0.55,-0.48,-0.56,0.39,-9.48,1.24,-1.26,0.39,-0.27,-0.29,40.88,-12.50,1.00
1062.39,369,171,36,33,5980.289,-0.55,-0.48,-0.56,0.40,-9.62,1.25,-1.01,0.36,-0.28,-0.24,39.88,-10.25,-1.69
1062.409,371,170,36,34,5980.313,-0.54,-0.48,-0.56,0.40,-9.41,0.94,-1.19,0.33,-0.28,-0.25,39.88,-10.25,-1.69
1062.425,371,170,36,34,5980.334,-0.54,-0.48,-0.56,0.40,-9.51,1.03,-0.91,0.36,-0.20,-0.30,39.50,-9.00,-1.69
1062.443,371,170,36,34,5980.356,-0.54,-0.48,-0.56,0.41,-9.82,0.73,-0.35,0.33,-0.14,-0.23,39.50,-9.00,-1.69
1062.47,372,170,38,35,5980.379,-0.54,-0.48,-0.56,0.41,-9.51,0.76,-0.12,0.25,-0.21,-0.15,38.06,-6.06,-2.88
1062.501,372,168,40,37,5980.403,-0.54,-0.48,-0.55,0.42,-8.85,0.50,-0.95,0.20,-0.23,-0.01,38.06,-6.06,-2.88
1062.526,370,165,43,40,5980.424,-0.54,-0.48,-0.55,0.42,-8.64,-0.13,-0.97,0.32,-0.08,-0.08,39.00,-5.56,-6.06
1062.545,367,164,45,42,5980.446,-0.54,-0.48,-0.55,0.42,-9.08,0.54,-1.01,0.50,0.04,-0.15,39.00,-5.56,-6.06
1062.562,367,164,45,42,5980.469,-0.53,-0.48,-0.55,0.42,-9.78,0.83,0.01,0.48,0.06,-0.02,39.00,-5.56,-6.06
1062.58,364,162,47,44,5980.493,-0.53,-0.48,-0.55,0.43,-9.63,0.55,0.16,0.31,-0.07,0.14,37.69,-4.25,-7.06
1062.596,364,162,47,44,5980.516,-0.53,-0.49,-0.55,0.43,-9.53,0.40,-0.13,0.26,-0.08,0.16,37.69,-4.25,-7.06
1062.617,359,162,50,47,5980.538,-0.53,-0.49,-0.54,0.43,-9.86,0.31,-0.03,0.33,-0.04,-0.01,38.25,-4.06,-9.38
1062.634,359,162,50,47,5980.561,-0.53,-0.49,-0.54,0.43,-9.95,0.65,0.21,0.39,-0.01,-0.11,38.25,-4.06,-9.38
1062.675,355,161,53,49,5980.583,-0.53,-0.49,-0.54,0.43,-10.03,0.61,0.40,0.32,-0.03,-0.07,37.00,-3.38,-9.69
1062.694,352,163,55,51,5980.606,-0.53,-0.49,-0.54,0.44,-10.18,0.39,-0.08,0.23,-0.07,0.02,37.00,-3.38,-9.69
1062.719,349,163,58,54,5980.628,-0.53,-0.49,-0.54,0.44,-10.09,0.26,-0.11,0.26,-0.14,0.02,36.38,-3.06,-12.00
1062.746,347,164,60,57,5980.653,-0.53,-0.49,-0.53,0.44,-10.04,0.49,-0.35,0.30,-0.18,0.04,36.38,-3.06,-12.00
1062.762,347,164,60,57,5980.674,-0.53,-0.50,-0.53,0.44,-10.31,0.80,-0.19,0.23,-0.16,-0.04,37.25,-2.50,-12.25
1062.779,345,166,62,59,5980.696,-0.52,-0.50,-0.53,0.44,-10.02,0.66,-0.32,0.23,-0.23,-0.10,37.25,-2.50,-12.25
1062.799,345,166,62,59,5980.719,-0.52,-0.49,-0.53,0.45,-9.86,0.67,-0.27,0.21,-0.26,-0.09,37.25,-2.50,-12.25
1062.823,343,166,63,60,5980.743,-0.52,-0.49,-0.53,0.45,-9.80,0.15,-0.27,0.20,-0.26,-0.08,37.38,-1.75,-11.88
1062.84,343,166,63,60,5980.766,-0.52,-0.49,-0.52,0.45,-9.42,0.36,-0.34,0.31,-0.28,-0.06,37.38,-1.75,-11.88
1062.859,341,165,63,60,5980.788,-0.52,-0.49,-0.52,0.46,-9.43,0.69,-0.31,0.34,-0.23,0.03,37.00,-1.56,-13.25
1062.876,339,163,62,58,5980.813,-0.52,-0.50,-0.52,0.46,-9.71,0.46,-0.19,0.29,-0.16,0.04,37.00,-1.56,-13.25
1062.893,339,163,62,58,5980.835,-0.52,-0.50,-0.52,0.46,-9.80,0.31,0.35,0.30,-0.22,0.01,38.25,-1.37,-13.19
1062.927,337,161,60,56,5980.858,-0.52,-0.50,-0.51,0.47,-9.73,0.43,0.67,0.29,-0.27,0.08,38.25,-1.37,-13.19
1062.946,336,159,58,54,5980.88,-0.52,-0.50,-0.51,0.47,-9.65,0.19,0.59,0.22,-0.27,0.13,37.19,-0.50,-13.06
1062.962,336,159,58,54,5980.903,-0.52,-0.50,-0.51,0.47,-9.66,-0.07,0.53,0.24,-0.15,0.06,37.19,-0.50,-13.06
1062.987,337,158,57,52,5980.925,-0.52,-0.50,-0.50,0.47,-10.03,0.26,1.03,0.23,-0.13,0.05,37.25,-0.75,-14.25
1063.003,337,158,57,52,5980.948,-0.52,-0.50,-0.50,0.47,-9.93,0.39,1.20,0.16,-0.17,0.07,37.25,-0.75,-14.25
1063.028,339,158,53,49,5980.971,-0.52,-0.50,-0.50,0.47,-10.06,0.18,1.65,0.08,-0.15,0.10,37.25,-0.75,-14.25
1063.047,341,158,50,47,5980.993,-0.53,-0.50,-0.50,0.47,-9.97,0.21,1.75,-0.02,-0.11,0.11,37.75,-1.50,-13.38
1063.063,341,158,50,47,5981.016,-0.53,-0.50,-0.50,0.47,-9.63,-0.02,1.63,-0.17,-0.02,0.13,37.75,-1.50,-13.38
1063.084,344,159,47,43,5981.04,-0.53,-0.50,-0.50,0.47,-9.71,-0.24,1.65,-0.21,0.09,0.14,36.25,-1.75,-14.56
1063.102,345,159,46,42,5981.065,-0.53,-0.50,-0.50,0.47,-9.74,-0.04,1.54,-0.23,0.13,0.07,36.25,-1.75,-14.56
1063.121,345,159,46,42,5981.085,-0.53,-0.50,-0.50,0.47,-9.80,0.60,0.93,-0.24,0.19,0.10,36.69,-1.37,-15.00
1063.146,350,161,43,40,5981.11,-0.53,-0.50,-0.50,0.46,-10.10,0.66,0.86,-0.32,0.23,0.10,36.69,-1.37,-15.00
1063.162,350,161,43,40,5981.13,-0.53,-0.50,-0.51,0.46,-9.98,0.65,0.76,-0.38,0.19,0.08,36.75,-1.37,-14.06
1063.179,350,161,43,40,5981.155,-0.53,-0.50,-0.51,0.46,-9.83,0.24,0.67,-0.43,0.17,0.10,36.75,-1.37,-14.06
1063.199,353,163,41,38,5981.175,-0.54,-0.50,-0.51,0.45,-9.98,0.05,0.60,-0.37,0.15,0.16,36.75,-2.06,-12.88
1063.219,357,166,37,35,5981.2,-0.54,-0.50,-0.51,0.45,-10.07,0.23,0.15,-0.34,0.11,0.14,36.75,-2.06,-12.88
1063.235,357,166,37,35,5981.222,-0.54,-0.50,-0.51,0.45,-10.23,0.37,0.10,-0.32,0.08,0.08,36.75,-2.06,-12.88
1063.26,360,167,37,34,5981.245,-0.54,-0.49,-0.51,0.44,-9.42,0.26,-0.66,-0.21,-0.04,0.03,37.19,-1.37,-12.06
1063.28,364,171,33,31,5981.265,-0.54,-0.49,-0.52,0.44,-9.28,0.61,-0.88,-0.11,0.08,0.04,37.19,-1.37,-12.06
1063.303,364,171,33,31,5981.29,-0.54,-0.49,-0.52,0.44,-9.88,1.24,-0.79,-0.03,0.29,-0.02,37.88,-2.06,-9.88
1063.324,364,173,32,30,5981.315,-0.54,-0.50,-0.52,0.44,-10.41,1.81,-0.49,-0.20,0.18,-0.15,37.88,-2.06,-9.88
1063.342,365,176,31,28,5981.337,-0.54,-0.49,-0.52,0.44,-9.68,0.57,-0.05,-0.32,-0.04,-0.10,36.75,-2.75,-9.88
1063.359,365,176,31,28,5981.362,-0.54,-0.49,-0.52,0.44,-8.82,0.72,-1.35,-0.21,-0.08,0.01,36.75,-2.75,-9.88
1063.378,364,177,30,29,5981.382,-0.54,-0.49,-0.52,0.44,-9.26,1.35,-0.92,-0.19,0.20,0.08,38.25,-2.00,-8.19
1063.394,364,177,30,29,5981.405,-0.54,-0.49,-0.53,0.43,-10.38,1.20,-0.60,-0.30,0.26,0.05,38.25,-2.00,-8.19
1063.412,364,179,30,28,5981.427,-0.54,-0.49,-0.53,0.43,-10.16,0.71,-0.50,-0.30,0.13,-0.02,37.88,-3.38,-5.50
1063.429,364,179,30,28,5981.452,-0.54,-0.49,-0.53,0.43,-9.25,0.32,-0.66,-0.21,0.07,0.02,37.88,-3.38,-5.50
1063.452,364,181,29,28,5981.472,-0.54,-0.49,-0.53,0.43,-8.71,0.43,-0.22,-0.12,0.17,0.26,38.38,-3.25,-5.50
1063.481,363,184,28,25,5981.495,-0.55,-0.49,-0.53,0.42,-9.09,1.12,-0.21,-0.23,0.44,0.62,38.38,-3.25,-5.50
1063.498,363,184,28,25,5981.517,-0.55,-0.50,-0.53,0.41,-9.71,0.44,-0.10,-0.31,0.41,0.52,38.38,-3.25,-5.50
1063.518,361,186,29,24,5981.542,-0.55,-0.50,-0.53,0.41,-9.54,0.51,-0.05,-0.25,0.26,0.20,38.38,-3.19,-3.06
1063.535,361,186,29,24,5981.564,-0.55,-0.50,-0.54,0.40,-9.79,1.34,-0.86,-0.17,0.34,0.31,38.38,-3.19,-3.06
1063.552,360,187,27,24,5981.587,-0.55,-0.50,-0.54,0.40,-10.12,1.03,-0.41,-0.04,0.43,0.46,38.50,-5.56,-1.56
1063.568,360,187,27,24,5981.612,-0.55,-0.51,-0.54,0.39,-10.59,1.23,-0.46,0.02,0.35,0.24,38.50,-5.56,-1.56
1063.586,359,189,27,23,5981.634,-0.55,-0.51,-0.54,0.39,-10.07,2.66,-1.03,-0.16,0.09,0.05,39.00,-7.69,1.19
1063.602,359,189,27,23,5981.657,-0.55,-0.51,-0.54,0.39,-9.34,2.06,-1.67,-0.28,0.24,0.28,39.00,-7.69,1.19
1063.619,358,189,27,24,5981.677,-0.55,-0.51,-0.54,0.38,-9.54,2.06,-1.59,-0.15,0.45,0.27,39.56,-9.38,2.88
1063.64,358,189,27,24,5981.702,-0.55,-0.51,-0.54,0.38,-9.58,2.32,-2.11,-0.10,0.52,0.05,39.56,-9.38,2.88
1063.659,358,191,25,23,5981.722,-0.55,-0.51,-0.55,0.38,-10.00,2.84,-1.67,-0.30,0.41,-0.08,39.56,-12.19,5.56
1063.676,357,192,25,23,5981.745,-0.54,-0.51,-0.55,0.37,-9.25,1.51,-2.30,-0.36,0.32,0.05,39.56,-12.19,5.56
1063.693,357,192,25,23,5981.767,-0.54,-0.51,-0.55,0.37,-9.11,1.58,-2.17,-0.16,0.40,0.16,39.56,-12.19,5.56
1063.709,357,192,25,23,5981.792,-0.54,-0.51,-0.55,0.36,-9.27,2.13,-1.94,-0.15,0.46,0.16,40.25,-13.75,5.00
1063.731,356,192,24,22,5981.814,-0.54,-0.51,-0.56,0.36,-9.00,1.71,-2.48,-0.33,0.40,0.02,40.25,-13.75,5.00
1063.75,355,194,24,21,5981.837,-0.54,-0.51,-0.56,0.35,-8.91,1.14,-2.47,-0.31,0.48,0.04,40.56,-13.69,4.56
1063.767,355,194,24,21,5981.861,-0.54,-0.52,-0.57,0.35,-9.12,1.39,-2.64,-0.16,0.55,0.08,40.56,-13.69,4.56
1063.792,355,194,23,21,5981.884,-0.54,-0.52,-0.57,0.35,-9.53,1.39,-2.39,-0.13,0.51,0.21,40.75,-12.88,5.19
1063.821,354,194,24,20,5981.906,-0.54,-0.52,-0.57,0.34,-9.71,1.70,-2.54,-0.18,0.33,0.15,40.75,-12.88,5.19
1063.837,354,194,24,20,5981.929,-0.54,-0.52,-0.57,0.34,-9.42,2.57,-3.05,-0.21,0.19,0.11,39.50,-11.69,5.25
1063.854,354,195,23,20,5981.952,-0.54,-0.52,-0.57,0.33,-9.36,2.27,-3.19,-0.18,0.29,0.22,39.50,-11.69,5.25
1063.871,354,195,23,20,5981.974,-0.54,-0.52,-0.57,0.33,-9.76,2.12,-3.20,-0.14,0.33,0.21,37.69,-10.19,4.38
1063.888,352,195,23,21,5981.997,-0.54,-0.52,-0.58,0.33,-10.24,2.43,-3.57,-0.11,0.26,0.05,37.69,-10.19,4.38
1063.904,352,195,23,21,5982.019,-0.54,-0.52,-0.58,0.33,-10.38,2.98,-3.76,-0.04,0.15,0.01,37.69,-10.19,4.38
1063.923,352,195,22,20,5982.042,-0.54,-0.52,-0.58,0.32,-10.39,3.09,-3.88,-0.09,-0.05,0.04,37.25,-10.69,5.00
1063.94,352,195,22,20,5982.064,-0.54,-0.52,-0.58,0.32,-10.15,2.82,-3.53,-0.10,-0.17,-0.01,37.25,-10.69,5.00
1063.958,351,196,22,20,5982.089,-0.54,-0.52,-0.58,0.32,-9.61,2.47,-3.47,-0.12,-0.27,-0.07,37.19,-8.38,5.50
1063.979,351,196,22,20,5982.111,-0.54,-0.52,-0.58,0.33,-9.24,1.95,-3.46,-0.06,-0.23,-0.17,37.19,-8.38,5.50
1063.999,351,197,22,19,5982.134,-0.54,-0.52,-0.58,0.33,-9.25,1.94,-3.40,0.01,-0.14,-0.21,37.88,-7.38,6.19
1064.017,354,198,17,17,5982.158,-0.54,-0.52,-0.58,0.33,-9.46,1.92,-3.17,-0.00,-0.16,-0.20,37.88,-7.38,6.19
1064.033,354,198,17,17,5982.181,-0.54,-0.52,-0.58,0.33,-9.52,1.78,-2.97,0.01,-0.25,-0.16,40.06,-6.56,7.00
1064.05,351,195,23,20,5982.203,-0.54,-0.51,-0.57,0.33,-9.32,1.58,-3.10,0.11,-0.30,-0.16,40.06,-6.56,7.00
1064.067,351,195,23,20,5982.224,-0.54,-0.51,-0.57,0.34,-9.34,2.03,-2.91,0.15,-0.30,-0.18,40.06,-6.88,6.50
1064.083,352,195,21,20,5982.248,-0.54,-0.51,-0.57,0.34,-9.48,1.89,-2.87,0.15,-0.32,-0.13,40.06,-6.88,6.50
1064.1,352,195,21,20,5982.271,-0.54,-0.51,-0.57,0.35,-9.27,1.65,-2.59,0.14,-0.38,-0.14,40.06,-6.88,6.50
1064.119,352,195,22,20,5982.294,-0.55,-0.51,-0.57,0.35,-9.03,1.70,-2.92,0.16,-0.36,-0.25,41.69,-6.88,6.19
1064.141,352,195,22,20,5982.314,-0.55,-0.51,-0.57,0.35,-9.26,1.62,-2.77,0.18,-0.29,-0.23,41.69,-6.88,6.19
1064.161,353,195,23,20,5982.339,-0.54,-0.51,-0.57,0.36,-9.78,1.47,-2.11,0.23,-0.34,-0.13,41.69,-8.00,6.00
1064.179,355,194,23,21,5982.363,-0.55,-0.51,-0.56,0.36,-9.49,1.53,-1.86,0.24,-0.50,-0.05,41.69,-8.00,6.00
1064.195,355,194,23,21,5982.384,-0.55,-0.50,-0.56,0.36,-8.99,1.44,-2.10,0.25,-0.48,-0.07,41.19,-8.75,5.38
1064.215,356,193,25,21,5982.408,-0.55,-0.50,-0.56,0.37,-9.19,1.25,-2.08,0.28,-0.38,-0.10,41.19,-8.75,5.38
1064.231,356,193,25,21,5982.429,-0.55,-0.50,-0.55,0.37,-9.61,1.56,-1.40,0.34,-0.35,-0.07,40.50,-7.69,4.19
1064.248,356,193,25,21,5982.453,-0.55,-0.50,-0.55,0.38,-9.56,1.93,-0.82,0.27,-0.48,0.04,40.50,-7.69,4.19
1064.269,357,191,24,22,5982.474,-0.55,-0.50,-0.54,0.38,-9.03,1.74,-0.88,0.21,-0.51,0.04,40.50,-8.38,1.00
1064.287,359,190,25,22,5982.498,-0.55,-0.50,-0.54,0.39,-8.87,1.47,-1.11,0.20,-0.38,-0.03,40.50,-8.38,1.00
1064.311,359,190,25,22,5982.519,-0.55,-0.50,-0.54,0.39,-9.28,1.35,-0.65,0.23,-0.23,-0.11,40.50,-8.38,1.00
1064.333,360,189,26,23,5982.543,-0.55,-0.50,-0.54,0.39,-9.76,1.89,-0.18,0.28,-0.21,-0.10,40.06,-5.75,0.06
1064.358,362,187,27,24,5982.564,-0.55,-0.50,-0.54,0.40,-9.47,2.14,-0.45,0.19,-0.22,-0.06,40.06,-5.75,0.06
1064.38,362,187,27,24,5982.588,-0.55,-0.50,-0.53,0.40,-9.12,1.62,-0.88,0.09,-0.19,-0.11,39.38,-4.69,-1.25
1064.402,364,185,28,26,5982.611,-0.55,-0.50,-0.53,0.40,-9.37,1.11,-0.77,0.17,-0.08,-0.16,39.38,-4.69,-1.25
1064.421,365,183,30,26,5982.633,-0.55,-0.50,-0.53,0.40,-10.00,1.20,0.05,0.16,-0.14,-0.13,39.19,-3.88,-5.25
1064.437,365,183,30,26,5982.658,-0.55,-0.50,-0.53,0.41,-9.82,1.52,-0.26,0.15,-0.19,-0.07,39.19,-3.88,-5.25
1064.455,367,181,30,28,5982.681,-0.55,-0.50,-0.53,0.41,-9.61,1.17,-0.51,0.16,-0.15,-0.04,38.19,-3.00,-5.56
1064.477,367,181,30,28,5982.703,-0.55,-0.50,-0.53,0.41,-9.94,1.10,-0.10,0.20,-0.13,-0.19,38.19,-3.00,-5.56
1064.498,370,181,30,27,5982.724,-0.55,-0.50,-0.53,0.41,-9.55,1.17,-0.05,0.15,-0.17,-0.23,39.19,-1.75,-8.00
1064.518,370,179,33,29,5982.748,-0.55,-0.50,-0.53,0.42,-9.47,1.25,-0.38,0.13,-0.12,-0.16,39.19,-1.75,-8.00
1064.534,370,179,33,29,5982.769,-0.55,-0.50,-0.53,0.42,-9.72,0.62,-0.06,0.10,-0.02,-0.15,39.38,-1.69,-9.56
1064.554,370,176,34,31,5982.793,-0.54,-0.50,-0.53,0.42,-9.97,0.82,-0.46,0.21,-0.01,-0.13,39.38,-1.69,-9.56
1064.573,371,174,35,32,5982.814,-0.54,-0.50,-0.53,0.42,-10.31,0.97,-0.21,0.23,-0.02,-0.02,39.38,-1.69,-9.56
1064.589,371,174,35,32,5982.838,-0.54,-0.50,-0.53,0.42,-10.18,0.79,-0.32,0.19,-0.12,-0.03,39.56,-1.06,-9.88
1064.606,371,174,35,32,5982.861,-0.54,-0.50,-0.53,0.43,-9.98,0.68,-0.34,0.24,-0.20,-0.16,39.56,-1.06,-9.88
1064.624,370,172,36,33,5982.883,-0.54,-0.50,-0.52,0.43,-9.61,1.22,-0.43,0.21,-0.11,-0.15,39.00,0.50,-11.00
1064.65,370,172,36,33,5982.908,-0.54,-0.50,-0.52,0.43,-9.90,0.82,-0.25,0.21,-0.03,-0.10,39.00,0.50,-11.00
1064.672,369,170,38,35,5982.928,-0.54,-0.50,-0.52,0.43,-9.71,0.84,-0.33,0.22,-0.05,-0.10,38.38,-0.19,-11.88
1064.689,369,169,40,37,5982.953,-0.54,-0.50,-0.52,0.43,-9.88,0.98,-0.15,0.25,-0.06,-0.06,38.38,-0.19,-11.88
1064.706,369,169,40,37,5982.973,-0.54,-0.50,-0.52,0.44,-9.92,1.13,-0.30,0.23,-0.08,-0.03,40.06,0.75,-12.50
1064.723,371,169,39,36,5982.998,-0.53,-0.50,-0.52,0.44,-10.06,0.84,-0.46,0.20,-0.07,-0.02,40.06,0.75,-12.50
1064.74,371,169,39,36,5983.019,-0.53,-0.50,-0.52,0.44,-9.91,0.76,-0.45,0.25,-0.08,-0.02,39.38,1.19,-12.50
1064.757,370,167,41,38,5983.041,-0.53,-0.50,-0.52,0.44,-9.95,0.78,0.05,0.26,-0.09,-0.05,39.38,1.19,-12.50
1064.774,370,167,41,38,5983.064,-0.53,-0.50,-0.51,0.45,-9.91,0.43,0.33,0.21,-0.17,-0.08,39.38,1.19,-12.50
1064.798,370,167,42,38,5983.086,-0.53,-0.50,-0.51,0.45,-9.66,0.31,0.18,0.20,-0.20,-0.11,40.19,1.00,-12.00
1064.826,370,166,44,41,5983.111,-0.53,-0.50,-0.51,0.45,-9.73,0.10,0.41,0.26,-0.15,-0.06,40.19,1.00,-12.00
1064.842,370,166,44,41,5983.133,-0.53,-0.50,-0.51,0.45,-9.98,0.33,0.61,0.24,-0.21,0.02,39.50,1.06,-14.00
1064.86,368,164,48,44,5983.158,-0.53,-0.51,-0.51,0.46,-10.07,0.12,0.66,0.22,-0.25,0.05,39.50,1.06,-14.00
1064.878,368,164,50,46,5983.178,-0.53,-0.50,-0.50,0.46,-9.78,-0.03,0.95,0.24,-0.27,-0.08,40.38,1.19,-13.56
1064.894,368,164,50,46,5983.201,-0.53,-0.50,-0.50,0.46,-9.75,0.90,1.35,0.21,-0.17,-0.13,40.38,1.19,-13.56
1064.911,367,165,52,48,5983.223,-0.53,-0.50,-0.50,0.46,-9.86,0.72,1.63,-0.00,-0.15,0.00,39.56,0.37,-13.50
1064.927,367,165,52,48,5983.248,-0.53,-0.50,-0.50,0.46,-9.46,-0.29,1.57,-0.14,-0.15,0.13,39.56,0.37,-13.50
1064.944,367,165,52,48,5983.268,-0.53,-0.50,-0.50,0.46,-9.42,-0.50,1.53,-0.12,-0.09,0.09,40.75,1.56,-13.50
1064.962,368,167,53,50,5983.291,-0.53,-0.50,-0.50,0.46,-9.40,-0.03,1.11,-0.13,0.01,0.08,40.75,1.56,-13.50
1064.984,368,167,53,50,5983.313,-0.54,-0.50,-0.50,0.46,-9.65,0.42,1.13,-0.18,0.09,0.18,40.75,1.56,-13.50
1065.005,367,170,58,55,5983.336,-0.54,-0.50,-0.50,0.46,-9.75,0.34,1.08,-0.22,0.10,0.18,40.50,0.50,-14.25
1065.023,366,174,61,57,5983.361,-0.54,-0.50,-0.50,0.45,-9.81,0.55,1.16,-0.29,0.07,0.18,40.50,0.50,-14.25
1065.04,366,174,61,57,5983.383,-0.54,-0.50,-0.50,0.45,-9.94,0.32,1.62,-0.37,0.08,0.26,40.06,0.88,-13.50
1065.059,365,177,61,58,5983.406,-0.55,-0.50,-0.50,0.45,-10.10,0.59,0.81,-0.34,0.11,0.27,40.06,0.88,-13.50
1065.076,365,177,61,58,5983.428,-0.55,-0.50,-0.50,0.45,-10.20,0.58,0.85,-0.34,0.17,0.21,40.50,0.88,-11.88
1065.103,360,178,65,61,5983.451,-0.55,-0.50,-0.50,0.44,-9.94,0.85,0.79,-0.43,0.12,0.15,40.50,0.88,-11.88
1065.12,357,175,64,60,5983.473,-0.55,-0.49,-0.51,0.44,-9.49,0.56,0.64,-0.47,0.12,0.25,39.38,0.06,-11.88
1065.157,357,175,64,60,5983.496,-0.56,-0.49,-0.51,0.43,-9.59,0.55,-0.07,-0.42,0.21,0.32,39.38,0.06,-11.88
1065.174,355,172,62,58,5983.518,-0.56,-0.50,-0.51,0.43,-10.03,0.22,0.05,-0.30,0.28,0.15,39.38,0.06,-11.88
1065.195,352,169,60,56,5983.541,-0.56,-0.49,-0.51,0.43,-9.73,1.14,0.27,-0.18,0.19,-0.12,40.88,0.06,-11.19
1065.215,349,165,58,55,5983.563,-0.56,-0.49,-0.51,0.43,-9.31,1.87,-0.34,-0.28,0.12,0.11,40.88,0.06,-11.19
1065.232,349,165,58,55,5983.586,-0.56,-0.49,-0.52,0.42,-8.92,1.20,-0.71,-0.32,0.26,0.47,40.50,-1.00,-9.19
1065.26,348,163,56,52,5983.61,-0.56,-0.50,-0.52,0.42,-9.82,1.22,-1.06,-0.13,0.44,0.19,40.50,-1.00,-9.19
1065.277,348,163,56,52,5983.633,-0.56,-0.50,-0.52,0.41,-10.30,2.46,-0.84,-0.15,0.34,-0.14,40.50,-1.25,-7.06
1065.321,346,162,54,49,5983.657,-0.56,-0.50,-0.52,0.41,-10.01,2.69,-1.04,-0.36,0.23,-0.02,40.50,-1.25,-7.06
1065.339,347,159,50,48,5983.678,-0.56,-0.50,-0.52,0.40,-9.34,1.89,-1.12,-0.37,0.24,0.42,40.88,-1.88,-4.25
1065.358,346,159,48,44,5983.7,-0.56,-0.50,-0.52,0.40,-10.03,1.18,-1.12,-0.26,0.36,0.33,40.88,-1.88,-4.25
1065.375,346,159,48,44,5983.723,-0.56,-0.50,-0.53,0.39,-10.01,1.58,-1.14,-0.10,0.22,-0.14,41.00,-2.19,-3.19
1065.396,347,160,45,41,5983.748,-0.56,-0.50,-0.53,0.39,-9.68,2.72,-1.41,-0.13,0.13,-0.25,41.00,-2.19,-3.19
1065.412,347,160,45,41,5983.77,-0.56,-0.50,-0.53,0.39,-9.15,2.38,-1.37,-0.16,0.24,0.19,41.38,-4.19,0.00
1065.432,348,161,42,39,5983.791,-0.56,-0.50,-0.53,0.39,-9.50,1.66,-1.43,-0.02,0.40,0.15,41.38,-4.19,0.00
1065.451,348,161,42,39,5983.813,-0.56,-0.50,-0.54,0.39,-9.80,1.64,-1.16,-0.10,0.22,-0.19,41.38,-4.19,0.00
1065.47,350,162,41,38,5983.838,-0.56,-0.50,-0.54,0.39,-9.38,1.93,-1.61,-0.09,0.11,-0.26,42.00,-4.69,1.19
1065.492,351,164,38,36,5983.86,-0.56,-0.50,-0.54,0.39,-8.74,1.87,-1.45,-0.09,0.32,0.18,42.00,-4.69,1.19
1065.508,351,164,38,36,5983.883,-0.55,-0.50,-0.54,0.38,-9.50,1.81,-1.79,-0.03,0.53,0.33,42.56,-6.38,3.56
1065.526,352,166,38,35,5983.907,-0.55,-0.51,-0.54,0.38,-10.14,1.99,-1.41,-0.16,0.41,0.14,42.56,-6.38,3.56
1065.543,352,166,38,35,5983.928,-0.55,-0.51,-0.55,0.38,-10.16,1.82,-1.48,-0.20,0.16,-0.05,44.25,-7.69,5.50
1065.565,354,168,36,33,5983.95,-0.55,-0.51,-0.55,0.37,-9.27,1.51,-1.62,-0.12,0.13,0.04,44.25,-7.69,5.50
1065.583,355,170,35,32,5983.973,-0.55,-0.51,-0.55,0.37,-9.28,1.62,-1.49,-0.04,0.27,0.20,43.69,-9.06,5.69
1065.624,355,170,35,32,5983.997,-0.55,-0.51,-0.55,0.37,-9.68,1.78,-1.46,-0.11,0.25,0.16,43.69,-9.06,5.69
1065.642,356,172,33,31,5984.018,-0.55,-0.51,-0.55,0.37,-9.57,1.88,-1.21,-0.14,0.20,0.07,44.69,-10.00,6.75
1065.659,356,174,32,30,5984.04,-0.55,-0.51,-0.55,0.36,-8.72,1.57,-1.52,-0.09,0.21,0.12,44.69,-10.00,6.75
1065.676,356,174,32,30,5984.063,-0.55,-0.51,-0.55,0.36,-8.40,1.87,-1.87,-0.04,0.39,0.23,44.69,-10.00,6.75
1065.692,356,174,32,30,5984.088,-0.55,-0.51,-0.55,0.36,-9.11,2.06,-1.98,-0.06,0.62,0.32,45.56,-11.00,7.19
1065.717,355,176,32,28,5984.11,-0.55,-0.52,-0.56,0.35,-9.67,1.88,-1.46,-0.26,0.43,0.09,45.56,-11.00,7.19
1065.74,356,177,30,28,5984.133,-0.55,-0.52,-0.56,0.34,-8.96,2.12,-1.70,-0.39,0.33,0.11,45.50,-12.00,7.19
1065.783,356,179,30,27,5984.157,-0.55,-0.52,-0.56,0.34,-8.43,1.18,-2.37,-0.38,0.45,0.31,45.50,-12.00,7.19
1065.803,356,180,28,25,5984.18,-0.55,-0.52,-0.56,0.33,-8.72,1.47,-2.36,-0.06,0.65,0.46,44.19,-12.25,5.19
1065.822,356,181,28,25,5984.2,-0.55,-0.52,-0.57,0.33,-9.46,2.73,-2.75,-0.13,0.46,0.22,44.19,-12.25,5.19
1065.839,356,181,28,25,5984.223,-0.54,-0.53,-0.57,0.32,-9.24,3.51,-4.05,-0.22,0.44,0.08,40.00,-13.75,6.50
1065.857,356,184,27,23,5984.247,-0.54,-0.53,-0.57,0.32,-9.86,3.16,-4.04,-0.14,0.52,0.08,40.00,-13.75,6.50
1065.874,356,184,27,23,5984.268,-0.54,-0.53,-0.57,0.31,-10.79,3.59,-3.89,-0.05,0.43,0.10,39.38,-13.06,5.19
1065.89,356,183,26,24,5984.292,-0.54,-0.53,-0.57,0.31,-10.89,3.71,-4.01,-0.13,-0.03,0.03,39.38,-13.06,5.19
1065.911,356,183,26,24,5984.313,-0.54,-0.53,-0.57,0.31,-10.25,3.12,-4.04,-0.14,-0.17,-0.02,39.38,-13.06,5.19
1065.932,355,185,26,23,5984.337,-0.54,-0.53,-0.57,0.31,-9.98,3.14,-3.76,-0.11,-0.20,-0.08,36.00,-11.75,5.06
1065.948,355,186,26,23,5984.36,-0.55,-0.52,-0.57,0.31,-9.66,2.33,-3.23,-0.08,-0.28,-0.13,36.00,-11.75,5.06
1065.964,355,186,26,23,5984.385,-0.55,-0.52,-0.57,0.32,-9.38,2.12,-3.13,-0.02,-0.28,-0.20,37.00,-9.69,6.38
1065.983,356,187,25,21,5984.409,-0.55,-0.52,-0.57,0.32,-9.16,2.17,-3.32,0.01,-0.25,-0.29,37.00,-9.69,6.38
1065.999,356,187,25,21,5984.43,-0.55,-0.52,-0.57,0.32,-9.33,2.36,-3.13,0.07,-0.15,-0.25,38.00,-8.69,7.00
1066.016,356,186,24,22,5984.452,-0.55,-0.52,-0.57,0.33,-9.46,2.31,-2.92,0.02,-0.22,-0.22,38.00,-8.69,7.00
1066.033,356,186,24,22,5984.475,-0.55,-0.51,-0.57,0.33,-9.46,2.18,-3.00,0.03,-0.31,-0.22,41.00,-7.19,7.00
1066.049,356,186,24,22,5984.499,-0.55,-0.51,-0.57,0.33,-9.35,2.21,-3.08,0.10,-0.34,-0.29,41.00,-7.19,7.00
1066.081,356,187,24,24,5984.52,-0.55,-0.51,-0.57,0.33,-8.98,2.21,-3.10,0.06,-0.38,-0.32,42.50,-6.50,8.50
1066.097,356,187,24,24,5984.542,-0.55,-0.51,-0.57,0.34,-9.02,2.01,-3.19,0.06,-0.35,-0.30,42.50,-6.50,8.50
1066.118,358,191,21,19,5984.565,-0.55,-0.51,-0.57,0.34,-9.37,1.42,-2.33,0.10,-0.30,-0.26,42.50,-6.50,8.50
1066.137,357,191,23,19,5984.587,-0.55,-0.51,-0.57,0.34,-9.40,1.81,-2.27,0.16,-0.36,-0.25,43.19,-6.50,8.00
1066.161,357,191,23,19,5984.61,-0.55,-0.51,-0.57,0.35,-8.85,1.79,-2.32,0.10,-0.42,-0.25,43.19,-6.50,8.00
1066.18,357,192,23,21,5984.634,-0.55,-0.50,-0.57,0.35,-9.07,1.18,-1.69,0.10,-0.34,-0.19,44.25,-5.00,6.38
1066.198,358,194,23,20,5984.659,-0.55,-0.50,-0.57,0.35,-9.29,1.13,-1.52,0.10,-0.29,-0.17,44.25,-5.00,6.38
1066.214,358,194,23,20,5984.679,-0.55,-0.50,-0.57,0.36,-9.27,1.32,-1.19,0.17,-0.25,-0.08,44.25,-5.75,5.38
1066.242,358,196,22,19,5984.702,-0.55,-0.50,-0.56,0.36,-9.26,1.80,-1.40,0.17,-0.31,-0.03,44.25,-5.75,5.38
1066.26,358,197,22,19,5984.724,-0.55,-0.50,-0.56,0.36,-9.20,1.38,-1.23,0.13,-0.30,-0.00,44.00,-3.88,4.56
1066.276,358,197,22,19,5984.749,-0.55,-0.50,-0.56,0.37,-9.29,0.93,-1.29,0.15,-0.23,-0.11,44.00,-3.88,4.56
1066.298,358,197,22,18,5984.77,-0.55,-0.50,-0.56,0.37,-9.74,1.34,-0.78,0.24,-0.18,-0.21,44.06,-3.25,3.00
1066.319,358,199,22,17,5984.792,-0.55,-0.50,-0.56,0.37,-9.53,1.90,-0.82,0.23,-0.21,-0.20,44.06,-3.25,3.00
1066.335,358,199,22,17,5984.815,-0.55,-0.50,-0.56,0.38,-9.37,2.12,-0.91,0.15,-0.28,-0.07,44.06,-3.25,3.00
1066.352,359,197,21,20,5984.837,-0.55,-0.50,-0.55,0.38,-9.42,1.14,-0.82,-0.03,-0.26,-0.03,43.25,-2.50,1.00
1066.369,359,197,21,20,5984.86,-0.55,-0.49,-0.55,0.38,-9.89,0.87,-0.64,0.08,-0.19,-0.13,43.25,-2.50,1.00
1066.388,359,197,21,20,5984.884,-0.55,-0.49,-0.55,0.38,-10.00,1.22,-0.64,0.21,-0.18,-0.19,43.00,-1.50,-0.75
1066.407,358,197,22,19,5984.907,-0.55,-0.49,-0.55,0.39,-9.91,1.50,-0.91,0.21,-0.25,-0.16,43.00,-1.50,-0.75
1066.423,358,197,22,19,5984.929,-0.55,-0.49,-0.55,0.39,-9.75,1.36,-0.99,0.15,-0.29,-0.09,42.88,-1.50,-2.75
1066.443,358,197,22,19,5984.954,-0.55,-0.49,-0.55,0.39,-9.68,1.02,-1.00,0.15,-0.25,-0.07,42.88,-1.50,-2.75
1066.461,360,196,21,18,5984.974,-0.55,-0.49,-0.55,0.40,-9.83,0.95,-0.88,0.25,-0.21,-0.14,43.25,-0.56,-4.75
1066.478,360,196,21,18,5984.999,-0.55,-0.49,-0.54,0.40,-9.95,1.36,-0.69,0.31,-0.20,-0.25,43.25,-0.56,-4.75
1066.497,360,195,23,19,5985.019,-0.55,-0.49,-0.54,0.40,-9.82,1.35,-0.70,0.27,-0.26,-0.14,43.50,1.19,-5.06
1066.514,360,195,23,19,5985.044,-0.55,-0.49,-0.54,0.41,-9.76,0.71,-0.51,0.20,-0.31,-0.11,43.50,1.19,-5.06
1066.532,360,194,23,19,5985.064,-0.55,-0.49,-0.54,0.41,-9.69,0.65,-0.39,0.24,-0.31,-0.15,43.50,1.19,-5.06
1066.554,360,194,23,19,5985.089,-0.55,-0.49,-0.54,0.41,-9.70,0.99,-0.45,0.30,-0.20,-0.16,43.38,1.69,-7.75
1066.575,360,191,22,21,5985.11,-0.55,-0.49,-0.53,0.42,-9.90,1.01,-0.46,0.26,-0.16,-0.18,43.38,1.69,-7.75
1066.594,361,190,23,21,5985.132,-0.55,-0.49,-0.53,0.42,-9.88,0.72,-0.30,0.25,-0.16,-0.14,43.56,2.88,-7.75
1066.611,361,190,23,21,5985.157,-0.55,-0.49,-0.53,0.42,-10.01,0.45,-0.24,0.28,-0.18,-0.14,43.56,2.88,-7.75
1066.63,364,190,18,19,5985.179,-0.54,-0.49,-0.53,0.43,-9.80,0.52,-0.16,0.35,-0.23,-0.23,43.00,1.88,-9.56
1066.647,364,190,18,19,5985.2,-0.54,-0.49,-0.53,0.43,-9.56,0.62,-0.47,0.37,-0.18,-0.16,43.00,1.88,-9.56
1066.663,362,188,24,21,5985.222,-0.54,-0.49,-0.53,0.44,-9.57,0.52,-0.45,0.33,-0.15,-0.12,43.06,2.38,-9.56
1066.68,362,188,24,21,5985.247,-0.54,-0.49,-0.52,0.44,-9.44,0.56,-0.51,0.35,-0.16,-0.12,43.06,2.38,-9.56
1066.703,364,185,24,22,5985.267,-0.54,-0.49,-0.52,0.44,-9.56,0.82,-0.24,0.45,-0.14,-0.11,43.19,3.19,-10.06
1066.73,366,184,25,23,5985.29,-0.54,-0.49,-0.52,0.45,-9.73,1.16,-0.27,0.47,-0.14,-0.04,43.19,3.19,-10.06
1066.747,366,184,25,23,5985.312,-0.53,-0.49,-0.52,0.45,-9.50,0.82,-0.11,0.40,-0.17,-0.01,43.19,3.19,-10.06
1066.763,366,184,25,23,5985.337,-0.53,-0.49,-0.51,0.45,-9.34,0.59,-0.04,0.38,-0.16,-0.02,44.38,3.25,-11.06
1066.782,366,182,26,24,5985.359,-0.53,-0.50,-0.51,0.46,-9.48,0.50,0.55,0.41,-0.11,0.04,44.38,3.25,-11.06
1066.798,368,181,28,24,5985.382,-0.53,-0.50,-0.51,0.46,-9.35,0.56,0.69,0.39,-0.17,0.09,44.19,3.75,-12.25
1066.815,368,181,28,24,5985.406,-0.53,-0.50,-0.50,0.46,-9.63,0.77,0.82,0.35,-0.14,0.15,44.19,3.75,-12.25
1066.834,370,179,28,24,5985.429,-0.53,-0.50,-0.50,0.46,-9.94,0.38,0.90,0.29,-0.08,0.16,44.25,4.25,-12.56
1066.85,370,179,28,24,5985.452,-0.53,-0.51,-0.50,0.46,-10.23,0.58,0.84,0.34,-0.05,0.08,44.25,4.25,-12.56
1066.867,372,178,28,25,5985.472,-0.53,-0.51,-0.50,0.47,-10.38,1.12,1.28,0.33,-0.03,0.06,44.00,4.00,-10.88
1066.892,372,178,28,25,5985.497,-0.53,-0.51,-0.49,0.47,-10.43,1.05,1.24,0.13,-0.06,0.11,44.00,4.00,-10.88
1066.914,374,175,28,26,5985.519,-0.53,-0.51,-0.49,0.47,-10.34,0.25,1.39,0.02,-0.09,0.08,42.88,4.38,-11.25
1066.935,374,173,30,28,5985.542,-0.53,-0.51,-0.49,0.47,-10.02,0.10,1.10,-0.01,-0.09,0.02,42.88,4.38,-11.25
1066.952,374,173,30,28,5985.564,-0.53,-0.51,-0.49,0.47,-10.09,0.18,0.96,0.00,-0.04,-0.01,42.88,4.38,-11.25
1066.972,374,171,32,29,5985.587,-0.53,-0.51,-0.49,0.47,-10.28,0.34,1.01,-0.05,-0.00,-0.02,42.50,3.38,-12.00
1066.992,376,170,32,28,5985.609,-0.53,-0.51,-0.49,0.47,-10.18,0.31,0.87,-0.10,-0.02,0.01,42.50,3.38,-12.00
1067.008,376,170,32,28,5985.632,-0.53,-0.50,-0.49,0.47,-9.96,0.24,0.63,-0.15,-0.04,-0.01,42.50,3.38,-12.75
1067.027,377,169,32,29,5985.656,-0.53,-0.50,-0.49,0.47,-9.76,0.20,0.73,-0.12,-0.02,-0.02,42.50,3.38,-12.75
1067.05,377,169,32,29,5985.679,-0.53,-0.50,-0.49,0.47,-9.85,0.97,0.78,-0.04,0.05,0.01,44.00,3.00,-12.75
1067.072,375,166,35,32,5985.701,-0.53,-0.50,-0.49,0.47,-9.99,1.23,0.75,-0.09,0.05,0.06,44.00,3.00,-12.75
1067.089,377,166,33,31,5985.722,-0.53,-0.50,-0.49,0.47,-10.02,1.13,0.76,-0.23,0.03,0.04,42.88,3.75,-12.38
1067.106,377,166,33,31,5985.746,-0.54,-0.50,-0.50,0.47,-9.65,0.45,0.76,-0.34,-0.02,-0.01,42.88,3.75,-12.38
1067.122,377,166,33,31,5985.769,-0.54,-0.50,-0.50,0.47,-9.37,-0.01,0.67,-0.33,-0.00,0.04,43.19,3.06,-12.00
1067.141,374,163,38,34,5985.792,-0.54,-0.49,-0.50,0.46,-9.71,0.45,0.48,-0.28,0.07,0.06,43.19,3.06,-12.00
1067.157,374,163,38,34,5985.812,-0.54,-0.49,-0.50,0.46,-10.14,0.73,1.00,-0.29,0.12,0.08,43.19,3.06,-12.00
1067.174,372,162,41,37,5985.837,-0.54,-0.49,-0.50,0.46,-10.01,0.58,0.80,-0.31,-0.01,0.08,42.88,3.50,-12.38
1067.191,372,162,41,37,5985.859,-0.54,-0.49,-0.50,0.46,-9.40,0.24,0.70,-0.32,-0.05,0.08,42.88,3.50,-12.38
1067.22,370,160,42,40,5985.882,-0.55,-0.49,-0.50,0.45,-9.13,0.30,0.45,-0.32,0.00,0.18,43.69,3.06,-10.75
1067.243,368,161,44,41,5985.906,-0.55,-0.49,-0.50,0.45,-9.44,0.53,0.04,-0.24,0.24,0.25,43.69,3.06,-10.75
1067.262,367,160,46,43,5985.929,-0.55,-0.49,-0.51,0.45,-10.24,1.12,0.07,-0.18,0.30,0.12,43.56,2.69,-10.75
1067.279,367,160,46,43,5985.953,-0.55,-0.49,-0.51,0.44,-10.02,1.55,0.22,-0.24,0.13,-0.03,43.56,2.69,-10.75
1067.298,366,161,49,45,5985.974,-0.55,-0.49,-0.51,0.44,-9.25,1.40,-0.19,-0.36,-0.02,0.04,44.00,2.25,-8.75
1067.314,366,161,49,45,5985.996,-0.55,-0.49,-0.51,0.44,-8.99,0.52,-0.60,-0.31,0.19,0.34,44.00,2.25,-8.75
1067.337,366,162,52,49,5986.019,-0.56,-0.49,-0.51,0.43,-9.74,0.95,-0.32,-0.15,0.40,0.20,44.00,3.19,-6.38
1067.354,366,162,52,49,5986.041,-0.55,-0.49,-0.51,0.43,-10.31,2.07,-0.46,-0.12,0.35,0.00,44.00,3.19,-6.38
1067.39,366,163,56,52,5986.064,-0.55,-0.49,-0.52,0.43,-10.09,2.21,-0.80,-0.23,0.16,0.04,44.00,3.19,-6.38
1067.409,367,166,58,55,5986.086,-0.56,-0.49,-0.52,0.43,-9.51,1.88,-1.31,-0.30,0.16,0.29,44.00,2.06,-5.25
1067.43,366,168,62,58,5986.109,-0.56,-0.49,-0.52,0.42,-9.91,0.95,-0.58,-0.28,0.27,0.26,44.00,2.06,-5.25
1067.45,366,168,62,58,5986.131,-0.56,-0.49,-0.52,0.42,-10.01,1.56,-0.53,-0.19,0.20,0.02,44.06,1.75,-2.19
1067.47,364,172,64,62,5986.156,-0.56,-0.49,-0.52,0.42,-9.81,1.64,-0.11,-0.28,0.07,-0.00,44.06,1.75,-2.19
1067.488,364,172,64,62,5986.179,-0.56,-0.49,-0.52,0.41,-8.78,1.43,-0.77,-0.33,0.07,0.20,44.75,0.50,-2.06
1067.521,362,175,70,67,5986.201,-0.56,-0.49,-0.52,0.41,-8.62,1.37,-1.11,-0.22,0.31,0.36,44.75,0.50,-2.06
1067.552,361,177,72,69,5986.224,-0.56,-0.50,-0.53,0.40,-10.14,1.94,-0.55,-0.10,0.58,0.27,45.25,-0.75,-0.50
1067.569,361,177,72,69,5986.246,-0.56,-0.50,-0.53,0.40,-9.89,2.47,-1.16,-0.30,0.26,-0.18,45.25,-0.75,-0.50
1067.589,359,173,74,70,5986.269,-0.56,-0.49,-0.53,0.40,-9.09,1.83,-0.72,-0.31,0.24,-0.01,46.19,-0.56,2.25
1067.605,359,169,71,66,5986.291,-0.56,-0.49,-0.54,0.39,-8.72,1.16,-1.18,-0.36,0.30,0.24,46.19,-0.56,2.25
1067.621,359,169,71,66,5986.314,-0.56,-0.50,-0.54,0.39,-9.00,1.45,-1.22,-0.23,0.49,0.38,46.19,-0.56,2.25
1067.643,355,164,68,64,5986.336,-0.56,-0.50,-0.54,0.38,-9.59,1.90,-0.86,-0.28,0.49,0.10,47.00,-2.75,3.00
1067.662,351,162,64,60,5986.359,-0.56,-0.50,-0.54,0.38,-9.29,2.35,-1.77,-0.35,0.31,-0.14,47.00,-2.75,3.00
1067.678,351,162,64,60,5986.381,-0.56,-0.50,-0.55,0.37,-9.41,1.60,-1.60,-0.34,0.46,-0.05,47.88,-4.06,5.50
1067.706,347,158,65,60,5986.406,-0.56,-0.50,-0.55,0.37,-9.61,1.24,-1.33,-0.14,0.56,0.18,47.88,-4.06,5.50
1067.722,347,158,65,60,5986.428,-0.55,-0.50,-0.55,0.37,-9.73,1.71,-1.00,-0.04,0.48,0.21,47.38,-6.06,5.50
1067.74,346,157,62,56,5986.451,-0.55,-0.50,-0.56,0.36,-9.22,1.85,-1.71,-0.15,0.31,0.16,47.38,-6.06,5.50
1067.757,346,156,59,54,5986.473,-0.55,-0.50,-0.56,0.36,-8.97,1.58,-2.21,-0.27,0.30,0.11,48.56,-7.38,6.75
1067.774,346,156,59,54,5986.496,-0.55,-0.51,-0.56,0.35,-8.88,1.14,-2.06,-0.10,0.55,0.18,48.56,-7.38,6.75
1067.801,345,155,56,52,5986.519,-0.55,-0.51,-0.56,0.35,-9.50,2.48,-1.97,0.06,0.65,0.37,47.25,-8.38,7.06
1067.817,345,155,56,52,5986.541,-0.55,-0.51,-0.56,0.34,-9.85,2.00,-1.72,-0.09,0.51,0.47,47.25,-8.38,7.06
1067.838,345,155,56,52,5986.564,-0.55,-0.52,-0.57,0.34,-9.34,1.41,-2.22,-0.27,0.26,0.29,47.25,-8.38,7.06
1067.864,345,156,53,48,5986.586,-0.55,-0.52,-0.57,0.33,-9.17,2.63,-2.09,-0.21,0.42,0.21,47.50,-9.75,8.06
1067.903,344,156,50,46,5986.607,-0.55,-0.52,-0.57,0.32,-9.04,1.96,-2.33,-0.27,0.53,0.40,47.50,-9.75,8.06
1067.937,345,157,48,44,5986.631,-0.55,-0.52,-0.57,0.32,-8.98,2.00,-2.94,-0.17,0.58,0.36,45.75,-10.19,6.50
1067.959,346,158,45,42,5986.656,-0.54,-0.53,-0.57,0.31,-9.23,2.80,-3.56,-0.03,0.73,0.02,45.75,-10.19,6.50
1067.98,347,160,43,40,5986.678,-0.54,-0.53,-0.58,0.31,-10.14,3.67,-3.12,-0.06,0.73,0.12,43.88,-10.19,5.06
1067.997,348,163,42,39,5986.703,-0.54,-0.53,-0.58,0.30,-10.00,3.08,-4.05,-0.22,0.48,0.33,43.88,-10.19,5.06
1068.024,348,163,42,39,5986.723,-0.54,-0.53,-0.58,0.30,-10.36,2.76,-4.46,-0.10,0.37,0.29,41.19,-10.38,5.25
1068.049,351,165,40,37,5986.746,-0.54,-0.53,-0.58,0.30,-10.74,4.36,-4.54,0.08,0.16,-0.03,41.19,-10.38,5.25
1068.068,355,168,37,35,5986.768,-0.53,-0.54,-0.58,0.30,-10.50,4.46,-4.45,0.00,-0.07,0.04,39.50,-9.38,4.38
1068.084,355,168,37,35,5986.793,-0.54,-0.53,-0.58,0.30,-9.85,3.71,-4.18,-0.12,-0.26,0.05,39.50,-9.38,4.38
1068.101,357,172,36,33,5986.813,-0.54,-0.53,-0.58,0.30,-8.97,3.07,-3.86,-0.09,-0.40,-0.17,40.25,-7.38,5.88
1068.117,357,172,36,33,5986.836,-0.54,-0.53,-0.58,0.30,-8.49,2.47,-3.58,-0.04,-0.36,-0.32,40.25,-7.38,5.88
1068.135,360,174,34,33,5986.859,-0.54,-0.53,-0.58,0.31,-8.34,2.05,-3.57,0.01,-0.25,-0.42,40.25,-7.38,5.88
1068.152,360,174,34,33,5986.883,-0.54,-0.52,-0.58,0.31,-8.97,2.26,-3.30,0.08,-0.10,-0.42,42.69,-6.00,7.19
1068.179,362,177,34,31,5986.906,-0.54,-0.52,-0.58,0.31,-9.60,2.67,-2.84,0.08,-0.17,-0.26,42.69,-6.00,7.19
1068.196,362,177,34,31,5986.928,-0.54,-0.52,-0.58,0.32,-9.35,2.31,-2.88,-0.02,-0.36,-0.22,45.19,-5.19,7.50
1068.216,364,179,33,31,5986.953,-0.54,-0.52,-0.58,0.32,-9.08,1.88,-3.00,-0.00,-0.39,-0.20,45.19,-5.19,7.50
1068.231,364,179,33,31,5986.975,-0.54,-0.51,-0.58,0.32,-8.93,2.20,-3.02,0.10,-0.31,-0.29,46.00,-4.50,9.38
1068.248,365,182,31,29,5986.998,-0.54,-0.51,-0.58,0.33,-9.42,2.42,-2.33,0.07,-0.31,-0.23,46.00,-4.50,9.38
1068.264,365,182,31,29,5987.018,-0.55,-0.51,-0.58,0.33,-9.45,1.93,-2.13,-0.01,-0.38,-0.19,46.75,-5.19,7.75
1068.284,365,184,31,28,5987.043,-0.55,-0.51,-0.58,0.33,-9.19,1.68,-2.41,-0.02,-0.39,-0.25,46.75,-5.19,7.75
1068.308,365,186,30,27,5987.065,-0.55,-0.50,-0.58,0.34,-8.99,1.86,-2.65,0.15,-0.26,-0.31,48.00,-4.75,9.25
1068.328,365,186,30,27,5987.088,-0.55,-0.50,-0.58,0.34,-9.38,1.99,-1.65,0.09,-0.29,-0.23,48.00,-4.75,9.25
1068.346,364,187,29,26,5987.108,-0.55,-0.50,-0.57,0.34,-9.23,1.27,-1.41,-0.03,-0.37,-0.12,48.00,-4.75,9.25
1068.366,364,190,27,25,5987.133,-0.55,-0.50,-0.57,0.35,-8.81,0.83,-1.75,0.01,-0.34,-0.14,46.69,-4.88,8.50
1068.382,364,190,27,25,5987.155,-0.55,-0.50,-0.57,0.35,-8.81,1.64,-1.95,0.20,-0.20,-0.19,46.69,-4.88,8.50
1068.404,362,192,27,23,5987.178,-0.55,-0.50,-0.57,0.35,-9.21,1.57,-1.68,0.16,-0.19,-0.07,47.50,-3.75,8.06
1068.42,362,192,27,23,5987.203,-0.55,-0.50,-0.57,0.35,-9.45,0.90,-1.42,0.08,-0.25,0.04,47.50,-3.75,8.06
1068.439,361,192,26,24,5987.225,-0.55,-0.50,-0.57,0.36,-9.42,1.23,-1.86,0.20,-0.26,-0.00,47.38,-3.06,8.06
1068.456,361,192,26,24,5987.248,-0.55,-0.50,-0.56,0.36,-9.37,1.81,-2.19,0.23,-0.24,-0.08,47.38,-3.06,8.06
1068.474,360,193,25,23,5987.27,-0.55,-0.50,-0.56,0.36,-9.59,1.55,-1.84,0.19,-0.23,-0.05,45.50,-3.06,7.06
1068.5,359,193,25,22,5987.293,-0.55,-0.50,-0.56,0.36,-9.73,1.20,-1.67,0.18,-0.27,0.03,45.50,-3.06,7.06
1068.516,359,193,25,22,5987.315,-0.55,-0.50,-0.56,0.37,-9.46,1.62,-1.70,0.24,-0.31,0.01,44.75,-1.88,4.56
1068.533,357,194,25,22,5987.338,-0.56,-0.50,-0.55,0.37,-9.29,2.08,-1.79,0.28,-0.32,0.01,44.75,-1.88,4.56
1068.55,357,194,25,22,5987.36,-0.56,-0.50,-0.55,0.37,-9.42,1.77,-1.15,0.20,-0.36,0.04,44.75,-1.88,4.56
1068.566,357,194,25,22,5987.383,-0.56,-0.50,-0.55,0.38,-9.31,1.33,-1.18,0.20,-0.28,-0.06,44.38,-1.19,3.50
1068.589,357,195,23,21,5987.405,-0.56,-0.50,-0.55,0.38,-9.65,1.58,-1.07,0.35,-0.12,-0.14,44.38,-1.19,3.50
1068.612,354,195,24,20,5987.43,-0.55,-0.50,-0.55,0.38,-9.93,2.17,-1.28,0.40,-0.08,-0.21,44.50,-1.19,2.25
1068.628,354,195,24,20,5987.452,-0.55,-0.50,-0.55,0.39,-10.03,2.56,-1.19,0.31,-0.26,-0.11,44.50,-1.19,2.25
1068.654,354,196,23,21,5987.475,-0.55,-0.50,-0.54,0.39,-9.76,2.09,-0.36,0.18,-0.42,-0.06,44.06,1.00,0.25
1068.67,354,196,23,21,5987.497,-0.55,-0.49,-0.54,0.40,-9.03,1.52,-1.01,0.09,-0.45,-0.13,44.06,1.00,0.25
1068.69,353,196,23,21,5987.52,-0.55,-0.49,-0.54,0.40,-9.12,1.29,-0.85,0.20,-0.25,-0.27,45.00,1.50,-0.88
1068.71,353,196,22,21,5987.543,-0.55,-0.49,-0.54,0.40,-9.89,1.24,-0.38,0.29,-0.15,-0.32,45.00,1.50,-0.88
1068.727,353,196,22,21,5987.565,-0.55,-0.49,-0.54,0.41,-10.39,1.50,0.01,0.23,-0.23,-0.20,43.88,1.56,-2.75
1068.744,354,196,20,21,5987.588,-0.55,-0.49,-0.54,0.41,-9.98,1.21,-0.33,0.13,-0.33,-0.20,43.88,1.56,-2.75
1068.761,354,196,20,21,5987.61,-0.55,-0.49,-0.53,0.42,-9.69,1.09,-0.50,0.15,-0.31,-0.29,43.88,1.56,-2.75
1068.782,353,195,20,24,5987.633,-0.55,-0.49,-0.53,0.42,-9.72,1.23,-0.46,0.23,-0.18,-0.30,43.75,4.19,-5.06
1068.813,354,197,17,18,5987.655,-0.55,-0.49,-0.53,0.42,-10.32,0.63,0.27,0.20,-0.19,-0.20,43.75,4.19,-5.06
1068.83,354,197,17,18,5987.68,-0.55,-0.48,-0.53,0.43,-10.33,0.48,0.09,0.20,-0.31,-0.13,45.50,4.38,-6.25
1068.849,350,195,22,20,5987.702,-0.55,-0.48,-0.53,0.43,-10.07,1.10,-0.15,0.28,-0.39,-0.14,45.50,4.38,-6.25
1068.868,350,195,22,20,5987.725,-0.55,-0.48,-0.53,0.44,-9.85,1.02,-0.16,0.21,-0.37,-0.20,44.75,5.50,-7.25
1068.885,350,195,22,20,5987.749,-0.55,-0.48,-0.52,0.44,-9.60,1.12,-0.33,0.17,-0.37,-0.24,44.75,5.50,-7.25
1068.901,350,195,22,20,5987.77,-0.55,-0.48,-0.52,0.44,-9.69,0.75,0.22,0.19,-0.33,-0.19,45.38,5.19,-7.69
1068.923,351,195,21,20,5987.794,-0.55,-0.48,-0.52,0.45,-9.68,0.72,-0.03,0.20,-0.33,-0.16,45.38,5.19,-7.69
1068.941,351,196,20,18,5987.815,-0.55,-0.48,-0.52,0.45,-9.60,0.09,0.01,0.17,-0.27,-0.17,45.06,6.06,-9.19
1068.965,351,196,20,18,5987.84,-0.55,-0.47,-0.52,0.46,-9.95,-0.09,0.06,0.27,-0.19,-0.16,45.06,6.06,-9.19
1068.983,351,195,22,18,5987.86,-0.55,-0.48,-0.52,0.46,-10.27,0.24,0.43,0.35,-0.18,-0.15,45.06,6.06,-9.19
1069,351,195,22,18,5987.885,-0.55,-0.48,-0.51,0.46,-10.28,0.69,0.73,0.37,-0.31,-0.02,45.25,6.50,-11.19
1069.021,351,194,23,21,5987.905,-0.55,-0.48,-0.51,0.47,-9.83,0.52,1.16,0.28,-0.41,0.10,45.25,6.50,-11.19
1069.039,352,193,23,21,5987.93,-0.55,-0.48,-0.50,0.47,-9.33,0.32,1.19,0.21,-0.41,0.08,45.38,6.19,-11.19
1069.055,352,193,23,21,5987.952,-0.55,-0.48,-0.50,0.47,-9.43,0.11,1.16,0.17,-0.17,-0.14,45.38,6.19,-11.19
1069.072,354,193,21,19,5987.977,-0.55,-0.47,-0.50,0.47,-9.83,0.55,1.72,0.16,-0.09,-0.15,44.38,6.25,-10.69
1069.088,354,193,21,19,5988.001,-0.55,-0.47,-0.50,0.48,-9.80,0.32,1.53,0.06,-0.11,-0.07,44.38,6.25,-10.69
1069.107,355,191,23,21,5988.022,-0.55,-0.47,-0.50,0.48,-9.68,-0.06,1.29,0.01,-0.10,-0.05,45.56,5.88,-11.50
1069.127,355,191,23,21,5988.046,-0.55,-0.47,-0.50,0.48,-9.51,-0.04,1.31,0.01,-0.07,-0.05,45.56,5.88,-11.50
1069.144,357,190,23,21,5988.067,-0.55,-0.47,-0.50,0.48,-9.49,0.06,1.45,-0.03,-0.02,-0.00,44.88,5.88,-12.25
1069.161,357,190,23,21,5988.091,-0.55,-0.47,-0.50,0.48,-9.50,-0.22,1.26,-0.10,0.01,0.04,44.88,5.88,-12.25
1069.182,357,187,25,22,5988.112,-0.55,-0.47,-0.50,0.48,-9.65,-0.29,1.24,-0.06,0.07,0.04,45.56,6.38,-11.88
1069.2,357,186,26,23,5988.134,-0.55,-0.47,-0.50,0.48,-9.82,0.16,1.23,-0.05,0.09,0.05,45.56,6.38,-11.88
1069.217,357,186,26,23,5988.157,-0.55,-0.47,-0.50,0.48,-9.80,0.34,1.24,-0.14,0.09,0.07,45.56,6.38,-11.88
1069.237,361,184,25,22,5988.182,-0.55,-0.47,-0.50,0.48,-9.86,-0.04,1.37,-0.21,0.11,0.11,44.88,5.56,-12.25
1069.254,361,184,25,22,5988.204,-0.55,-0.47,-0.50,0.48,-9.84,0.01,1.29,-0.18,0.10,0.06,44.88,5.56,-12.25
1069.27,361,184,25,22,5988.227,-0.55,-0.47,-0.50,0.47,-9.88,0.27,1.24,-0.18,0.11,0.06,45.69,5.25,-11.88
1069.299,363,181,27,25,5988.251,-0.55,-0.47,-0.50,0.47,-9.98,0.24,1.26,-0.20,0.15,0.15,45.69,5.25,-11.88
1069.32,364,179,26,25,5988.274,-0.55,-0.47,-0.51,0.47,-9.93,-0.06,1.35,-0.26,0.14,0.18,45.00,6.00,-11.88
1069.337,364,179,26,25,5988.294,-0.56,-0.47,-0.51,0.47,-9.69,0.07,1.24,-0.25,0.10,0.22,45.00,6.00,-11.88
1069.362,367,176,27,25,5988.317,-0.56,-0.47,-0.51,0.46,-9.70,0.08,1.19,-0.28,0.14,0.27,45.00,5.56,-10.69
1069.38,367,172,30,28,5988.339,-0.56,-0.47,-0.51,0.46,-9.77,0.53,0.24,-0.28,0.21,0.24,45.00,5.56,-10.69
1069.398,367,172,30,28,5988.362,-0.56,-0.47,-0.51,0.46,-10.35,0.49,0.33,-0.18,0.36,0.14,45.00,5.56,-9.88
1069.42,369,171,29,27,5988.384,-0.56,-0.47,-0.51,0.45,-10.52,0.85,0.45,-0.07,0.26,-0.12,45.00,5.56,-9.88
1069.443,369,171,29,27,5988.407,-0.56,-0.47,-0.52,0.45,-9.72,1.19,0.81,-0.18,0.13,-0.04,45.00,5.56,-9.88
1069.464,369,168,33,29,5988.429,-0.56,-0.47,-0.52,0.45,-9.00,0.75,0.37,-0.37,0.05,0.34,46.06,5.56,-7.56
1069.483,371,166,34,31,5988.454,-0.56,-0.47,-0.52,0.44,-8.96,0.51,-0.83,-0.24,0.44,0.61,46.06,5.56,-7.56
1069.5,371,164,36,33,5988.476,-0.56,-0.48,-0.52,0.43,-10.59,1.12,-0.22,-0.04,0.67,0.31,47.19,4.88,-6.38
1069.516,371,164,36,33,5988.501,-0.56,-0.48,-0.52,0.43,-10.56,1.80,0.02,-0.04,0.43,-0.11,47.19,4.88,-6.38
1069.535,371,162,39,35,5988.521,-0.56,-0.48,-0.52,0.43,-9.93,2.80,-0.49,-0.36,0.21,0.21,46.75,4.19,-4.00
1069.551,371,162,39,35,5988.544,-0.56,-0.48,-0.53,0.42,-8.75,0.54,-0.72,-0.42,0.26,0.41,46.75,4.19,-4.00
1069.568,371,159,40,37,5988.567,-0.56,-0.48,-0.53,0.42,-8.81,0.37,-1.06,-0.18,0.54,0.35,46.50,3.50,-2.56
1069.584,371,159,40,37,5988.591,-0.56,-0.48,-0.53,0.41,-9.90,1.37,-0.18,-0.00,0.61,0.05,46.50,3.50,-2.56
1069.61,374,159,39,37,5988.612,-0.56,-0.48,-0.53,0.41,-9.62,1.97,-0.50,-0.24,0.22,-0.00,47.25,3.19,2.06
1069.627,374,159,39,37,5988.634,-0.56,-0.48,-0.53,0.41,-9.04,1.37,-1.41,-0.24,0.29,0.31,47.25,3.19,2.06
1069.654,374,159,39,37,5988.657,-0.56,-0.49,-0.54,0.40,-9.15,0.84,-1.50,-0.10,0.47,0.36,47.25,3.19,2.06
1069.679,373,155,43,40,5988.681,-0.56,-0.49,-0.54,0.40,-9.98,1.62,-1.05,0.05,0.53,0.14,47.06,1.37,1.75
1069.7,373,154,46,43,5988.704,-0.56,-0.49,-0.54,0.40,-9.75,2.62,-1.77,-0.23,0.14,-0.13,47.06,1.37,1.75
1069.72,376,152,47,45,5988.726,-0.56,-0.49,-0.54,0.40,-9.35,1.78,-1.47,-0.31,0.16,-0.07,48.38,0.50,4.50
1069.738,375,150,51,50,5988.751,-0.56,-0.49,-0.55,0.39,-9.38,1.09,-1.41,-0.17,0.29,-0.02,48.38,0.50,4.50
1069.759,375,150,51,50,5988.771,-0.55,-0.49,-0.55,0.39,-9.51,1.11,-1.13,0.11,0.40,0.11,50.06,-1.69,5.25
1069.776,375,150,51,50,5988.794,-0.55,-0.49,-0.55,0.39,-9.81,1.85,-1.64,0.01,0.34,0.22,50.06,-1.69,5.25
1069.799,381,156,40,40,5988.816,-0.55,-0.50,-0.55,0.39,-9.38,0.79,-1.52,-0.04,0.22,0.04,51.00,-3.75,6.88
1069.818,375,153,57,53,5988.841,-0.55,-0.50,-0.55,0.39,-9.29,1.73,-1.94,0.03,0.24,-0.20,51.00,-3.75,6.88
1069.852,372,151,62,60,5988.861,-0.55,-0.50,-0.55,0.38,-9.34,2.84,-1.46,-0.18,0.33,0.20,51.56,-6.00,8.00
1069.869,372,151,62,60,5988.884,-0.55,-0.50,-0.56,0.38,-8.96,0.84,-1.40,-0.22,0.33,0.48,51.56,-6.00,8.00
1069.892,370,153,67,65,5988.907,-0.55,-0.50,-0.56,0.37,-8.94,0.89,-1.85,-0.01,0.41,0.33,51.56,-6.00,8.00
1069.922,370,157,71,67,5988.931,-0.54,-0.50,-0.56,0.37,-9.17,1.19,-1.64,0.08,0.46,0.02,54.25,-8.06,8.25
1069.939,370,157,71,67,5988.954,-0.54,-0.51,-0.56,0.37,-9.50,3.25,-1.72,-0.10,0.34,-0.10,54.25,-8.06,8.25
1069.956,365,159,77,73,5988.976,-0.54,-0.51,-0.56,0.37,-9.16,2.41,-1.61,-0.34,0.35,0.26,54.88,-11.75,7.88
1069.975,363,161,81,77,5989.001,-0.54,-0.51,-0.56,0.36,-9.08,1.53,-1.98,-0.31,0.46,0.39,54.88,-11.75,7.88
1069.992,363,161,81,77,5989.023,-0.54,-0.51,-0.57,0.35,-9.09,1.60,-2.13,-0.02,0.77,0.01,54.38,-13.19,5.00
1070.008,363,161,81,77,5989.046,-0.53,-0.51,-0.57,0.35,-9.35,2.79,-2.01,-0.04,0.83,-0.08,54.38,-13.19,5.00
1070.03,364,160,82,78,5989.066,-0.53,-0.52,-0.58,0.34,-9.43,3.27,-2.29,-0.24,0.72,0.25,54.69,-13.19,5.00
1070.052,363,156,83,79,5989.091,-0.53,-0.52,-0.58,0.34,-9.05,2.22,-3.16,-0.45,0.54,0.62,54.69,-13.19,5.00
1070.075,363,156,83,79,5989.113,-0.53,-0.52,-0.58,0.33,-9.27,1.73,-4.32,-0.22,0.66,0.34,54.25,-12.06,2.25
1070.094,360,152,81,79,5989.136,-0.53,-0.53,-0.59,0.32,-9.74,2.21,-4.67,-0.05,0.68,-0.04,54.25,-12.06,2.25
1070.119,359,151,77,73,5989.158,-0.52,-0.53,-0.59,0.32,-10.39,3.51,-4.53,0.06,0.58,0.01,54.25,-12.06,2.25
1070.135,359,151,77,73,5989.181,-0.52,-0.53,-0.59,0.32,-10.72,3.49,-4.47,-0.08,0.14,0.29,51.75,-8.69,0.69
1070.172,358,150,75,71,5989.203,-0.52,-0.53,-0.59,0.31,-10.27,3.04,-4.72,-0.09,-0.09,0.34,51.75,-8.69,0.69
1070.192,359,150,71,67,5989.226,-0.53,-0.53,-0.59,0.31,-9.63,3.19,-4.50,-0.08,-0.24,0.16,49.69,-5.50,1.19
1070.211,360,149,67,65,5989.251,-0.53,-0.53,-0.58,0.31,-8.98,2.86,-4.44,-0.05,-0.23,-0.11,49.69,-5.50,1.19
1070.234,360,149,67,65,5989.273,-0.53,-0.53,-0.58,0.31,-8.89,2.56,-4.23,-0.01,-0.18,-0.20,49.19,-4.38,1.25
1070.253,360,148,64,62,5989.298,-0.53,-0.53,-0.58,0.32,-8.89,2.58,-3.88,0.02,-0.20,-0.22,49.19,-4.38,1.25
1070.27,364,150,59,56,5989.32,-0.53,-0.52,-0.58,0.32,-8.73,1.96,-3.84,-0.03,-0.26,-0.20,49.88,-3.69,2.50
1070.287,364,150,59,56,5989.343,-0.53,-0.52,-0.58,0.32,-9.23,1.84,-3.30,0.07,-0.24,-0.18,49.88,-3.69,2.50
1070.31,365,152,54,52,5989.363,-0.53,-0.52,-0.58,0.33,-9.43,2.41,-3.30,0.10,-0.32,-0.16,50.06,-4.06,4.00
1070.326,365,152,54,52,5989.388,-0.53,-0.52,-0.58,0.33,-9.49,2.53,-3.30,0.05,-0.39,-0.11,50.06,-4.06,4.00
1070.343,365,152,54,52,5989.41,-0.54,-0.52,-0.58,0.33,-9.40,2.18,-2.94,0.05,-0.43,-0.14,49.25,-6.00,4.69
1070.363,371,156,42,43,5989.433,-0.54,-0.51,-0.58,0.33,-9.12,2.08,-3.18,0.05,-0.39,-0.24,49.25,-6.00,4.69
1070.394,368,156,48,44,5989.453,-0.54,-0.51,-0.58,0.34,-9.54,2.02,-2.35,0.08,-0.40,-0.20,49.25,-6.00,4.69
1070.41,368,156,48,44,5989.478,-0.54,-0.51,-0.57,0.34,-9.39,2.20,-2.28,0.05,-0.55,-0.13,50.75,-7.75,6.69
1070.433,369,158,46,42,5989.5,-0.54,-0.51,-0.57,0.35,-9.00,2.37,-2.59,-0.01,-0.52,-0.08,50.75,-7.75,6.69
1070.453,371,160,43,40,5989.523,-0.55,-0.50,-0.57,0.35,-9.38,1.32,-2.04,-0.03,-0.45,-0.17,51.06,-9.69,7.50
1070.469,371,160,43,40,5989.548,-0.55,-0.50,-0.57,0.35,-9.65,1.28,-1.59,0.11,-0.48,-0.19,51.06,-9.69,7.50
1070.487,373,162,41,38,5989.57,-0.55,-0.50,-0.57,0.36,-9.53,2.19,-1.64,0.08,-0.55,-0.09,50.38,-8.88,6.75
1070.503,373,162,41,38,5989.593,-0.55,-0.50,-0.56,0.36,-9.02,2.25,-2.46,-0.02,-0.50,-0.04,50.38,-8.88,6.75
1070.523,373,164,39,36,5989.613,-0.56,-0.49,-0.56,0.37,-9.61,0.88,-1.46,-0.06,-0.47,-0.12,50.88,-8.75,6.75
1070.551,375,169,32,31,5989.638,-0.56,-0.49,-0.56,0.37,-9.87,1.13,-1.29,0.12,-0.48,-0.17,50.88,-8.75,6.75
1070.568,375,169,32,31,5989.66,-0.56,-0.49,-0.55,0.37,-9.56,2.16,-1.40,0.26,-0.55,-0.10,48.88,-7.00,7.50
1070.586,373,170,34,32,5989.683,-0.56,-0.49,-0.55,0.38,-9.00,2.50,-2.03,0.19,-0.60,-0.08,48.88,-7.00,7.50
1070.615,372,173,32,29,5989.703,-0.56,-0.49,-0.55,0.38,-8.79,2.09,-2.15,0.05,-0.58,-0.22,48.88,-7.00,7.50
1070.632,372,173,32,29,5989.728,-0.57,-0.48,-0.54,0.39,-9.28,1.30,-1.45,0.13,-0.46,-0.21,48.69,-5.38,6.69
1070.648,372,173,32,29,5989.75,-0.57,-0.48,-0.54,0.39,-9.74,2.03,-0.93,0.27,-0.48,-0.14,48.69,-5.38,6.69
1070.667,370,175,32,29,5989.773,-0.57,-0.48,-0.54,0.40,-9.38,2.52,-1.34,0.20,-0.58,-0.14,48.19,-2.38,5.88
1070.684,368,177,30,29,5989.797,-0.57,-0.48,-0.53,0.40,-9.27,2.44,-1.62,0.13,-0.51,-0.13,48.19,-2.38,5.88
1070.705,368,177,30,29,5989.82,-0.57,-0.48,-0.53,0.41,-9.64,1.57,-0.59,0.12,-0.43,-0.26,46.06,-0.88,3.06
1070.729,366,180,28,26,5989.842,-0.57,-0.47,-0.53,0.41,-9.60,1.92,-0.15,0.19,-0.42,-0.31,46.06,-0.88,3.06
1070.745,366,180,28,26,5989.863,-0.57,-0.47,-0.53,0.42,-9.27,1.78,-0.16,0.13,-0.33,-0.26,46.06,1.69,1.06
1070.767,364,182,28,26,5989.888,-0.57,-0.47,-0.53,0.42,-8.91,1.35,-0.55,0.05,-0.27,-0.22,46.06,1.69,1.06
1070.789,363,185,27,25,5989.91,-0.57,-0.47,-0.53,0.42,-9.57,0.80,-0.22,0.14,-0.19,-0.11,45.38,3.50,-3.00
1070.805,363,185,27,25,5989.933,-0.57,-0.47,-0.52,0.43,-10.15,1.11,0.45,0.23,-0.31,-0.18,45.38,3.50,-3.00
1070.825,362,188,24,22,5989.955,-0.57,-0.46,-0.52,0.43,-9.76,1.34,0.37,0.15,-0.37,-0.26,45.38,3.50,-3.00
1070.841,362,188,24,22,5989.978,-0.57,-0.46,-0.52,0.43,-9.24,1.09,0.39,0.11,-0.32,-0.26,44.88,4.69,-4.50
1070.869,359,189,26,23,5990,-0.57,-0.46,-0.52,0.44,-9.28,0.82,0.50,0.18,-0.13,-0.20,44.88,4.69,-4.50
1070.886,357,191,25,22,5990.025,-0.57,-0.46,-0.52,0.44,-10.05,1.15,0.71,0.21,-0.04,-0.14,45.06,5.06,-6.56
1070.902,357,191,25,22,5990.049,-0.57,-0.46,-0.52,0.44,-10.06,1.05,0.76,0.14,-0.11,-0.15,45.06,5.06,-6.56
1070.922,355,193,24,21,5990.07,-0.57,-0.46,-0.52,0.44,-9.96,0.97,0.38,0.14,-0.14,-0.17,44.88,5.88,-9.25
1070.94,353,195,25,21,5990.092,-0.57,-0.46,-0.52,0.45,-9.65,0.37,0.00,0.11,-0.18,-0.24,44.88,5.88,-9.25
1070.957,353,195,25,21,5990.115,-0.57,-0.46,-0.52,0.45,-9.63,0.38,0.06,0.18,-0.18,-0.20,45.19,6.38,-9.69
1070.973,353,196,21,20,5990.139,-0.57,-0.46,-0.52,0.45,-9.76,0.34,-0.05,0.25,-0.22,-0.10,45.19,6.38,-9.69
1070.99,353,196,21,20,5990.16,-0.56,-0.46,-0.51,0.46,-9.80,0.56,0.34,0.31,-0.24,-0.11,45.00,6.75,-10.88
1071.006,353,196,21,20,5990.182,-0.56,-0.46,-0.51,0.46,-9.87,1.08,0.65,0.33,-0.26,-0.07,45.00,6.75,-10.88
1071.039,351,198,23,20,5990.205,-0.56,-0.46,-0.51,0.46,-9.86,0.76,0.83,0.28,-0.27,-0.01,45.00,6.75,-10.88
1071.058,351,200,20,19,5990.23,-0.56,-0.46,-0.51,0.46,-9.73,0.59,0.79,0.24,-0.24,-0.00,46.00,6.50,-11.69
1071.075,351,200,20,19,5990.25,-0.56,-0.46,-0.50,0.47,-10.10,0.31,0.66,0.28,-0.19,-0.04,46.00,6.50,-11.69
1071.095,350,200,22,20,5990.275,-0.56,-0.46,-0.50,0.47,-10.50,0.01,0.98,0.30,-0.22,-0.10,45.00,7.25,-12.06
1071.111,350,200,22,20,5990.299,-0.56,-0.46,-0.50,0.47,-10.33,0.18,1.05,0.34,-0.29,-0.17,45.00,7.25,-12.06
1071.132,349,201,21,19,5990.322,-0.56,-0.46,-0.50,0.48,-10.26,0.43,1.51,0.32,-0.31,-0.17,45.38,7.38,-13.56
1071.15,349,202,19,18,5990.346,-0.56,-0.46,-0.49,0.48,-10.01,0.06,1.75,0.27,-0.28,-0.21,45.38,7.38,-13.56
1071.167,349,202,19,18,5990.367,-0.56,-0.46,-0.49,0.49,-9.67,0.26,1.72,0.28,-0.24,-0.23,44.75,7.75,-13.56
1071.193,346,202,22,19,5990.389,-0.56,-0.46,-0.49,0.49,-9.76,0.41,2.37,0.15,-0.14,-0.05,44.75,7.75,-13.56
1071.209,346,202,22,19,5990.412,-0.56,-0.46,-0.49,0.49,-9.75,0.22,2.63,0.01,-0.13,0.06,44.88,7.50,-15.06
1071.228,347,202,20,18,5990.436,-0.56,-0.46,-0.49,0.49,-9.59,-0.33,2.23,-0.09,-0.09,0.01,44.88,7.50,-15.06
1071.247,347,201,19,18,5990.457,-0.56,-0.45,-0.49,0.49,-9.64,-0.70,2.17,-0.13,-0.02,-0.15,45.38,8.00,-14.69
1071.264,347,201,19,18,5990.481,-0.56,-0.45,-0.49,0.49,-9.57,-0.63,1.95,-0.12,0.09,-0.05,45.38,8.00,-14.69
1071.282,345,200,22,20,5990.502,-0.56,-0.45,-0.49,0.49,-9.54,-0.67,1.84,-0.16,0.10,0.03,45.38,8.00,-14.69
1071.298,345,200,22,20,5990.526,-0.56,-0.45,-0.49,0.49,-9.60,-0.76,1.92,-0.16,0.12,0.06,45.00,8.00,-14.00
1071.316,345,199,22,20,5990.549,-0.56,-0.45,-0.49,0.49,-9.75,0.01,1.47,-0.07,0.19,0.03,45.00,8.00,-14.00
1071.332,345,199,22,20,5990.572,-0.56,-0.45,-0.50,0.49,-10.18,0.68,1.75,-0.16,0.16,0.05,45.00,8.38,-14.25
1071.356,346,200,22,19,5990.596,-0.56,-0.45,-0.50,0.49,-9.91,0.37,1.63,-0.29,0.06,0.04,45.00,8.38,-14.25
1071.378,346,200,22,19,5990.619,-0.56,-0.45,-0.50,0.48,-9.67,0.15,1.42,-0.30,0.11,0.04,44.25,7.19,-14.00
1071.401,348,199,20,18,5990.641,-0.56,-0.45,-0.50,0.48,-9.74,0.27,0.57,-0.29,0.21,0.05,44.25,7.19,-14.00
1071.422,347,198,22,19,5990.662,-0.56,-0.45,-0.50,0.48,-10.17,0.30,0.96,-0.25,0.26,0.02,44.69,9.06,-12.75
1071.447,347,198,22,19,5990.686,-0.56,-0.45,-0.51,0.48,-10.23,0.59,0.88,-0.30,0.15,0.00,44.69,9.06,-12.75
1071.469,348,196,22,20,5990.709,-0.56,-0.45,-0.51,0.47,-9.89,0.48,0.66,-0.43,0.03,0.19,46.19,8.00,-11.56
1071.492,349,195,22,21,5990.731,-0.57,-0.44,-0.51,0.47,-9.53,0.03,0.21,-0.35,0.05,0.18,46.19,8.00,-11.56
1071.513,349,195,22,21,5990.752,-0.57,-0.44,-0.51,0.47,-9.79,0.31,0.26,-0.20,0.20,0.10,46.19,8.00,-11.56
1071.537,349,193,24,21,5990.776,-0.57,-0.44,-0.51,0.46,-10.28,1.24,0.41,-0.17,0.23,0.04,46.19,8.00,-10.38
1071.56,350,192,24,20,5990.799,-0.57,-0.44,-0.52,0.46,-9.77,0.66,0.48,-0.32,0.11,0.11,46.19,8.00,-10.38
1071.583,350,192,24,20,5990.821,-0.57,-0.44,-0.52,0.46,-9.43,0.37,0.51,-0.37,0.05,0.21,45.50,7.25,-9.19
1071.607,352,189,24,22,5990.846,-0.57,-0.44,-0.52,0.45,-9.25,0.31,0.44,-0.33,0.08,0.24,45.50,7.25,-9.19
1071.629,352,187,26,22,5990.868,-0.57,-0.44,-0.52,0.45,-9.31,0.80,0.25,-0.22,0.27,0.20,47.00,6.56,-8.50
1071.652,352,187,26,22,5990.891,-0.57,-0.44,-0.52,0.45,-10.39,1.12,0.60,-0.20,0.34,0.09,47.00,6.56,-8.50
1071.679,355,186,25,22,5990.912,-0.57,-0.44,-0.52,0.44,-10.12,0.76,0.54,-0.31,0.18,-0.03,46.19,7.38,-7.25
1071.698,357,184,25,22,5990.936,-0.58,-0.44,-0.53,0.44,-9.15,0.01,0.33,-0.38,0.06,-0.05,46.19,7.38,-7.25
1071.719,357,181,26,24,5990.959,-0.58,-0.44,-0.53,0.44,-8.78,0.92,0.09,-0.13,0.17,0.21,47.00,7.38,-5.25
1071.741,357,181,26,24,5990.981,-0.58,-0.44,-0.53,0.43,-9.65,0.71,0.10,-0.12,0.39,0.49,47.00,7.38,-5.25
1071.763,359,179,27,25,5991.002,-0.58,-0.45,-0.53,0.43,-10.32,1.51,-0.07,-0.12,0.40,0.34,47.00,7.38,-5.25
1071.787,359,179,27,25,5991.026,-0.58,-0.45,-0.53,0.43,-10.22,1.35,0.09,-0.14,0.20,0.06,47.25,6.38,-3.69
1071.81,361,178,28,25,5991.049,-0.58,-0.45,-0.53,0.43,-9.42,1.58,-0.08,-0.24,0.08,0.02,47.25,6.38,-3.69
1071.836,363,175,29,27,5991.073,-0.58,-0.45,-0.53,0.42,-9.14,1.26,-0.28,-0.21,0.17,0.28,48.06,5.38,-3.25
1071.858,363,175,29,27,5991.098,-0.58,-0.45,-0.54,0.42,-9.77,1.58,-0.18,-0.11,0.32,0.37,48.06,5.38,-3.25
1071.88,364,172,31,28,5991.118,-0.58,-0.45,-0.54,0.42,-10.02,1.98,-0.11,-0.29,0.15,-0.12,48.88,3.56,-1.75
1071.904,365,170,32,29,5991.143,-0.58,-0.45,-0.54,0.41,-9.68,2.04,-0.11,-0.33,0.08,-0.24,48.88,3.56,-1.75
1071.925,366,167,32,30,5991.163,-0.58,-0.45,-0.54,0.41,-9.55,1.94,-0.36,-0.26,0.18,-0.00,49.69,3.00,1.37
1071.949,366,167,32,30,5991.188,-0.58,-0.45,-0.54,0.41,-9.80,1.28,-0.42,-0.13,0.40,0.37,49.69,3.00,1.37
1071.97,365,166,34,31,5991.208,-0.58,-0.45,-0.55,0.40,-10.07,0.16,0.07,-0.06,0.34,0.21,50.50,2.06,2.88
1071.998,364,163,36,32,5991.233,-0.58,-0.45,-0.55,0.40,-9.52,1.17,-0.33,0.04,0.18,-0.10,50.50,2.06,2.88
1072.015,364,163,36,32,5991.254,-0.58,-0.45,-0.55,0.40,-9.27,2.20,-0.99,-0.04,0.10,-0.11,50.50,2.06,2.88
1072.039,363,159,38,34,5991.278,-0.58,-0.45,-0.55,0.40,-9.37,1.04,-1.38,-0.23,0.18,0.34,51.38,1.56,3.50
1072.062,362,157,38,34,5991.299,-0.58,-0.45,-0.55,0.40,-9.92,1.15,-2.18,-0.09,0.22,0.33,51.38,1.56,3.50
1072.084,362,154,40,36,5991.323,-0.58,-0.46,-0.55,0.39,-10.03,1.83,-3.02,-0.02,0.20,0.06,54.75,0.88,3.75
1072.108,362,154,40,36,5991.348,-0.58,-0.46,-0.55,0.39,-10.64,2.57,-2.35,0.01,0.20,-0.07,54.75,0.88,3.75
1072.13,362,150,42,41,5991.368,-0.58,-0.46,-0.55,0.39,-10.31,2.43,-2.29,-0.16,0.03,0.04,55.25,-1.19,4.06
1072.153,362,150,42,41,5991.391,-0.58,-0.46,-0.55,0.39,-9.68,1.87,-2.08,-0.25,-0.11,0.13,55.25,-1.19,4.06
1072.174,361,147,44,43,5991.413,-0.58,-0.45,-0.55,0.39,-8.82,1.60,-1.84,-0.18,-0.17,0.05,55.38,-0.75,4.06
1072.198,369,150,33,33,5991.436,-0.58,-0.45,-0.55,0.39,-8.47,1.47,-1.54,-0.05,0.03,-0.07,55.38,-0.75,4.06
1072.22,369,150,33,33,5991.458,-0.58,-0.45,-0.55,0.39,-9.02,2.16,-0.97,-0.00,0.17,-0.04,57.56,-0.69,2.88
1072.243,365,147,40,37,5991.481,-0.58,-0.45,-0.56,0.39,-9.48,1.53,-1.11,-0.10,0.18,-0.10,57.56,-0.69,2.88
1072.264,364,145,43,40,5991.503,-0.58,-0.45,-0.56,0.39,-9.73,1.28,-0.84,-0.12,0.15,-0.21,57.56,-0.69,2.88
1072.288,364,145,43,40,5991.526,-0.58,-0.45,-0.56,0.39,-10.04,1.26,-0.62,-0.03,0.08,-0.17,58.00,0.19,2.06
1072.31,361,144,46,43,5991.548,-0.58,-0.45,-0.56,0.39,-9.75,1.43,-0.91,-0.01,-0.01,-0.02,58.00,0.19,2.06
1072.335,360,145,45,44,5991.571,-0.58,-0.45,-0.56,0.39,-9.68,1.29,-1.09,0.01,-0.04,0.07,57.19,-0.56,3.56
1072.358,360,145,45,44,5991.596,-0.58,-0.45,-0.56,0.39,-9.77,1.33,-0.87,0.02,-0.02,0.03,57.19,-0.56,3.56
1072.38,360,148,43,41,5991.618,-0.58,-0.45,-0.56,0.39,-9.85,1.26,-0.50,-0.09,-0.08,-0.01,55.69,0.19,4.38
1072.402,359,148,45,44,5991.641,-0.58,-0.45,-0.56,0.39,-9.65,1.53,-0.46,-0.07,-0.12,0.11,55.69,0.19,4.38
1072.424,361,151,41,40,5991.661,-0.58,-0.45,-0.56,0.39,-9.70,1.72,-0.26,-0.09,-0.07,0.16,56.50,-0.88,5.19
1072.448,361,151,41,40,5991.686,-0.58,-0.45,-0.56,0.38,-9.58,1.49,-0.46,-0.14,-0.03,0.09,56.50,-0.88,5.19
1072.479,359,151,45,44,5991.708,-0.58,-0.45,-0.56,0.38,-9.82,1.32,-0.56,-0.15,0.09,0.04,56.19,-1.19,2.75
1072.508,363,154,37,39,5991.731,-0.58,-0.45,-0.56,0.38,-10.04,1.09,-0.75,-0.14,0.19,-0.05,56.19,-1.19,2.75
1072.526,363,154,37,39,5991.751,-0.58,-0.45,-0.56,0.38,-11.23,0.92,0.61,-0.73,0.39,-0.31,56.19,-1.19,2.75
1072.548,357,155,45,41,5991.776,-0.58,-0.44,-0.57,0.38,-9.95,0.68,-1.24,0.28,0.23,-0.19,54.25,-0.50,3.19
1072.567,354,157,45,41,5991.798,-0.58,-0.45,-0.57,0.38,-10.34,2.27,-1.65,0.24,0.02,0.00,54.25,-0.50,3.19
1072.584,354,157,45,41,5991.821,-0.58,-0.45,-0.57,0.38,-9.47,-0.09,-0.85,-0.27,0.00,0.12,54.25,-0.75,6.00
1072.608,352,157,45,41,5991.845,-0.58,-0.44,-0.57,0.38,-9.70,0.47,-1.07,-0.12,0.04,-0.11,54.25,-0.75,6.00
1072.63,352,157,45,41,5991.868,-0.58,-0.44,-0.57,0.38,-10.07,1.94,-0.67,0.15,0.10,-0.10,54.00,0.25,3.56
1072.652,352,157,45,41,5991.89,-0.58,-0.44,-0.57,0.38,-9.77,1.20,-0.72,-0.06,0.01,0.10,54.00,0.25,3.56
1072.682,351,156,45,41,5991.911,-0.58,-0.44,-0.57,0.38,-9.80,0.86,-1.01,-0.07,-0.03,0.08,53.56,-0.50,4.75
1072.704,350,156,45,41,5991.936,-0.58,-0.44,-0.57,0.38,-9.83,1.17,-1.19,0.01,-0.02,-0.03,53.56,-0.50,4.75
1072.724,348,155,46,42,5991.958,-0.58,-0.44,-0.57,0.38,-9.93,1.41,-0.77,0.02,-0.05,-0.03,54.25,0.69,5.19
1072.742,348,155,46,42,5991.979,-0.58,-0.44,-0.57,0.38,-9.66,1.05,-0.97,-0.02,-0.09,0.04,54.25,0.69,5.19
1072.763,349,155,45,41,5992.001,-0.58,-0.44,-0.57,0.38,-9.57,0.87,-0.92,-0.00,-0.06,0.02,54.25,0.69,5.19
1072.787,349,155,45,41,5992.026,-0.58,-0.44,-0.57,0.38,-9.73,1.19,-0.70,0.05,0.01,-0.06,53.56,0.69,4.38
1072.813,349,155,45,41,5992.048,-0.58,-0.44,-0.57,0.38,-9.65,1.19,-0.67,0.01,-0.03,-0.03,53.56,0.69,4.38
1072.85,348,155,45,41,5992.069,-0.58,-0.44,-0.57,0.38,-9.67,0.96,-0.71,-0.01,-0.02,0.01,54.25,1.37,4.38
1072.868,348,155,45,41,5992.093,-0.58,-0.45,-0.57,0.38,-9.80,1.00,-0.81,0.03,0.01,-0.04,54.25,1.37,4.38
1072.891,348,154,45,40,5992.114,-0.58,-0.45,-0.57,0.38,-9.93,1.29,-0.86,0.06,0.04,-0.10,54.00,1.00,4.00
1072.914,348,154,45,41,5992.136,-0.57,-0.45,-0.57,0.38,-10.02,1.20,-0.81,0.02,0.05,-0.06,54.00,1.00,4.00
1072.933,347,153,45,41,5992.159,-0.57,-0.45,-0.57,0.38,-9.89,0.95,-0.76,0.01,0.00,-0.06,55.75,1.37,4.75
1072.949,347,153,45,41,5992.181,-0.57,-0.45,-0.57,0.38,-9.76,1.09,-0.83,0.04,-0.01,-0.08,55.75,1.37,4.75
1072.968,352,156,35,33,5992.202,-0.57,-0.45,-0.57,0.38,-9.81,1.02,-0.62,0.03,-0.01,-0.07,55.75,1.37,4.75
1072.989,352,156,35,33,5992.226,-0.57,-0.45,-0.57,0.38,-9.64,0.92,-0.71,0.04,-0.03,-0.06,54.25,1.37,5.56
1073.014,346,152,44,40,5992.249,-0.57,-0.45,-0.57,0.38,-9.55,1.00,-0.70,0.05,-0.00,-0.07,54.25,1.37,5.56
1073.041,348,152,40,39,5992.269,-0.57,-0.45,-0.57,0.38,-9.59,0.99,-0.72,0.06,0.02,-0.04,55.06,1.37,4.00
1073.065,348,152,43,39,5992.294,-0.57,-0.45,-0.57,0.38,-9.60,1.19,-0.80,0.06,0.01,-0.03,55.06,1.37,4.00
1073.082,348,152,43,39,5992.314,-0.57,-0.45,-0.57,0.38,-9.64,1.07,-0.65,0.04,0.01,0.00,55.06,2.19,4.38
1073.104,350,153,36,35,5992.337,-0.57,-0.45,-0.57,0.38,-9.70,1.09,-0.82,0.06,0.02,-0.02,55.06,2.19,4.38
1073.123,348,152,42,39,5992.359,-0.57,-0.45,-0.57,0.38,-9.70,1.11,-0.66,0.06,0.03,-0.02,55.75,1.37,4.38
1073.145,348,152,42,39,5992.382,-0.57,-0.45,-0.57,0.38,-9.69,1.14,-0.75,0.04,0.02,-0.00,55.75,1.37,4.38
1073.17,354,155,33,31,5992.402,-0.57,-0.45,-0.57,0.38,-9.78,1.21,-0.72,0.03,0.03,0.03,55.75,1.37,4.38
1073.19,347,151,44,40,5992.427,-0.57,-0.45,-0.57,0.38,-9.82,1.17,-0.84,0.00,0.04,0.04,55.75,1.37,4.38
1073.211,347,151,44,40,5992.448,-0.57,-0.45,-0.57,0.38,-9.93,1.18,-0.74,0.01,0.05,0.02,55.75,1.37,4.38
1073.232,347,151,44,40,5992.47,-0.57,-0.45,-0.57,0.38,-10.03,1.23,-0.74,0.02,0.04,-0.02,56.19,0.69,4.00
1073.257,349,151,43,40,5992.493,-0.57,-0.45,-0.57,0.38,-10.03,1.27,-0.81,-0.01,0.01,-0.02,56.19,0.69,4.00
1073.278,354,153,33,34,5992.515,-0.57,-0.45,-0.57,0.38,-9.92,1.16,-0.85,-0.04,-0.04,-0.02,55.75,1.75,4.75
1073.308,348,151,45,41,5992.538,-0.57,-0.45,-0.57,0.38,-9.91,1.17,-0.87,-0.03,-0.04,-0.03,55.75,1.75,4.75
1073.325,348,151,45,41,5992.558,-0.57,-0.45,-0.57,0.38,-9.85,1.05,-0.78,-0.04,-0.05,-0.04,55.50,1.00,4.75
1073.346,354,154,33,32,5992.583,-0.57,-0.45,-0.57,0.38,-9.72,1.05,-0.91,-0.04,-0.06,-0.05,55.50,1.00,4.75
1073.367,347,150,44,40,5992.603,-0.57,-0.45,-0.57,0.38,-9.70,1.08,-0.81,-0.04,-0.03,-0.06,56.19,1.37,6.38
1073.39,347,150,44,40,5992.626,-0.57,-0.45,-0.57,0.38,-9.84,0.79,-1.11,-0.04,0.02,-0.08,56.19,1.37,6.38
1073.413,350,152,38,35,5992.648,-0.57,-0.45,-0.57,0.38,-10.02,0.90,-0.82,-0.03,0.00,-0.11,56.19,1.37,6.38
1073.471,346,148,44,42,5992.671,-0.57,-0.45,-0.57,0.38,-9.91,0.99,-0.83,-0.02,-0.04,-0.08,55.50,1.75,3.56
1073.534,348,149,40,38,5992.693,-0.57,-0.45,-0.57,0.38,-9.85,0.79,-0.67,-0.04,-0.09,-0.05,55.50,1.75,3.56
1073.558,346,147,44,42,5992.716,-0.57,-0.45,-0.57,0.38,-9.79,1.23,-0.55,-0.10,-0.15,-0.01,55.50,1.75,4.75
