1650.697,346,156,29,25,6557.906,-0.05,-0.70,0.04,0.71,-9.55,1.17,0.19,0.05,-0.08,0.05,31.69,-18.87,-2.50
1650.719,346,156,29,25,6557.931,-0.05,-0.70,0.04,0.71,-9.57,1.20,0.17,0.05,-0.07,0.07,31.69,-18.87,-2.50
1650.741,346,157,29,25,6557.952,-0.05,-0.70,0.04,0.71,-9.59,1.25,0.37,0.06,-0.05,0.07,31.69,-18.87,-2.50
1650.766,346,156,29,25,6557.976,-0.05,-0.70,0.04,0.71,-9.76,1.45,0.46,0.07,-0.02,0.04,31.25,-18.87,-2.50
1650.783,346,156,29,25,6557.997,-0.05,-0.70,0.04,0.71,-9.81,1.75,0.35,0.04,-0.03,0.07,31.25,-18.87,-2.50
1650.806,345,157,28,24,6558.021,-0.05,-0.70,0.04,0.71,-9.77,1.63,0.26,0.01,-0.03,0.08,30.56,-19.56,-1.69
1650.826,345,156,28,24,6558.044,-0.05,-0.70,0.04,0.71,-9.72,1.46,0.20,0.00,-0.02,0.02,30.56,-19.56,-1.69
1650.844,345,156,28,24,6558.044,-0.05,-0.70,0.04,0.71,-9.72,1.46,0.20,0.00,-0.02,0.02,30.56,-19.56,-1.69
1650.877,345,155,29,26,6567.409,-0.12,-0.68,-0.05,0.72,-9.63,0.56,0.69,0.01,0.02,0.01,30.56,-16.19,-4.38
1650.899,345,156,29,25,6567.432,-0.12,-0.68,-0.05,0.72,-9.83,0.73,0.75,0.03,0.03,0.00,30.56,-16.19,-4.38
1650.921,346,156,28,24,6567.454,-0.12,-0.68,-0.05,0.72,-9.90,0.98,0.65,0.03,0.03,-0.01,31.69,-15.50,-6.00
1650.939,346,156,28,24,6567.479,-0.12,-0.68,-0.05,0.72,-9.94,1.06,0.71,0.02,0.01,-0.00,31.69,-15.50,-6.00
1650.965,346,157,28,23,6567.501,-0.12,-0.68,-0.05,0.72,-9.76,0.94,0.76,-0.01,-0.01,0.01,31.69,-15.88,-4.75
1650.985,346,156,29,25,6567.524,-0.12,-0.68,-0.05,0.72,-9.76,0.86,0.79,-0.01,0.01,-0.01,31.69,-15.88,-4.75
1651.01,346,156,29,25,6567.548,-0.12,-0.68,-0.05,0.72,-9.74,0.83,0.79,-0.01,0.02,-0.01,30.56,-15.88,-6.38
1651.042,347,156,29,24,6567.571,-0.12,-0.68,-0.05,0.72,-9.76,0.75,0.62,-0.01,0.03,-0.00,30.56,-15.88,-6.38
1651.065,348,156,29,25,6567.593,-0.12,-0.68,-0.05,0.72,-9.87,0.76,0.60,-0.00,0.02,-0.00,31.69,-16.19,-4.75
1651.082,348,156,29,25,6567.616,-0.12,-0.68,-0.05,0.72,-9.89,0.77,0.61,-0.00,0.02,0.00,31.69,-16.19,-4.75
1651.109,350,156,28,25,6567.639,-0.12,-0.68,-0.05,0.72,-9.86,0.75,0.61,-0.00,0.01,0.01,31.69,-15.88,-5.56
1651.129,351,156,29,25,6567.661,-0.12,-0.68,-0.05,0.72,-9.84,0.76,0.61,0.00,0.00,0.02,31.69,-15.88,-5.56
1651.147,351,156,29,25,6567.684,-0.12,-0.68,-0.05,0.72,-9.83,0.87,0.65,0.00,-0.00,0.01,31.69,-15.88,-5.56
1651.17,352,157,28,23,6567.706,-0.12,-0.68,-0.05,0.72,-9.85,0.93,0.66,0.00,-0.01,0.00,31.69,-16.19,-5.56
1651.198,353,156,28,24,6567.731,-0.12,-0.68,-0.05,0.72,-9.86,0.93,0.67,-0.01,-0.01,0.01,31.69,-16.19,-5.56
1651.216,353,156,28,24,6567.751,-0.12,-0.68,-0.05,0.72,-9.88,0.84,0.70,-0.00,-0.01,-0.00,30.56,-16.19,-6.00
1651.241,353,156,29,25,6567.776,-0.12,-0.68,-0.05,0.72,-9.89,0.85,0.69,-0.00,-0.02,-0.01,30.56,-16.19,-6.00
1651.263,352,157,28,24,6567.796,-0.12,-0.68,-0.05,0.72,-9.75,0.78,0.73,-0.01,-0.03,-0.00,31.00,-16.56,-6.38
1651.279,352,157,28,24,6567.821,-0.12,-0.68,-0.05,0.72,-9.71,0.62,0.60,-0.00,-0.02,0.02,31.00,-16.56,-6.38
1651.302,351,157,29,26,6567.841,-0.12,-0.68,-0.05,0.72,-9.73,0.69,0.66,0.02,-0.00,0.00,31.25,-16.19,-4.38
1651.324,351,158,29,25,6567.866,-0.12,-0.68,-0.05,0.72,-9.89,0.95,0.61,0.03,-0.01,-0.01,31.25,-16.19,-4.38
1651.35,351,158,29,25,6567.886,-0.12,-0.68,-0.05,0.72,-9.96,1.01,0.71,0.02,-0.02,0.01,31.25,-16.19,-4.38
1651.369,351,158,30,25,6567.911,-0.12,-0.68,-0.05,0.72,-9.77,0.92,0.73,-0.00,-0.03,0.02,31.69,-15.50,-4.75
1651.387,351,158,30,26,6567.931,-0.12,-0.68,-0.05,0.72,-9.64,0.87,0.89,-0.01,-0.02,0.01,31.69,-15.50,-4.75
1651.403,351,158,30,26,6567.956,-0.12,-0.68,-0.05,0.72,-9.64,0.98,0.99,-0.00,-0.01,-0.01,31.25,-15.88,-4.38
1651.422,350,158,30,26,6567.979,-0.12,-0.68,-0.05,0.72,-9.58,1.05,0.82,-0.03,0.01,-0.01,31.25,-15.88,-4.38
1651.438,350,158,30,26,6568.001,-0.12,-0.68,-0.05,0.72,-9.73,0.87,0.85,-0.03,0.03,-0.01,31.25,-16.19,-5.19
1651.454,350,158,30,26,6568.024,-0.12,-0.68,-0.05,0.72,-9.76,0.93,0.71,-0.03,0.05,-0.03,31.25,-16.19,-5.19
1651.478,350,158,30,26,6568.044,-0.12,-0.68,-0.05,0.72,-9.99,1.03,0.64,-0.03,0.06,-0.05,32.06,-15.50,-4.88
1651.509,352,159,29,26,6568.069,-0.12,-0.68,-0.05,0.72,-10.00,0.88,0.56,-0.05,0.02,-0.02,32.06,-15.50,-4.88
1651.526,352,159,29,26,6568.091,-0.12,-0.68,-0.05,0.72,-9.88,0.61,0.57,-0.04,0.00,-0.01,31.69,-16.19,-5.19
1651.552,353,159,29,27,6568.114,-0.12,-0.68,-0.05,0.72,-9.80,0.47,0.55,-0.02,-0.00,-0.01,31.69,-16.19,-5.19
1651.574,355,161,29,25,6568.136,-0.12,-0.68,-0.05,0.72,-9.74,0.52,0.68,-0.01,0.00,-0.01,31.69,-16.19,-5.19
1651.598,357,162,29,27,6568.159,-0.12,-0.68,-0.05,0.72,-9.76,0.60,0.58,0.02,0.00,0.01,32.50,-16.19,-6.38
1651.615,357,162,29,27,6568.181,-0.12,-0.68,-0.05,0.72,-9.83,0.70,0.65,0.03,-0.00,0.01,32.50,-16.19,-6.38
1651.673,358,163,30,27,6568.206,-0.12,-0.68,-0.05,0.72,-9.89,0.98,0.63,0.03,-0.01,0.01,31.69,-15.88,-5.19
1651.706,361,164,29,25,6568.228,-0.12,-0.68,-0.05,0.72,-9.90,0.99,0.64,0.00,-0.02,0.02,31.69,-15.88,-5.19
1651.734,362,163,30,26,6568.251,-0.12,-0.68,-0.05,0.72,-9.83,0.82,0.79,-0.00,-0.03,0.01,31.25,-16.19,-5.56
1651.791,362,162,28,27,6568.273,-0.12,-0.68,-0.05,0.72,-9.68,0.82,0.71,-0.00,-0.03,0.00,31.25,-16.19,-5.56
1651.808,362,162,28,27,6568.298,-0.12,-0.68,-0.05,0.72,-9.63,0.85,0.82,-0.01,-0.02,0.01,32.06,-16.19,-5.19
1651.833,361,160,29,26,6568.321,-0.12,-0.68,-0.05,0.72,-9.66,0.76,0.73,-0.00,0.01,0.02,32.06,-16.19,-5.19
1651.869,360,158,29,26,6568.341,-0.12,-0.68,-0.05,0.72,-9.82,0.95,0.73,0.01,0.02,0.00,31.00,-16.19,-6.00
1651.909,359,157,29,25,6568.366,-0.12,-0.68,-0.05,0.72,-9.91,1.11,0.60,-0.00,0.02,-0.01,31.00,-16.19,-6.00
1651.932,358,156,29,25,6568.388,-0.12,-0.68,-0.05,0.72,-9.99,1.02,0.69,-0.02,0.01,-0.01,31.69,-15.88,-4.38
1651.974,358,156,29,25,6568.411,-0.12,-0.68,-0.05,0.72,-9.86,0.75,0.58,-0.02,-0.01,-0.01,31.69,-15.88,-4.38
1652.003,357,156,28,23,6568.431,-0.12,-0.68,-0.05,0.72,-9.78,0.68,0.67,-0.01,-0.01,-0.01,31.69,-15.88,-4.38
1652.038,358,155,29,25,6568.456,-0.12,-0.68,-0.05,0.72,-9.78,0.65,0.69,-0.00,0.00,-0.01,31.25,-15.50,-4.38
1652.055,358,155,29,25,6568.478,-0.12,-0.68,-0.05,0.72,-9.83,0.63,0.70,0.01,-0.00,0.00,31.25,-15.50,-4.38
1652.081,361,157,27,24,6568.501,-0.12,-0.68,-0.05,0.72,-9.73,0.88,0.75,0.02,-0.01,0.00,31.69,-16.56,-5.19
1652.126,361,158,29,25,6568.523,-0.12,-0.68,-0.05,0.72,-9.69,0.92,0.61,0.01,-0.01,0.02,31.69,-16.56,-5.19
1652.152,363,159,28,25,6568.548,-0.12,-0.68,-0.05,0.72,-9.75,0.90,0.71,0.01,0.02,-0.00,32.06,-15.88,-5.56
1652.212,364,161,29,25,6568.57,-0.12,-0.68,-0.05,0.72,-9.88,1.02,0.72,0.00,0.02,-0.02,32.06,-15.88,-5.56
1652.245,365,162,28,24,6568.593,-0.12,-0.68,-0.05,0.72,-9.81,0.97,0.78,-0.01,0.00,-0.00,31.25,-16.56,-5.19
1652.262,365,162,28,24,6568.617,-0.12,-0.68,-0.05,0.72,-9.76,0.71,0.67,-0.02,-0.00,0.01,31.25,-16.56,-5.19
1652.292,367,163,29,25,6568.64,-0.12,-0.68,-0.05,0.72,-9.71,0.71,0.73,-0.00,0.01,-0.01,31.69,-15.88,-6.00
1652.316,367,162,29,25,6568.66,-0.12,-0.68,-0.05,0.72,-9.71,0.77,0.58,-0.00,0.02,-0.01,31.69,-15.88,-6.00
1652.342,367,161,29,24,6568.683,-0.12,-0.68,-0.05,0.72,-9.90,0.84,0.61,0.01,0.03,-0.00,31.69,-15.88,-6.00
1652.367,366,161,28,25,6568.706,-0.12,-0.68,-0.05,0.72,-9.95,0.86,0.71,0.00,0.01,-0.01,32.06,-15.88,-5.19
1652.394,366,161,28,25,6568.73,-0.12,-0.68,-0.05,0.72,-9.97,0.81,0.57,-0.01,-0.00,-0.01,32.06,-15.88,-5.19
1652.415,364,161,28,25,6568.753,-0.12,-0.68,-0.05,0.72,-9.89,0.59,0.69,-0.01,-0.02,0.00,31.69,-16.19,-4.88
1652.438,361,161,27,25,6568.775,-0.12,-0.68,-0.05,0.72,-9.81,0.61,0.60,0.01,-0.04,-0.00,31.69,-16.19,-4.88
1652.46,355,163,27,25,6568.798,-0.12,-0.68,-0.05,0.72,-9.74,0.72,0.59,0.02,-0.03,0.01,31.00,-16.19,-6.38
1652.477,355,163,27,25,6568.82,-0.12,-0.68,-0.05,0.72,-9.77,0.69,0.75,0.02,-0.03,0.02,31.00,-16.19,-6.38
1652.498,350,163,30,26,6568.841,-0.12,-0.68,-0.05,0.72,-9.75,0.71,0.88,0.03,-0.04,0.02,31.00,-16.19,-4.38
1652.515,350,163,30,26,6568.865,-0.12,-0.68,-0.05,0.72,-9.66,0.84,0.78,0.03,-0.04,0.02,31.00,-16.19,-4.38
1652.536,350,165,29,25,6568.888,-0.12,-0.68,-0.05,0.72,-9.66,0.96,0.73,0.02,-0.00,0.02,31.69,-15.06,-5.19
1652.559,350,165,29,25,6568.91,-0.12,-0.68,-0.05,0.72,-9.86,1.10,0.75,0.02,0.00,0.00,31.69,-15.06,-5.19
1652.58,348,167,27,25,6568.931,-0.12,-0.68,-0.05,0.72,-9.86,1.15,0.85,-0.00,-0.01,-0.00,31.69,-15.06,-5.19
1652.607,345,169,28,24,6568.955,-0.12,-0.68,-0.05,0.72,-9.73,0.97,0.86,-0.03,-0.01,0.01,32.06,-15.88,-4.38
1652.624,345,169,28,24,6568.978,-0.12,-0.68,-0.05,0.72,-9.68,0.69,0.75,-0.02,0.02,-0.01,32.06,-15.88,-4.38
1652.651,342,170,28,26,6569.003,-0.12,-0.68,-0.05,0.72,-9.69,0.72,0.74,-0.01,0.02,-0.02,31.69,-16.19,-6.00
1652.676,339,171,30,26,6569.025,-0.12,-0.68,-0.05,0.72,-9.86,0.85,0.59,-0.00,0.02,-0.01,31.69,-16.19,-6.00
1652.696,338,173,29,26,6569.05,-0.12,-0.68,-0.05,0.72,-10.00,0.70,0.68,-0.01,0.01,-0.00,32.06,-16.19,-5.56
1652.722,338,173,29,26,6569.072,-0.12,-0.68,-0.05,0.72,-9.93,0.69,0.67,-0.00,-0.02,-0.01,32.06,-16.19,-5.56
1652.746,336,174,29,28,6569.095,-0.12,-0.68,-0.05,0.72,-9.73,0.65,0.62,0.01,-0.02,0.00,31.69,-15.88,-5.19
1652.766,334,178,29,27,6569.117,-0.12,-0.68,-0.05,0.72,-9.80,0.71,0.59,0.04,-0.01,0.00,31.69,-15.88,-5.19
1652.782,334,178,29,27,6569.14,-0.12,-0.68,-0.05,0.72,-9.93,0.81,0.61,0.04,-0.02,-0.00,31.69,-15.88,-6.38
1652.803,331,182,30,27,6569.162,-0.12,-0.68,-0.05,0.72,-9.96,0.81,0.55,0.03,-0.03,0.00,31.69,-15.88,-6.38
1652.827,330,186,29,26,6569.185,-0.12,-0.68,-0.05,0.72,-9.89,0.61,0.59,0.03,-0.05,0.02,31.69,-15.88,-6.38
1652.847,330,186,29,26,6569.207,-0.11,-0.68,-0.05,0.72,-9.99,0.60,0.43,0.07,-0.04,-0.00,31.69,-15.88,-5.56
1652.864,330,186,29,26,6569.23,-0.11,-0.68,-0.05,0.72,-10.05,0.67,0.48,0.10,-0.07,-0.03,31.69,-15.88,-5.56
1652.894,329,189,29,28,6569.25,-0.11,-0.68,-0.05,0.72,-9.95,0.53,0.66,0.11,-0.09,0.00,31.69,-15.88,-6.00
1652.918,328,193,30,28,6569.277,-0.11,-0.68,-0.05,0.73,-9.76,0.40,0.78,0.13,-0.11,0.03,31.69,-15.88,-6.00
1652.94,331,199,22,23,6569.297,-0.11,-0.68,-0.05,0.73,-9.56,0.47,0.87,0.17,-0.09,0.03,31.69,-15.50,-7.19
1652.957,331,199,22,23,6569.32,-0.11,-0.68,-0.04,0.73,-9.47,0.71,1.04,0.23,-0.07,-0.01,31.69,-15.50,-7.19
1653.001,327,201,30,27,6569.342,-0.11,-0.68,-0.04,0.73,-9.36,0.78,1.12,0.25,-0.04,-0.01,31.00,-15.06,-6.38
1653.028,327,202,31,27,6569.365,-0.11,-0.68,-0.04,0.73,-9.28,0.65,1.09,0.26,-0.01,-0.01,31.00,-15.06,-6.38
1653.056,328,199,30,28,6569.388,-0.10,-0.68,-0.04,0.73,-9.13,-0.32,0.72,0.50,0.17,-0.15,31.69,-14.38,-6.38
1653.077,331,195,28,26,6569.41,-0.10,-0.68,-0.04,0.73,-9.30,0.09,0.78,0.64,0.25,-0.28,31.69,-14.38,-6.38
1653.102,336,187,29,24,6569.433,-0.09,-0.68,-0.03,0.72,-9.35,1.09,0.36,0.81,0.30,-0.48,31.69,-14.38,-6.38
1653.119,336,187,29,24,6569.455,-0.08,-0.69,-0.03,0.72,-9.35,1.22,0.29,0.82,0.38,-0.51,31.69,-14.38,-4.88
1653.157,347,181,21,19,6569.478,-0.07,-0.69,-0.03,0.72,-9.32,0.35,0.97,0.76,0.51,-0.28,31.69,-14.38,-4.88
1653.179,352,173,24,21,6569.502,-0.06,-0.69,-0.02,0.72,-9.93,0.58,0.23,0.63,0.47,-0.21,31.00,-13.25,-4.00
1653.231,357,166,27,25,6569.527,-0.06,-0.70,-0.02,0.71,-10.11,1.02,0.04,0.59,0.48,-0.18,31.00,-13.25,-4.00
1653.264,363,166,26,22,6569.547,-0.05,-0.70,-0.02,0.71,-10.52,1.04,-0.34,0.45,0.41,0.04,32.19,-13.00,-0.37
1653.286,368,164,27,25,6569.57,-0.05,-0.71,-0.01,0.71,-10.23,0.66,-0.09,0.45,0.36,-0.03,32.19,-13.00,-0.37
1653.308,372,164,26,24,6569.592,-0.04,-0.71,-0.01,0.70,-10.35,0.35,0.09,0.45,0.38,-0.08,32.19,-14.06,-0.69
1653.324,372,164,26,24,6569.615,-0.04,-0.71,-0.01,0.70,-10.13,0.24,-0.10,0.44,0.33,-0.16,32.19,-14.06,-0.69
1653.342,374,167,26,22,6569.637,-0.03,-0.71,-0.01,0.70,-9.95,0.49,-0.52,0.50,0.36,-0.20,31.75,-11.75,-1.88
1653.365,374,167,26,22,6569.66,-0.03,-0.72,-0.00,0.70,-9.83,0.42,-0.81,0.47,0.31,-0.12,31.75,-11.75,-1.88
1653.39,378,167,26,24,6569.682,-0.02,-0.72,-0.00,0.69,-9.50,0.02,-1.05,0.44,0.24,-0.01,31.75,-11.75,-1.88
1653.411,381,168,29,26,6569.705,-0.02,-0.72,0.00,0.69,-9.43,-0.22,-0.78,0.42,0.20,0.05,32.56,-10.75,0.19
1653.433,384,170,28,26,6569.728,-0.02,-0.72,0.01,0.69,-9.34,0.07,-1.08,0.42,0.17,0.03,32.56,-10.75,0.19
1653.458,384,170,28,26,6569.752,-0.02,-0.72,0.01,0.69,-9.66,-0.18,-0.89,0.39,0.21,-0.02,33.25,-10.00,1.50
1653.479,389,173,28,27,6569.775,-0.01,-0.73,0.01,0.69,-9.92,-0.44,-0.78,0.38,0.26,-0.08,33.25,-10.00,1.50
1653.502,395,177,27,25,6569.797,-0.01,-0.73,0.01,0.69,-10.40,0.15,-0.52,0.50,0.27,-0.08,32.56,-10.88,1.56
1653.526,395,177,27,25,6569.82,-0.00,-0.73,0.02,0.68,-10.50,0.83,-0.70,0.50,0.22,-0.05,32.56,-10.88,1.56
1653.547,403,182,20,21,6569.842,0.00,-0.73,0.02,0.68,-10.42,1.25,-0.61,0.43,0.18,-0.03,32.56,-9.75,1.19
1653.568,407,183,27,26,6569.867,0.00,-0.73,0.02,0.68,-10.39,1.35,-0.68,0.28,0.18,0.03,32.56,-9.75,1.19
1653.594,407,183,27,26,6569.887,0.00,-0.73,0.02,0.68,-10.56,0.60,-0.86,0.19,0.20,-0.04,32.56,-9.75,0.50
1653.62,412,190,27,22,6569.91,0.00,-0.74,0.02,0.68,-10.72,0.54,-0.69,0.20,0.25,-0.15,32.56,-9.75,0.50
1653.641,416,192,28,24,6569.932,0.01,-0.74,0.02,0.68,-10.81,1.07,-0.72,0.23,0.21,-0.25,32.56,-9.75,0.50
1653.657,416,192,28,24,6569.955,0.01,-0.74,0.02,0.67,-10.81,0.86,-0.75,0.17,0.15,-0.29,31.06,-9.25,1.25
1653.686,420,195,29,26,6569.977,0.01,-0.74,0.02,0.67,-10.44,0.44,-0.30,0.13,-0.00,-0.21,31.06,-9.25,1.25
1653.702,420,195,29,26,6570,0.02,-0.74,0.02,0.67,-9.78,0.44,-0.26,0.10,-0.12,-0.19,31.37,-7.75,2.56
1653.727,424,201,28,23,6570.024,0.02,-0.74,0.02,0.68,-9.33,0.12,-0.67,0.05,-0.16,-0.15,31.37,-7.75,2.56
1653.752,426,202,30,27,6570.047,0.02,-0.74,0.02,0.68,-9.38,-0.18,-0.57,0.04,-0.08,-0.13,31.75,-7.00,2.50
1653.771,431,206,27,26,6570.067,0.02,-0.74,0.02,0.68,-9.40,0.12,-0.28,0.07,-0.09,-0.10,31.75,-7.00,2.50
1653.791,431,206,27,26,6570.09,0.02,-0.73,0.02,0.68,-9.13,0.05,-0.52,0.04,-0.16,-0.03,32.56,-7.38,1.56
1653.811,439,212,25,25,6570.115,0.02,-0.73,0.02,0.68,-9.03,-0.24,-0.66,0.00,-0.15,0.03,32.56,-7.38,1.56
1653.845,441,216,28,26,6570.135,0.02,-0.73,0.02,0.68,-9.17,-0.23,-0.61,-0.01,-0.12,0.02,31.75,-6.69,1.00
1653.861,441,216,28,26,6570.158,0.02,-0.73,0.02,0.68,-9.20,-0.41,-0.69,0.02,-0.09,0.02,31.75,-6.69,1.00
1653.884,448,223,22,24,6570.178,0.02,-0.73,0.02,0.68,-9.16,-0.38,-0.59,0.09,-0.07,0.08,31.75,-6.69,1.00
1653.906,453,230,27,25,6570.201,0.02,-0.73,0.02,0.68,-9.23,-0.28,-0.63,0.14,-0.06,0.23,32.56,-6.69,0.56
1653.929,457,238,27,25,6570.225,0.02,-0.73,0.02,0.68,-9.09,-0.35,-0.78,0.11,-0.05,0.28,32.56,-6.69,0.56
1653.95,457,238,27,25,6570.246,0.02,-0.73,0.03,0.68,-9.30,-0.41,-1.02,0.10,0.01,0.19,32.56,-7.75,1.50
1653.97,457,238,27,25,6570.268,0.02,-0.73,0.03,0.68,-9.65,-0.04,-0.82,0.13,0.10,0.14,32.56,-7.75,1.50
1654.005,459,242,30,27,6570.291,0.02,-0.73,0.03,0.68,-9.84,0.00,-0.72,0.15,0.10,0.14,31.75,-7.00,-0.06
1654.03,466,251,23,21,6570.315,0.02,-0.73,0.03,0.68,-9.83,0.00,-0.85,0.13,0.10,0.11,31.75,-7.00,-0.06
1654.053,466,254,27,25,6570.336,0.02,-0.73,0.03,0.68,-9.77,-0.03,-0.88,0.15,0.12,0.06,31.06,-7.00,1.50
1654.075,467,257,25,23,6570.358,0.02,-0.73,0.03,0.68,-10.02,-0.07,-0.84,0.15,0.18,0.01,31.06,-7.00,1.50
1654.091,467,257,25,23,6570.379,0.02,-0.73,0.03,0.68,-10.20,-0.06,-0.61,0.15,0.20,-0.04,31.06,-7.00,1.50
1654.111,465,253,26,24,6570.403,0.02,-0.74,0.03,0.68,-10.28,-0.12,-1.13,0.16,0.17,-0.06,30.69,-7.38,2.25
1654.127,465,253,26,24,6570.426,0.02,-0.74,0.03,0.67,-10.27,-0.55,-1.02,0.20,0.23,-0.11,30.69,-7.38,2.25
1654.156,465,249,25,24,6570.448,0.02,-0.74,0.03,0.67,-10.24,-0.97,-0.94,0.27,0.23,-0.28,31.75,-8.19,1.75
1654.175,463,244,27,25,6570.471,0.03,-0.74,0.03,0.67,-10.18,-0.72,-1.07,0.35,0.28,-0.46,31.75,-8.19,1.75
1654.192,463,244,27,25,6570.493,0.03,-0.74,0.03,0.67,-10.23,-0.77,-1.03,0.37,0.36,-0.57,31.37,-6.69,2.69
1654.213,460,237,29,26,6570.516,0.04,-0.75,0.03,0.66,-10.47,-1.15,-0.93,0.42,0.44,-0.80,31.37,-6.69,2.69
1654.234,458,230,28,26,6570.536,0.05,-0.75,0.02,0.66,-10.11,-1.45,-1.22,0.37,0.37,-1.06,31.37,-4.75,3.50
1654.25,458,230,28,26,6570.561,0.06,-0.75,0.01,0.66,-9.83,-1.73,-1.77,0.36,0.41,-1.32,31.37,-4.75,3.50
1654.274,455,223,29,26,6570.584,0.08,-0.76,0.01,0.65,-9.64,-3.11,-1.69,0.53,0.56,-1.54,31.37,-4.75,3.50
1654.292,455,223,29,26,6570.606,0.09,-0.76,0.00,0.64,-9.95,-4.48,-1.10,1.03,0.65,-2.20,32.56,-3.69,5.50
1654.319,452,216,28,24,6570.627,0.13,-0.76,-0.02,0.63,-10.23,-1.76,-1.57,1.27,0.59,-2.82,32.56,-3.69,5.50
1654.335,452,216,28,24,6570.651,0.16,-0.76,-0.03,0.63,-10.11,-0.99,-1.52,1.09,0.53,-2.96,32.56,0.37,6.25
1654.36,449,209,27,24,6570.676,0.18,-0.76,-0.04,0.62,-9.48,-1.09,-1.84,0.52,0.30,-2.40,32.56,0.37,6.25
1654.385,445,202,27,24,6570.698,0.20,-0.76,-0.06,0.61,-9.05,-2.78,-3.02,0.38,0.24,-1.86,33.75,5.19,7.19
1654.409,440,196,28,23,6570.721,0.21,-0.76,-0.07,0.61,-9.01,-3.94,-2.80,0.50,0.35,-1.52,33.75,5.19,7.19
1654.426,440,196,28,23,6570.743,0.23,-0.76,-0.08,0.60,-9.23,-5.11,-1.95,0.66,0.41,-1.52,33.88,9.06,8.00
1654.449,436,191,27,22,6570.766,0.24,-0.76,-0.08,0.59,-9.32,-4.34,-1.32,0.71,0.23,-1.88,33.88,9.06,8.00
1654.477,433,185,23,25,6570.786,0.26,-0.76,-0.09,0.59,-8.96,-4.09,-1.52,0.55,0.06,-1.93,33.56,12.25,6.75
1654.494,433,185,23,25,6570.811,0.28,-0.76,-0.11,0.58,-8.07,-4.64,-2.19,0.44,-0.04,-1.72,33.56,12.25,6.75
1654.519,428,181,21,22,6570.833,0.29,-0.75,-0.12,0.58,-7.86,-5.48,-2.34,0.54,0.03,-1.49,33.56,12.25,6.75
1654.542,419,177,26,24,6570.856,0.30,-0.75,-0.12,0.57,-8.06,-5.69,-1.70,0.61,0.32,-1.50,33.38,15.50,7.19
1654.558,419,177,26,24,6570.876,0.32,-0.75,-0.13,0.56,-8.13,-5.57,-1.03,0.49,0.32,-1.54,33.38,15.50,7.19
1654.581,417,176,22,22,6570.901,0.33,-0.75,-0.14,0.56,-7.71,-7.12,-0.95,0.34,0.17,-1.51,31.69,18.25,5.69
1654.603,411,172,25,24,6570.926,0.34,-0.74,-0.15,0.55,-6.95,-7.22,-1.87,0.32,0.05,-1.63,31.69,18.25,5.69
1654.628,411,172,25,24,6570.946,0.36,-0.74,-0.16,0.55,-6.38,-7.70,-1.61,0.50,0.20,-1.77,31.75,19.37,5.25
1654.653,405,171,28,24,6570.971,0.38,-0.73,-0.18,0.54,-6.26,-6.88,-1.18,0.54,0.34,-2.00,31.75,19.37,5.25
1654.67,405,171,28,24,6570.993,0.39,-0.73,-0.19,0.53,-6.49,-6.68,-0.86,0.36,0.33,-2.10,30.56,21.87,4.88
1654.697,402,171,26,23,6571.016,0.40,-0.73,-0.20,0.52,-5.79,-8.69,-1.68,0.06,0.15,-2.01,30.56,21.87,4.88
1654.719,397,169,26,25,6571.036,0.42,-0.72,-0.22,0.50,-5.23,-8.80,-1.83,0.33,0.20,-2.05,28.50,26.19,4.88
1654.736,397,169,26,25,6571.061,0.43,-0.72,-0.23,0.50,-5.37,-7.96,-2.34,0.54,0.33,-2.02,28.50,26.19,4.88
1654.758,393,169,26,24,6571.083,0.45,-0.71,-0.24,0.49,-5.58,-8.10,-1.19,0.58,0.44,-1.90,28.50,26.19,4.88
1654.785,389,169,27,25,6571.106,0.46,-0.71,-0.25,0.48,-5.08,-7.98,-0.89,0.56,0.23,-1.86,27.37,28.25,3.69
1654.801,389,169,27,25,6571.126,0.48,-0.70,-0.26,0.46,-4.79,-7.61,-0.86,0.44,0.06,-1.88,27.37,28.25,3.69
1654.823,386,171,27,23,6571.151,0.49,-0.69,-0.27,0.46,-3.70,-7.12,-0.82,0.29,-0.06,-1.75,24.37,28.75,1.75
1654.843,381,171,28,25,6571.175,0.50,-0.69,-0.28,0.45,-3.59,-5.79,-1.07,0.24,-0.00,-0.93,24.37,28.75,1.75
1654.859,381,171,28,25,6571.198,0.50,-0.68,-0.28,0.45,-4.00,-5.29,-0.82,0.08,0.08,-0.15,21.69,30.56,3.25
1654.883,378,175,24,23,6571.22,0.50,-0.69,-0.28,0.45,-4.37,-5.28,-0.38,-0.21,0.01,0.55,21.69,30.56,3.25
1654.903,373,178,26,24,6571.243,0.49,-0.69,-0.28,0.45,-4.85,-4.24,-0.45,-0.57,-0.20,1.24,22.00,31.69,2.50
1654.92,373,178,26,24,6571.266,0.48,-0.70,-0.27,0.46,-5.35,-4.33,-2.01,-0.99,-0.51,2.88,22.00,31.69,2.50
1654.949,372,181,26,25,6571.286,0.44,-0.71,-0.24,0.49,-7.01,-4.68,-2.15,-1.07,-0.41,4.04,23.50,31.06,2.50
1654.966,372,181,26,25,6571.311,0.41,-0.73,-0.22,0.51,-8.46,-5.77,-1.98,-1.15,-0.42,4.92,23.50,31.06,2.50
1654.987,370,184,27,25,6571.333,0.37,-0.74,-0.19,0.53,-8.62,-6.85,-2.23,-1.26,-0.59,5.19,26.75,26.56,4.75
1655.008,366,187,29,26,6571.356,0.34,-0.75,-0.16,0.55,-9.15,-7.40,-1.80,-1.27,-0.67,4.59,26.75,26.56,4.75
1655.027,366,187,29,26,6571.376,0.29,-0.76,-0.13,0.57,-9.41,-5.55,-1.15,-1.19,-0.74,4.17,26.75,26.56,4.75
1655.047,363,192,28,26,6571.401,0.26,-0.76,-0.11,0.59,-9.21,-5.21,-1.59,-1.15,-0.97,3.94,30.37,20.56,6.75
1655.064,363,192,28,26,6571.425,0.23,-0.76,-0.09,0.60,-9.47,-4.65,-2.22,-0.94,-0.97,3.76,30.37,20.56,6.75
1655.085,360,196,30,27,6571.448,0.19,-0.76,-0.06,0.62,-9.72,-4.75,-1.54,-0.86,-0.82,3.47,33.38,13.50,6.75
1655.123,360,196,30,27,6571.472,0.16,-0.76,-0.05,0.63,-9.87,-4.09,-1.14,-0.73,-0.76,3.10,33.38,13.50,6.75
1655.148,355,203,30,26,6571.495,0.14,-0.75,-0.03,0.64,-9.97,-3.26,-1.49,-0.74,-0.75,2.46,34.75,5.56,6.25
1655.169,355,212,25,23,6571.515,0.12,-0.75,-0.02,0.65,-10.02,-3.05,-1.95,-0.72,-0.60,2.07,34.75,5.56,6.25
1655.195,350,214,30,27,6571.538,0.09,-0.75,-0.00,0.66,-10.15,-2.25,-1.29,-0.49,-0.48,1.89,33.06,1.37,4.69
1655.218,349,217,30,29,6571.563,0.08,-0.74,0.01,0.66,-10.23,-0.44,-1.33,-0.28,-0.51,1.95,33.06,1.37,4.69
1655.241,349,219,30,28,6571.583,0.06,-0.74,0.02,0.67,-10.21,0.16,-1.00,-0.42,-0.51,2.19,33.06,-2.88,5.06
1655.266,349,219,30,28,6571.606,0.05,-0.74,0.03,0.67,-10.01,-0.52,-1.23,-0.70,-0.50,2.20,33.06,-2.88,5.06
1655.287,350,217,30,26,6571.628,0.02,-0.73,0.05,0.68,-10.06,-1.01,-0.97,-0.59,-0.44,2.17,33.06,-2.88,5.06
1655.305,355,213,26,23,6571.653,0.00,-0.73,0.06,0.68,-10.52,0.26,0.01,-0.27,-0.40,2.13,31.87,-7.56,4.56
1655.322,355,213,26,23,6571.675,-0.01,-0.72,0.07,0.69,-10.05,2.26,-0.93,-0.31,-0.60,2.12,31.87,-7.56,4.56
1655.345,361,204,25,21,6571.698,-0.04,-0.72,0.09,0.69,-10.11,2.15,-1.49,-0.59,-0.57,2.20,30.50,-12.50,3.50
1655.367,366,195,26,22,6571.722,-0.06,-0.71,0.10,0.69,-10.45,2.07,-0.75,-0.58,-0.40,2.41,30.50,-12.50,3.50
1655.383,366,195,26,22,6571.745,-0.08,-0.70,0.12,0.70,-10.62,2.19,0.26,-0.44,-0.50,2.64,28.87,-16.25,2.69
1655.4,366,195,26,22,6571.767,-0.11,-0.69,0.14,0.70,-9.54,2.80,0.32,-0.47,-0.73,2.58,28.87,-16.25,2.69
1655.432,375,188,23,20,6571.788,-0.12,-0.68,0.15,0.70,-8.95,2.84,-0.32,-0.50,-0.73,2.36,26.37,-23.06,1.06
1655.454,381,182,23,21,6571.812,-0.14,-0.68,0.16,0.70,-8.92,2.94,-0.51,-0.46,-0.49,2.05,26.37,-23.06,1.06
1655.47,381,182,23,21,6571.835,-0.15,-0.67,0.17,0.70,-9.61,4.70,0.84,-0.25,-0.41,1.77,24.56,-28.75,1.19
1655.492,385,177,24,22,6571.857,-0.17,-0.66,0.19,0.71,-8.63,5.41,-0.12,-0.32,-0.61,1.70,24.56,-28.75,1.19
1655.511,391,173,25,22,6571.878,-0.19,-0.65,0.20,0.71,-8.24,5.03,0.00,-0.30,-0.56,1.72,24.56,-28.75,1.19
1655.527,391,173,25,22,6571.902,-0.20,-0.65,0.21,0.71,-8.42,5.02,0.27,-0.15,-0.38,1.65,22.56,-32.38,0.06
1655.551,395,169,27,24,6571.925,-0.21,-0.64,0.22,0.71,-8.17,4.88,0.86,-0.00,-0.31,1.40,22.56,-32.38,0.06
1655.576,395,169,27,24,6571.948,-0.22,-0.63,0.23,0.70,-8.27,6.27,-0.75,0.07,-0.38,1.28,20.25,-37.19,0.06
1655.61,401,168,24,22,6571.972,-0.23,-0.63,0.24,0.70,-8.50,9.91,1.59,-0.51,-0.50,2.23,20.25,-37.19,0.06
1655.638,405,167,25,23,6571.995,-0.25,-0.62,0.25,0.70,-7.30,5.20,0.51,-0.71,-0.47,2.40,19.19,-41.75,1.75
1655.664,411,168,23,21,6572.019,-0.27,-0.60,0.27,0.70,-7.08,4.99,1.46,-0.43,-0.35,2.06,19.19,-41.75,1.75
1655.696,415,167,24,22,6572.04,-0.28,-0.59,0.28,0.70,-6.41,7.18,1.64,-0.34,-0.40,1.47,17.00,-46.50,1.50
1655.717,423,170,19,19,6572.064,-0.30,-0.59,0.28,0.70,-6.66,8.75,0.48,-0.53,-0.45,2.02,17.00,-46.50,1.50
1655.744,423,170,19,19,6572.085,-0.32,-0.57,0.30,0.69,-5.77,7.41,1.67,-0.75,-0.46,2.54,15.56,-48.00,1.56
1655.784,426,169,24,22,6572.109,-0.34,-0.56,0.31,0.69,-4.94,6.23,1.23,-0.81,-0.44,2.51,15.56,-48.00,1.56
1655.813,432,171,25,23,6572.13,-0.36,-0.55,0.32,0.69,-4.83,6.25,1.68,-0.66,-0.21,2.04,15.56,-48.00,1.56
1655.838,438,174,21,24,6572.154,-0.37,-0.54,0.32,0.68,-4.98,8.43,1.75,-0.51,-0.16,1.58,13.25,-51.50,0.06
1655.86,443,179,21,23,6572.175,-0.39,-0.53,0.33,0.68,-4.46,8.55,1.86,-0.47,-0.18,1.59,13.25,-51.50,0.06
1655.879,445,184,22,21,6572.199,-0.40,-0.52,0.33,0.68,-3.79,8.35,1.62,-0.43,-0.14,1.50,10.88,-51.88,-2.88
1655.903,445,184,22,21,6572.224,-0.41,-0.51,0.34,0.67,-3.79,8.73,1.50,-0.48,0.11,1.36,10.88,-51.88,-2.88
1655.925,447,186,27,24,6572.247,-0.43,-0.51,0.34,0.67,-3.67,6.41,3.34,-0.23,0.21,1.08,9.25,-54.06,-5.88
1655.943,449,190,27,23,6572.271,-0.43,-0.50,0.34,0.66,-3.62,7.06,1.90,-0.02,-0.00,0.16,9.25,-54.06,-5.88
1655.96,449,190,27,23,6572.292,-0.43,-0.51,0.34,0.66,-4.32,8.38,2.03,0.32,0.06,-0.89,8.69,-55.56,-8.38
1655.982,451,195,27,23,6572.314,-0.42,-0.51,0.34,0.67,-4.93,8.67,1.90,0.41,0.03,-1.17,8.69,-55.56,-8.38
1655.999,451,195,27,23,6572.337,-0.41,-0.52,0.34,0.67,-5.29,8.65,2.09,0.46,0.00,-1.29,8.88,-55.56,-8.69
1656.025,453,199,28,25,6572.361,-0.40,-0.53,0.33,0.68,-5.40,8.87,1.74,0.42,-0.00,-1.33,8.88,-55.56,-8.69
1656.046,455,205,28,25,6572.382,-0.38,-0.53,0.33,0.68,-5.47,8.06,2.05,0.43,0.03,-1.35,11.00,-54.25,-5.88
1656.068,455,205,28,25,6572.404,-0.37,-0.54,0.32,0.68,-5.26,6.83,1.78,0.58,0.01,-1.72,11.00,-54.25,-5.88
1656.087,458,211,29,25,6572.427,-0.35,-0.55,0.31,0.69,-6.04,8.04,1.86,0.61,0.03,-2.15,11.00,-54.25,-5.88
1656.104,458,211,29,25,6572.451,-0.33,-0.56,0.31,0.70,-6.16,8.21,1.59,0.68,-0.02,-2.23,12.88,-53.75,-5.75
1656.125,464,219,23,21,6572.474,-0.31,-0.57,0.30,0.70,-6.36,7.23,1.04,0.48,0.05,-2.20,12.88,-53.75,-5.75
1656.142,464,219,23,21,6572.496,-0.29,-0.58,0.28,0.71,-6.81,6.12,0.58,0.50,0.20,-2.26,15.56,-50.88,-2.56
1656.164,464,224,27,25,6572.521,-0.27,-0.59,0.27,0.71,-7.24,5.37,0.89,0.62,0.36,-2.39,15.56,-50.88,-2.56
1656.187,467,231,27,24,6572.541,-0.25,-0.60,0.26,0.71,-7.89,5.27,1.54,0.79,0.36,-2.72,17.75,-47.38,0.56
1656.203,467,231,27,24,6572.564,-0.23,-0.61,0.25,0.71,-8.13,6.05,0.69,0.78,0.26,-2.85,17.75,-47.38,0.56
1656.256,474,241,21,21,6572.587,-0.19,-0.63,0.23,0.72,-8.16,6.20,0.51,0.68,0.26,-2.85,20.75,-40.00,2.00
1656.287,472,246,28,26,6572.611,-0.17,-0.64,0.22,0.72,-7.87,4.12,-0.34,0.65,0.40,-2.80,20.75,-40.00,2.00
1656.308,475,255,29,25,6572.634,-0.15,-0.65,0.21,0.72,-9.39,3.50,0.07,1.10,0.81,-2.82,23.87,-32.00,1.19
1656.338,478,263,27,25,6572.656,-0.11,-0.67,0.19,0.71,-9.93,3.35,0.80,1.12,0.64,-3.03,23.87,-32.00,1.19
1656.373,477,266,31,29,6572.677,-0.08,-0.67,0.18,0.71,-9.89,3.25,0.43,0.96,0.34,-3.33,23.87,-32.00,1.19
1656.406,480,271,25,23,6572.701,-0.05,-0.68,0.16,0.71,-9.26,2.21,-1.21,0.89,0.33,-3.54,28.25,-24.87,3.25
1656.428,477,266,30,28,6572.724,-0.02,-0.69,0.15,0.71,-10.63,2.76,-0.19,1.30,0.82,-3.23,28.25,-24.87,3.25
1656.446,478,266,27,24,6572.746,0.02,-0.71,0.13,0.70,-10.99,2.86,0.18,1.28,0.75,-2.91,32.00,-17.00,3.38
1656.463,478,266,27,24,6572.771,0.04,-0.71,0.12,0.69,-10.80,2.96,-0.06,0.93,0.48,-2.72,32.00,-17.00,3.38
1656.479,478,266,27,24,6572.793,0.06,-0.72,0.10,0.69,-10.05,0.74,-1.22,0.48,0.37,-2.44,35.38,-9.69,7.19
1656.501,478,260,26,24,6572.816,0.09,-0.72,0.08,0.68,-10.11,-0.33,-1.06,0.64,0.53,-2.27,35.38,-9.69,7.19
1656.522,476,253,28,23,6572.838,0.11,-0.73,0.07,0.67,-10.70,-0.14,-0.03,0.78,0.53,-2.29,38.00,-5.19,8.25
1656.538,476,253,28,23,6572.861,0.13,-0.73,0.06,0.67,-10.53,0.30,-0.10,0.48,0.22,-2.25,38.00,-5.19,8.25
1656.566,474,242,29,25,6572.883,0.15,-0.73,0.05,0.66,-9.49,-1.39,-1.14,0.36,0.18,-2.14,38.56,-0.25,8.88
1656.582,474,242,29,25,6572.906,0.17,-0.74,0.03,0.65,-9.42,-2.80,-1.34,0.58,0.37,-2.09,38.56,-0.25,8.88
1656.604,471,234,28,25,6572.929,0.19,-0.74,0.02,0.65,-10.04,-2.33,-0.57,0.76,0.49,-2.17,38.56,-0.25,8.88
1656.623,468,223,28,24,6572.951,0.21,-0.74,0.01,0.64,-9.96,-1.77,-0.36,0.48,0.28,-2.16,39.88,3.75,7.00
1656.639,468,223,28,24,6572.974,0.22,-0.74,0.00,0.63,-8.87,-2.85,-1.14,0.18,0.13,-2.01,39.88,3.75,7.00
1656.658,465,215,27,22,6572.996,0.24,-0.74,-0.02,0.62,-8.43,-5.29,-1.77,0.32,0.20,-1.84,39.00,7.19,7.88
1656.679,458,205,29,22,6573.021,0.26,-0.74,-0.03,0.62,-8.83,-6.20,-1.37,0.86,0.41,-2.22,39.00,7.19,7.88
1656.696,458,205,29,22,6573.043,0.28,-0.74,-0.04,0.61,-9.28,-4.35,-0.34,0.82,0.28,-2.84,39.38,11.06,7.56
1656.726,452,197,30,21,6573.066,0.31,-0.74,-0.06,0.59,-8.36,-3.23,-1.07,0.36,0.10,-3.04,39.38,11.06,7.56
1656.742,452,197,30,21,6573.086,0.33,-0.74,-0.08,0.59,-7.42,-5.09,-1.22,0.28,0.11,-2.59,39.00,14.50,8.00
1656.769,444,189,34,25,6573.111,0.34,-0.73,-0.09,0.58,-7.74,-4.88,-2.14,0.63,0.41,-1.69,39.00,14.50,8.00
1656.795,440,180,31,27,6573.133,0.36,-0.73,-0.10,0.57,-7.89,-6.36,-0.44,0.51,0.41,-1.49,37.50,18.87,6.75
1656.81,440,180,31,27,6573.156,0.38,-0.73,-0.11,0.56,-8.10,-6.76,-0.68,0.39,0.21,-1.68,37.50,18.87,6.75
1656.83,435,172,28,29,6573.176,0.39,-0.73,-0.12,0.55,-7.50,-7.45,-1.17,0.40,0.09,-2.08,37.50,18.87,6.75
1656.847,435,172,28,29,6573.201,0.40,-0.72,-0.13,0.54,-7.63,-6.36,-1.06,0.53,0.09,-2.20,37.00,21.50,5.25
1656.879,433,165,20,28,6573.223,0.42,-0.72,-0.14,0.53,-7.21,-4.98,-0.51,0.38,-0.01,-1.77,37.00,21.50,5.25
1656.902,425,160,21,29,6573.246,0.43,-0.71,-0.16,0.53,-6.39,-7.18,-1.08,0.15,-0.14,-1.42,36.19,24.37,5.50
1656.926,416,151,25,37,6573.271,0.44,-0.71,-0.17,0.52,-5.92,-10.16,-0.86,0.43,-0.06,-2.06,36.19,24.37,5.50
1656.943,416,151,25,37,6573.293,0.46,-0.70,-0.18,0.51,-5.52,-8.54,-0.05,0.71,-0.01,-2.85,33.88,25.87,5.19
1656.966,409,150,24,39,6573.316,0.48,-0.69,-0.20,0.50,-5.36,-4.39,-0.55,0.54,-0.06,-2.67,33.88,25.87,5.19
1656.988,402,143,26,44,6573.338,0.49,-0.69,-0.22,0.49,-4.91,-4.72,-0.56,-0.01,-0.07,-1.67,31.75,29.19,4.25
1657.005,402,143,26,44,6573.361,0.50,-0.69,-0.22,0.48,-4.45,-7.30,-1.24,-0.20,-0.07,-0.55,31.75,29.19,4.25
1657.035,395,137,31,52,6573.383,0.50,-0.68,-0.23,0.48,-4.21,-9.81,-0.60,0.06,0.06,-0.67,29.06,30.19,4.25
1657.059,390,138,32,55,6573.406,0.50,-0.68,-0.24,0.47,-4.21,-7.99,-0.13,0.06,0.06,-0.79,29.06,30.19,4.25
1657.081,384,137,33,52,6573.428,0.51,-0.68,-0.24,0.47,-4.25,-7.54,-0.63,-0.07,-0.03,-0.47,29.06,30.19,4.25
1657.11,384,137,33,52,6573.451,0.51,-0.68,-0.24,0.47,-4.31,-7.49,-0.75,-0.11,0.02,0.53,28.06,31.25,2.50
1657.134,378,137,35,53,6573.473,0.50,-0.69,-0.23,0.48,-5.39,-5.48,-0.07,-0.27,-0.13,1.48,28.06,31.25,2.50
1657.153,372,140,36,51,6573.498,0.48,-0.69,-0.22,0.49,-5.68,-5.66,-0.78,-0.60,-0.36,2.57,28.00,31.56,3.25
1657.176,372,140,36,51,6573.52,0.46,-0.70,-0.21,0.51,-6.18,-7.43,-1.53,-0.85,-0.39,3.57,28.00,31.56,3.25
1657.198,365,141,40,52,6573.543,0.42,-0.71,-0.18,0.53,-7.25,-8.62,-1.29,-0.71,-0.31,3.70,29.37,30.06,3.69
1657.214,365,141,40,52,6573.568,0.40,-0.72,-0.16,0.55,-7.55,-8.08,-0.80,-0.58,-0.27,3.61,29.37,30.06,3.69
1657.237,363,148,32,46,6573.59,0.38,-0.72,-0.14,0.56,-8.00,-7.21,-0.83,-0.51,-0.36,3.48,32.75,25.56,5.38
1657.26,359,152,33,45,6573.613,0.36,-0.73,-0.12,0.57,-8.39,-6.37,-0.79,-0.42,-0.42,3.19,32.75,25.56,5.38
1657.276,359,152,33,45,6573.633,0.33,-0.73,-0.09,0.59,-8.38,-6.14,-0.85,-0.40,-0.45,2.93,35.69,20.75,6.19
1657.301,357,165,28,30,6573.658,0.31,-0.73,-0.07,0.60,-8.63,-5.10,-0.81,-0.39,-0.40,2.65,35.69,20.75,6.19
1657.324,352,169,28,26,6573.68,0.29,-0.73,-0.06,0.61,-8.97,-4.33,-0.96,-0.45,-0.38,2.60,37.56,17.37,5.69
1657.347,352,169,28,26,6573.703,0.27,-0.73,-0.05,0.62,-9.30,-3.93,-0.97,-0.34,-0.34,2.67,37.56,17.37,5.69
1657.372,349,173,28,26,6573.723,0.24,-0.73,-0.02,0.64,-9.33,-3.96,-0.76,-0.40,-0.30,2.54,37.56,17.37,5.69
1657.399,346,178,27,25,6573.748,0.23,-0.73,-0.01,0.64,-9.44,-3.68,-0.83,-0.43,-0.27,2.31,39.00,12.75,5.00
1657.419,340,181,30,27,6573.772,0.21,-0.73,0.00,0.65,-9.68,-2.11,-0.27,-0.24,-0.25,2.19,39.00,12.75,5.00
1657.438,340,181,30,27,6573.795,0.19,-0.73,0.02,0.66,-9.69,-0.99,-0.17,-0.33,-0.32,2.21,38.56,9.00,7.25
1657.46,339,186,28,27,6573.817,0.17,-0.73,0.04,0.66,-9.50,-0.51,-0.93,-0.54,-0.35,2.39,38.56,9.00,7.25
1657.482,336,193,29,27,6573.84,0.15,-0.72,0.05,0.67,-9.65,-0.71,-1.12,-0.62,-0.15,2.63,38.19,5.56,5.69
1657.507,336,193,29,27,6573.862,0.13,-0.72,0.06,0.68,-10.24,-1.06,-0.32,-0.54,-0.12,2.61,38.19,5.56,5.69
1657.528,333,195,31,28,6573.883,0.10,-0.72,0.08,0.68,-10.19,-0.45,-0.18,-0.54,-0.26,2.52,38.38,0.19,7.69
1657.545,333,195,31,28,6573.907,0.08,-0.72,0.10,0.69,-10.12,0.41,-0.12,-0.63,-0.40,2.43,38.38,0.19,7.69
1657.566,333,196,30,28,6573.93,0.06,-0.71,0.11,0.69,-9.91,1.21,-0.40,-0.72,-0.47,2.56,38.00,-3.88,6.19
1657.583,333,196,30,28,6573.953,0.04,-0.71,0.12,0.70,-10.00,1.44,-0.10,-0.69,-0.41,2.73,38.00,-3.88,6.19
1657.605,331,197,32,27,6573.973,0.00,-0.70,0.14,0.70,-9.96,2.55,0.15,-0.71,-0.48,2.76,38.00,-3.88,6.19
1657.625,332,195,30,27,6573.998,-0.02,-0.69,0.15,0.71,-9.71,2.57,0.06,-0.76,-0.52,2.78,36.00,-8.88,5.06
1657.648,332,195,30,27,6574.02,-0.04,-0.68,0.17,0.71,-9.40,2.37,-0.07,-0.76,-0.40,2.54,36.00,-8.88,5.06
1657.679,334,192,29,27,6574.043,-0.07,-0.67,0.18,0.72,-9.84,3.13,0.72,-0.70,-0.41,2.31,33.69,-13.38,5.00
1657.703,334,187,30,27,6574.067,-0.09,-0.66,0.19,0.72,-9.26,3.43,1.14,-0.64,-0.57,2.16,33.69,-13.38,5.00
1657.724,337,183,29,27,6574.09,-0.11,-0.65,0.20,0.72,-8.25,4.08,0.62,-0.58,-0.54,1.94,31.06,-18.37,2.19
1657.741,337,183,29,27,6574.112,-0.12,-0.65,0.21,0.72,-8.12,4.49,0.49,-0.55,-0.33,1.80,31.06,-18.37,2.19
1657.765,338,179,30,26,6574.135,-0.15,-0.64,0.22,0.72,-8.41,4.85,0.71,-0.50,-0.22,1.75,28.37,-22.50,1.88
1657.785,343,176,26,23,6574.159,-0.16,-0.63,0.23,0.72,-8.68,5.33,0.74,-0.47,-0.24,1.78,28.37,-22.50,1.88
1657.802,343,176,26,23,6574.18,-0.18,-0.62,0.24,0.72,-8.60,5.78,0.76,-0.40,-0.31,1.98,26.19,-28.87,0.69
1657.847,350,172,23,19,6574.202,-0.20,-0.61,0.25,0.72,-7.73,5.56,0.72,-0.37,-0.36,2.01,26.19,-28.87,0.69
1657.873,354,164,26,22,6574.225,-0.21,-0.60,0.26,0.72,-7.35,5.81,1.13,-0.26,-0.28,1.93,26.19,-28.87,0.69
1657.895,360,159,26,23,6574.249,-0.23,-0.60,0.27,0.72,-7.40,6.51,1.28,-0.19,-0.29,1.91,22.56,-34.06,1.75
1657.911,360,159,26,23,6574.272,-0.24,-0.59,0.28,0.72,-6.90,5.42,0.69,-0.23,-0.27,1.94,22.56,-34.06,1.75
1657.935,367,156,27,23,6574.295,-0.26,-0.58,0.30,0.71,-7.25,7.34,1.52,-0.31,-0.24,1.86,20.56,-40.50,2.25
1657.952,367,156,27,23,6574.319,-0.27,-0.57,0.31,0.71,-7.34,7.22,0.72,-0.27,-0.30,1.91,20.56,-40.50,2.25
1657.975,374,156,26,21,6574.342,-0.29,-0.56,0.32,0.71,-7.14,6.92,1.40,-0.17,-0.33,1.95,17.06,-46.25,4.25
1658.011,378,153,28,21,6574.364,-0.31,-0.55,0.33,0.70,-6.61,7.22,1.67,-0.09,-0.53,1.93,17.06,-46.25,4.25
1658.028,378,153,28,21,6574.385,-0.32,-0.54,0.34,0.70,-5.50,7.66,1.68,-0.15,-0.70,1.93,15.06,-46.75,4.38
1658.048,385,149,27,26,6574.409,-0.33,-0.53,0.35,0.70,-4.85,7.92,1.44,-0.32,-0.65,1.93,15.06,-46.75,4.38
1658.073,390,147,29,31,6574.432,-0.34,-0.51,0.36,0.70,-4.38,8.35,1.19,-0.37,-0.41,1.94,12.56,-48.19,4.56
1658.103,394,143,33,43,6574.454,-0.36,-0.50,0.37,0.69,-4.68,8.22,1.40,-0.35,-0.24,1.94,12.56,-48.19,4.56
1658.125,398,136,33,59,6574.475,-0.38,-0.49,0.38,0.69,-4.64,8.22,1.98,-0.27,-0.25,1.87,12.56,-48.19,4.56
1658.141,398,136,33,59,6574.499,-0.39,-0.48,0.39,0.68,-3.66,8.32,1.96,-0.19,-0.33,1.57,9.50,-48.88,4.25
1658.174,402,137,34,58,6574.522,-0.40,-0.47,0.40,0.68,-3.06,8.60,1.53,-0.12,-0.20,1.19,9.50,-48.88,4.25
1658.201,409,138,32,59,6574.544,-0.41,-0.46,0.40,0.68,-3.13,8.33,1.83,-0.02,-0.00,0.76,7.25,-49.19,3.06
1658.222,416,139,34,58,6574.569,-0.41,-0.46,0.40,0.67,-3.14,9.01,2.18,0.09,0.03,0.02,7.25,-49.19,3.06
1658.238,416,139,34,58,6574.592,-0.41,-0.46,0.41,0.67,-3.52,9.90,1.81,0.06,0.00,-0.17,4.25,-50.06,2.69
1658.255,416,139,34,58,6574.614,-0.40,-0.47,0.40,0.68,-3.68,9.50,1.85,-0.00,0.04,-0.33,4.25,-50.06,2.69
1658.278,422,151,35,51,6574.635,-0.40,-0.47,0.40,0.68,-4.22,8.87,2.16,-0.07,0.07,-0.56,4.38,-50.00,4.56
1658.297,430,168,30,37,6574.659,-0.40,-0.47,0.40,0.68,-4.50,8.33,2.50,0.16,0.03,-1.17,4.38,-50.00,4.56
1658.322,430,168,30,37,6574.682,-0.39,-0.48,0.39,0.68,-4.15,8.52,2.44,0.19,-0.11,-1.50,6.25,-50.38,4.25
1658.344,440,174,24,33,6574.702,-0.37,-0.49,0.38,0.69,-4.38,8.95,2.16,0.23,-0.16,-1.80,6.25,-50.38,4.25
1658.363,445,179,24,35,6574.725,-0.35,-0.49,0.38,0.70,-4.60,8.84,1.75,0.20,-0.19,-1.95,6.25,-50.38,4.25
1658.38,445,179,24,35,6574.749,-0.34,-0.50,0.37,0.71,-4.75,8.69,2.09,0.14,-0.08,-2.05,7.38,-48.75,3.50
1658.401,451,190,22,21,6574.772,-0.32,-0.51,0.36,0.71,-4.94,7.38,2.09,0.06,-0.01,-2.25,7.38,-48.75,3.50
1658.425,458,195,19,22,6574.794,-0.30,-0.52,0.34,0.72,-5.68,6.32,1.35,0.28,0.13,-2.49,10.38,-48.38,5.06
1658.449,458,195,19,22,6574.819,-0.28,-0.53,0.33,0.73,-6.80,6.91,1.97,0.60,0.21,-2.72,10.38,-48.38,5.06
1658.48,460,203,21,22,6574.839,-0.26,-0.54,0.32,0.73,-7.17,7.43,2.15,0.43,-0.06,-2.90,13.69,-46.50,5.75
1658.518,464,211,21,21,6574.864,-0.22,-0.56,0.30,0.74,-6.68,6.47,0.86,0.28,-0.05,-2.93,13.69,-46.50,5.75
1658.543,466,219,22,21,6574.884,-0.20,-0.57,0.29,0.74,-6.55,5.14,0.57,0.30,0.26,-3.00,18.19,-43.75,7.00
1658.569,468,226,25,22,6574.909,-0.18,-0.58,0.28,0.75,-8.07,5.09,1.44,0.49,0.55,-3.07,18.19,-43.75,7.00
1658.591,473,235,21,21,6574.929,-0.16,-0.59,0.26,0.75,-9.50,5.23,2.03,0.46,0.29,-3.10,23.75,-37.06,6.88
1658.607,473,235,21,21,6574.952,-0.12,-0.60,0.24,0.75,-9.07,5.19,1.46,0.27,0.00,-3.13,23.75,-37.06,6.88
1658.632,473,235,21,21,6574.974,-0.10,-0.61,0.22,0.75,-7.87,3.09,-0.08,0.29,0.03,-3.21,23.75,-37.06,6.88
1658.656,474,241,23,21,6574.999,-0.07,-0.62,0.21,0.75,-8.86,1.92,-0.10,1.00,0.83,-3.55,29.06,-29.19,5.25
1658.692,473,244,26,24,6575.02,-0.04,-0.64,0.19,0.75,-11.10,2.84,1.93,0.96,0.80,-3.76,29.06,-29.19,5.25
1658.72,473,247,27,25,6575.044,0.01,-0.65,0.17,0.74,-11.21,2.53,1.59,0.82,0.44,-3.85,33.75,-22.87,4.00
1658.741,471,248,30,25,6575.069,0.04,-0.66,0.15,0.74,-10.51,1.22,0.86,0.65,0.19,-3.95,33.75,-22.87,4.00
1658.76,471,244,28,28,6575.091,0.07,-0.67,0.13,0.73,-10.67,-0.77,-0.34,1.12,0.44,-3.95,37.25,-14.25,4.75
1658.786,471,244,28,28,6575.114,0.12,-0.68,0.10,0.72,-11.20,0.16,0.68,1.28,0.56,-4.06,37.25,-14.25,4.75
1658.81,473,242,27,24,6575.136,0.16,-0.68,0.08,0.71,-10.84,1.22,1.00,0.99,0.35,-3.97,41.25,-5.69,5.38
1658.837,475,238,23,22,6575.159,0.19,-0.68,0.06,0.70,-9.81,-0.39,-0.01,0.34,0.19,-3.44,41.25,-5.69,5.38
1658.858,473,231,25,23,6575.181,0.22,-0.69,0.04,0.69,-9.27,-2.16,-0.64,0.46,0.38,-3.12,43.69,2.38,4.38
1658.875,473,231,25,23,6575.204,0.25,-0.69,0.02,0.68,-10.39,-2.36,0.31,0.67,0.56,-2.91,43.69,2.38,4.38
1658.898,471,225,25,21,6575.226,0.27,-0.69,0.01,0.67,-10.31,-2.14,0.90,0.60,0.41,-2.85,43.69,2.38,4.38
1658.922,467,213,27,23,6575.249,0.29,-0.69,-0.01,0.66,-9.97,-2.21,0.84,0.24,0.14,-2.73,42.69,8.69,5.19
1658.945,467,213,27,23,6575.271,0.32,-0.69,-0.03,0.65,-8.29,-5.02,-0.45,0.28,0.12,-2.69,42.69,8.69,5.19
1658.981,462,202,25,22,6575.294,0.34,-0.69,-0.04,0.64,-8.98,-5.18,-0.35,0.67,0.39,-2.69,42.69,12.50,2.75
1659.008,454,191,24,21,6575.319,0.36,-0.69,-0.05,0.63,-9.35,-4.38,1.04,0.58,0.31,-2.80,42.69,12.50,2.75
1659.026,454,191,24,21,6575.341,0.38,-0.69,-0.07,0.61,-8.75,-3.30,0.66,0.23,0.12,-2.61,41.19,16.87,2.38
1659.052,446,182,27,20,6575.364,0.40,-0.69,-0.09,0.60,-7.31,-5.77,-0.18,-0.09,0.00,-2.25,41.19,16.87,2.38
1659.079,435,174,33,23,6575.386,0.41,-0.68,-0.10,0.59,-7.06,-8.27,-0.66,0.24,0.17,-2.20,40.00,19.87,2.50
1659.113,428,164,31,28,6575.409,0.43,-0.68,-0.12,0.58,-7.37,-6.08,1.10,0.45,0.23,-2.62,40.00,19.87,2.50
1659.153,423,151,26,38,6575.431,0.45,-0.68,-0.13,0.57,-7.00,-4.68,0.98,0.03,0.04,-2.35,38.69,24.00,1.25
1659.176,412,141,33,54,6575.454,0.46,-0.68,-0.15,0.55,-6.61,-4.98,1.00,-0.69,-0.15,-1.96,38.69,24.00,1.25
1659.2,401,133,38,62,6575.476,0.47,-0.67,-0.17,0.55,-4.87,-8.47,-1.29,-0.50,-0.08,-1.72,38.69,24.00,1.25
1659.23,392,130,42,64,6575.499,0.47,-0.67,-0.18,0.54,-6.23,-8.13,0.93,0.04,0.36,-1.95,36.69,28.06,0.56
1659.258,392,130,42,64,6575.519,0.49,-0.67,-0.20,0.52,-6.01,-6.18,1.27,-0.09,0.06,-1.93,36.69,28.06,0.56
1659.286,387,130,41,61,6575.544,0.49,-0.67,-0.21,0.51,-5.68,-5.94,0.85,-0.62,-0.24,-1.55,34.38,28.75,0.69
1659.307,380,129,42,60,6575.568,0.49,-0.67,-0.23,0.51,-3.91,-8.89,-0.69,-0.98,-0.30,-1.36,34.38,28.75,0.69
1659.328,374,130,40,56,6575.591,0.50,-0.67,-0.25,0.50,-4.07,-9.69,-0.05,-0.89,-0.18,-1.48,32.69,31.75,1.06
1659.344,374,130,40,56,6575.616,0.50,-0.67,-0.26,0.49,-4.33,-8.77,-0.05,-0.84,-0.23,-1.68,32.69,31.75,1.06
1659.367,370,133,41,50,6575.636,0.50,-0.67,-0.28,0.48,-4.23,-6.77,0.91,-1.47,-0.38,-1.88,30.25,32.69,0.37
1659.384,370,133,41,50,6575.659,0.49,-0.67,-0.31,0.47,-1.91,-9.16,-1.51,-1.85,-0.65,-1.67,30.25,32.69,0.37
1659.414,368,138,38,45,6575.681,0.48,-0.67,-0.33,0.46,-2.01,-9.87,-2.66,-1.30,-0.41,-1.27,28.56,34.88,2.25
1659.431,368,138,38,45,6575.706,0.48,-0.67,-0.34,0.45,-2.96,-8.18,-2.09,-0.71,-0.13,-0.81,28.56,34.88,2.25
1659.454,366,146,29,31,6575.726,0.48,-0.67,-0.35,0.45,-3.15,-7.90,-1.37,-0.57,-0.15,-0.44,25.19,36.25,5.69
1659.477,360,147,31,35,6575.749,0.48,-0.67,-0.36,0.45,-2.65,-9.17,-2.16,-0.55,-0.27,-0.22,25.19,36.25,5.69
1659.504,360,155,24,27,6575.771,0.47,-0.67,-0.36,0.44,-2.55,-9.73,-2.93,-0.19,-0.21,0.05,25.19,36.25,5.69
1659.525,354,160,28,25,6575.796,0.47,-0.67,-0.36,0.45,-3.09,-8.67,-2.01,0.16,-0.13,0.44,24.69,36.19,5.38
1659.544,354,160,28,25,6575.818,0.47,-0.67,-0.35,0.45,-3.04,-8.47,-1.71,0.19,-0.32,0.86,24.69,36.19,5.38
1659.586,353,164,25,24,6575.841,0.46,-0.67,-0.35,0.46,-3.00,-8.59,-1.66,0.02,-0.36,0.97,25.37,36.75,5.56
1659.617,349,169,27,25,6575.865,0.46,-0.67,-0.34,0.47,-3.21,-8.38,-1.53,-0.01,-0.39,1.10,25.37,36.75,5.56
1659.647,346,173,28,27,6575.888,0.45,-0.68,-0.34,0.48,-3.05,-8.91,-1.47,0.14,-0.39,1.31,26.06,35.69,5.69
1659.696,344,176,30,29,6575.91,0.44,-0.68,-0.32,0.49,-3.81,-7.58,-1.23,0.17,-0.34,1.39,26.06,35.69,5.69
1659.736,343,182,28,25,6575.931,0.43,-0.68,-0.32,0.50,-4.39,-6.58,-0.77,0.06,-0.41,1.56,27.56,35.25,6.25
1659.767,340,187,30,26,6575.955,0.42,-0.68,-0.31,0.51,-4.78,-6.17,-0.87,-0.06,-0.57,1.94,27.56,35.25,6.25
1659.793,339,194,31,28,6575.978,0.41,-0.69,-0.29,0.52,-5.40,-6.20,-0.81,-0.18,-0.84,2.71,30.56,33.69,5.75
1659.819,340,203,26,25,6576.001,0.38,-0.69,-0.27,0.55,-6.52,-6.05,-0.85,-0.23,-0.95,3.17,30.56,33.69,5.75
1659.844,337,207,30,28,6576.021,0.36,-0.70,-0.26,0.57,-7.08,-6.11,-1.02,-0.40,-1.07,3.46,30.56,33.69,5.75
1659.862,337,213,30,28,6576.046,0.33,-0.70,-0.24,0.58,-7.69,-6.34,-0.98,-0.51,-1.17,3.64,31.25,30.75,5.50
1659.884,337,213,30,28,6576.068,0.30,-0.70,-0.22,0.60,-8.63,-6.18,-0.72,-0.42,-1.24,3.73,31.25,30.75,5.50
1659.908,339,220,25,24,6576.093,0.26,-0.71,-0.19,0.63,-8.89,-6.06,-0.74,-0.48,-1.21,3.56,35.75,26.69,5.38
1659.929,335,219,31,30,6576.117,0.24,-0.71,-0.17,0.64,-9.45,-5.87,-0.69,-0.42,-1.14,3.31,35.75,26.69,5.38
1659.952,335,219,31,30,6576.138,0.21,-0.70,-0.16,0.66,-10.23,-4.30,0.50,-0.49,-1.19,3.16,39.50,21.50,4.38
1659.973,335,220,31,30,6576.162,0.18,-0.70,-0.13,0.68,-10.22,-3.48,0.21,-0.58,-1.30,3.14,39.50,21.50,4.38
1659.996,333,221,32,29,6576.183,0.15,-0.70,-0.12,0.69,-10.28,-2.98,-0.37,-0.57,-1.30,3.24,40.50,15.50,3.06
1660.013,333,221,32,29,6576.207,0.12,-0.69,-0.10,0.70,-10.65,-3.24,-0.16,-0.63,-1.20,3.15,40.50,15.50,3.06
1660.035,334,217,31,29,6576.228,0.10,-0.69,-0.09,0.71,-10.48,-2.07,0.74,-0.77,-1.30,3.05,42.69,10.88,2.88
1660.06,334,217,31,29,6576.252,0.06,-0.68,-0.07,0.73,-10.09,-1.67,0.38,-0.78,-1.33,3.03,42.69,10.88,2.88
1660.082,336,211,28,24,6576.275,0.03,-0.67,-0.05,0.74,-9.74,-2.28,0.05,-0.82,-1.20,2.94,42.69,10.88,2.88
1660.103,338,200,30,26,6576.297,0.00,-0.67,-0.04,0.74,-10.24,-1.83,0.72,-0.52,-1.02,2.77,42.19,4.19,1.56
1660.122,338,200,30,26,6576.318,-0.03,-0.66,-0.02,0.75,-10.54,-0.14,1.54,-0.26,-1.00,2.69,42.19,4.19,1.56
1660.145,343,193,26,23,6576.343,-0.05,-0.65,-0.00,0.76,-10.60,1.68,1.57,-0.27,-1.10,2.66,40.56,-1.75,0.25
1660.168,346,183,29,26,6576.367,-0.07,-0.64,0.01,0.77,-10.44,1.49,1.20,-0.48,-1.26,3.03,40.56,-1.75,0.25
1660.184,346,183,29,26,6576.39,-0.10,-0.63,0.03,0.77,-10.12,0.00,1.40,-0.19,-1.23,3.25,40.06,-7.50,-2.75
1660.206,349,178,29,25,6576.412,-0.13,-0.61,0.06,0.78,-10.00,1.44,2.52,0.23,-1.21,3.19,40.06,-7.50,-2.75
1660.228,349,178,29,25,6576.435,-0.15,-0.60,0.08,0.78,-9.62,3.05,2.65,0.24,-1.31,2.95,37.00,-14.56,-4.50
1660.254,352,174,29,25,6576.457,-0.17,-0.59,0.10,0.78,-9.02,2.26,1.69,-0.03,-1.36,2.80,37.00,-14.56,-4.50
1660.281,358,170,25,22,6576.48,-0.20,-0.57,0.12,0.79,-8.41,2.25,2.91,0.14,-1.21,2.67,33.38,-22.87,-5.38
1660.302,362,165,24,23,6576.502,-0.22,-0.56,0.14,0.79,-8.04,3.05,3.80,0.32,-1.20,2.43,33.38,-22.87,-5.38
1660.32,362,165,24,23,6576.525,-0.23,-0.55,0.16,0.79,-7.10,4.75,2.72,0.31,-1.26,2.10,29.25,-29.19,-5.69
1660.343,364,160,28,25,6576.547,-0.24,-0.54,0.17,0.79,-7.47,4.79,2.46,0.06,-0.81,1.94,29.25,-29.19,-5.69
1660.361,370,160,26,21,6576.57,-0.26,-0.53,0.19,0.79,-7.96,4.80,3.31,0.05,-0.53,1.93,29.25,-29.19,-5.69
1660.392,370,160,26,21,6576.592,-0.27,-0.52,0.20,0.78,-7.74,5.70,3.72,0.07,-0.59,1.92,25.56,-34.75,-2.69
1660.422,373,157,28,22,6576.617,-0.29,-0.51,0.21,0.78,-6.54,6.66,4.07,-0.03,-0.65,1.95,25.56,-34.75,-2.69
1660.442,381,156,23,21,6576.64,-0.31,-0.50,0.23,0.78,-6.07,6.50,3.28,0.05,-0.65,2.02,22.00,-39.19,-0.75
1660.458,381,156,23,21,6576.664,-0.32,-0.49,0.24,0.78,-6.33,5.81,3.52,-0.02,-0.47,1.99,22.00,-39.19,-0.75
1660.482,387,153,24,25,6576.687,-0.33,-0.48,0.25,0.77,-6.43,6.24,4.31,0.20,-0.56,1.77,18.69,-41.38,-0.88
1660.504,392,149,27,31,6576.709,-0.34,-0.47,0.26,0.77,-5.23,6.98,3.69,0.25,-0.76,1.69,18.69,-41.38,-0.88
1660.522,392,149,27,31,6576.73,-0.36,-0.46,0.28,0.76,-5.07,7.27,3.42,0.28,-0.75,1.62,15.50,-42.06,-1.50
1660.55,395,147,30,41,6576.754,-0.37,-0.45,0.29,0.76,-4.93,6.94,3.54,0.37,-0.64,1.68,15.50,-42.06,-1.50
1660.567,395,147,30,41,6576.777,-0.37,-0.44,0.31,0.75,-4.89,6.94,3.89,0.61,-0.54,1.66,13.19,-44.38,-0.56
1660.59,401,146,31,50,6576.799,-0.38,-0.43,0.32,0.75,-3.79,7.06,3.29,0.55,-0.45,1.43,13.19,-44.38,-0.56
1660.614,407,147,31,55,6576.82,-0.39,-0.43,0.33,0.74,-4.04,7.82,3.46,0.36,-0.18,1.04,13.19,-44.38,-0.56
1660.651,412,149,32,56,6576.844,-0.39,-0.43,0.34,0.74,-4.31,7.81,3.44,0.28,0.01,0.68,10.19,-45.06,0.19
1660.678,416,154,33,55,6576.867,-0.40,-0.43,0.34,0.74,-4.85,9.62,3.77,0.31,0.11,0.20,10.19,-45.06,0.19
1660.705,423,166,26,42,6576.891,-0.40,-0.43,0.35,0.73,-4.66,9.51,3.75,0.20,0.06,0.12,8.75,-45.00,0.50
1660.721,423,166,26,42,6576.914,-0.40,-0.43,0.35,0.73,-4.57,9.00,3.50,0.06,0.06,-0.02,8.75,-45.00,0.50
1660.74,428,173,26,33,6576.936,-0.40,-0.43,0.34,0.73,-4.89,8.78,3.77,-0.04,0.12,-0.27,9.56,-45.69,2.50
1660.757,428,173,26,33,6576.959,-0.39,-0.44,0.34,0.73,-5.02,8.74,3.89,0.02,0.07,-0.34,9.56,-45.69,2.50
1660.778,432,177,28,31,6576.979,-0.39,-0.44,0.34,0.74,-4.69,8.14,3.63,0.02,-0.03,-0.42,9.88,-45.00,1.25
1660.798,432,177,28,31,6577.004,-0.39,-0.44,0.34,0.74,-4.63,8.13,3.65,0.04,-0.03,-0.63,9.88,-45.00,1.25
1660.819,438,184,25,27,6577.027,-0.38,-0.44,0.34,0.74,-4.51,8.31,3.56,-0.03,-0.00,-1.04,10.56,-45.69,1.69
1660.861,441,188,25,27,6577.049,-0.37,-0.45,0.33,0.75,-4.62,7.65,3.26,-0.06,0.09,-1.26,10.56,-45.69,1.69
1660.893,443,193,28,26,6577.07,-0.36,-0.45,0.32,0.75,-4.61,6.86,3.13,-0.04,0.25,-1.51,10.56,-45.69,1.69
1660.923,449,200,23,22,6577.094,-0.35,-0.46,0.31,0.76,-5.77,6.17,3.31,0.05,0.46,-1.88,12.50,-45.00,2.50
1660.946,449,203,28,25,6577.117,-0.33,-0.47,0.30,0.76,-6.10,4.89,3.06,0.23,0.62,-2.67,12.50,-45.00,2.50
1660.965,449,209,30,26,6577.139,-0.30,-0.49,0.28,0.77,-6.71,4.90,3.33,0.40,0.69,-3.26,14.38,-44.88,1.69
1660.982,449,209,30,26,6577.164,-0.27,-0.51,0.26,0.77,-7.48,6.12,3.25,0.54,0.69,-3.68,14.38,-44.88,1.69
1661.001,451,216,32,26,6577.186,-0.24,-0.52,0.25,0.78,-7.79,7.06,2.76,0.51,0.60,-3.61,19.56,-41.88,1.69
1661.017,451,216,32,26,6577.211,-0.21,-0.54,0.23,0.78,-7.81,6.18,2.47,0.32,0.64,-3.28,19.56,-41.88,1.69
1661.055,455,223,33,24,6577.233,-0.18,-0.56,0.21,0.78,-8.24,4.98,2.50,0.12,0.78,-3.13,25.19,-33.69,-0.25
1661.076,461,231,29,23,6577.256,-0.16,-0.57,0.19,0.78,-8.87,2.44,1.88,0.14,0.88,-3.06,25.19,-33.69,-0.25
1661.098,463,238,30,26,6577.276,-0.14,-0.58,0.18,0.78,-9.36,2.29,2.21,0.36,0.92,-3.18,30.37,-28.87,-0.56
1661.116,463,238,30,26,6577.301,-0.10,-0.60,0.15,0.78,-9.67,2.64,2.00,0.42,0.88,-3.39,30.37,-28.87,-0.56
1661.132,463,238,30,26,6577.324,-0.07,-0.61,0.13,0.78,-9.48,2.99,1.73,0.37,0.83,-3.52,30.37,-28.87,-0.56
1661.154,467,244,29,28,6577.346,-0.05,-0.62,0.11,0.77,-9.00,2.16,0.98,0.19,0.93,-3.37,34.19,-22.87,-0.56
1661.175,469,253,27,25,6577.367,-0.01,-0.64,0.09,0.77,-9.57,1.11,1.13,0.28,1.12,-3.15,34.19,-22.87,-0.56
1661.211,469,253,27,25,6577.391,0.01,-0.65,0.07,0.76,-10.25,0.34,1.54,0.33,1.18,-3.01,39.00,-14.00,-1.69
1661.246,470,256,26,24,6577.416,0.04,-0.66,0.05,0.75,-10.29,0.13,1.22,0.38,0.94,-2.98,39.00,-14.00,-1.69
1661.273,469,256,30,31,6577.438,0.07,-0.67,0.03,0.74,-10.05,-0.37,0.85,0.32,0.86,-2.96,41.38,-6.56,0.25
1661.296,470,256,31,30,6577.463,0.09,-0.67,0.01,0.73,-9.57,-1.94,0.50,0.24,0.86,-2.99,41.38,-6.56,0.25
1661.318,469,256,32,28,6577.483,0.11,-0.68,-0.00,0.72,-9.46,-2.98,0.33,0.27,0.90,-3.12,43.38,-2.06,-0.25
1661.339,470,253,28,24,6577.506,0.14,-0.69,-0.02,0.71,-9.61,-2.08,0.54,0.52,0.98,-3.18,43.38,-2.06,-0.25
1661.37,470,253,28,24,6577.528,0.17,-0.69,-0.04,0.70,-9.54,-1.13,0.41,0.51,0.85,-2.79,43.69,4.88,2.06
1661.391,467,249,32,25,6577.553,0.19,-0.70,-0.05,0.69,-9.28,-1.71,0.27,0.29,0.74,-2.26,43.69,4.88,2.06
1661.413,469,240,28,24,6577.573,0.21,-0.70,-0.07,0.68,-9.14,-3.61,0.28,0.02,0.67,-1.95,43.06,10.50,2.50
1661.432,463,232,32,22,6577.596,0.22,-0.70,-0.08,0.67,-8.40,-6.15,-0.96,-0.04,0.68,-2.15,43.06,10.50,2.50
1661.449,463,232,32,22,6577.618,0.24,-0.71,-0.10,0.66,-8.88,-5.29,-0.82,0.24,0.82,-2.35,43.06,10.50,2.50
1661.468,463,222,26,22,6577.641,0.26,-0.71,-0.11,0.65,-9.04,-4.10,0.00,0.25,0.84,-2.33,42.69,14.56,3.25
1661.485,463,222,26,22,6577.666,0.28,-0.71,-0.12,0.64,-8.91,-3.97,-0.15,-0.04,0.58,-1.97,42.69,14.56,3.25
1661.501,463,222,26,22,6577.688,0.29,-0.71,-0.14,0.62,-7.65,-6.48,-1.13,-0.24,0.43,-1.73,41.50,17.37,4.88
1661.532,461,214,25,20,6577.713,0.30,-0.71,-0.15,0.62,-7.37,-7.82,-1.42,-0.07,0.48,-1.69,41.50,17.37,4.88
1661.559,459,205,25,24,6577.733,0.31,-0.71,-0.16,0.61,-7.60,-6.96,-0.43,0.24,0.68,-2.14,39.19,20.75,4.50
1661.58,455,197,27,24,6577.756,0.33,-0.71,-0.17,0.60,-7.45,-5.56,-0.12,0.08,0.58,-2.17,39.19,20.75,4.50
1661.597,455,197,27,24,6577.778,0.35,-0.71,-0.19,0.58,-6.69,-5.61,-0.62,-0.24,0.41,-1.96,37.56,22.69,3.69
1661.621,448,191,31,22,6577.803,0.35,-0.71,-0.20,0.57,-6.18,-7.09,-2.14,-0.26,0.38,-1.60,37.56,22.69,3.69
1661.643,440,184,34,23,6577.823,0.36,-0.71,-0.21,0.56,-6.46,-8.33,-1.35,0.12,0.62,-1.26,35.69,27.06,4.88
1661.659,440,184,34,23,6577.846,0.37,-0.71,-0.22,0.55,-6.16,-7.79,-0.77,0.15,0.46,-1.47,35.69,27.06,4.88
1661.687,435,176,31,25,6577.868,0.39,-0.71,-0.23,0.54,-5.80,-6.96,-0.86,0.01,0.36,-1.58,35.69,27.06,4.88
1661.703,435,176,31,25,6577.893,0.39,-0.71,-0.24,0.53,-5.76,-7.52,-0.18,-0.39,0.32,-1.70,34.56,28.25,6.38
1661.724,430,169,28,26,6577.915,0.40,-0.71,-0.26,0.52,-3.97,-10.76,-3.38,-0.19,0.36,-2.15,34.56,28.25,6.38
1661.743,428,165,24,24,6577.938,0.42,-0.70,-0.27,0.50,-5.25,-8.31,-1.70,0.31,0.84,-2.42,32.25,30.00,5.69
1661.76,428,165,24,24,6577.963,0.44,-0.70,-0.29,0.49,-5.29,-6.00,-0.03,0.32,0.88,-2.41,32.25,30.00,5.69
1661.779,421,161,26,25,6577.985,0.45,-0.70,-0.30,0.48,-4.59,-6.45,-1.20,-0.27,0.27,-1.59,29.19,31.75,5.25
1661.801,418,158,25,24,6578.008,0.45,-0.69,-0.31,0.46,-3.44,-9.63,-2.03,-0.51,0.11,-1.24,29.19,31.75,5.25
1661.817,418,158,25,24,6578.03,0.46,-0.69,-0.32,0.46,-2.90,-10.55,-3.08,-0.25,0.19,-1.39,26.50,33.69,6.19
1661.847,413,153,23,27,6578.053,0.47,-0.69,-0.33,0.45,-3.48,-8.48,-2.09,0.05,0.52,-1.52,26.50,33.69,6.19
1661.863,413,153,23,27,6578.075,0.47,-0.69,-0.34,0.44,-3.62,-7.34,-1.25,-0.15,0.30,-1.03,24.50,34.38,5.75
1661.884,403,148,29,34,6578.1,0.48,-0.69,-0.34,0.43,-3.33,-9.55,-1.99,-0.28,0.02,-0.50,24.50,34.38,5.75
1661.901,403,148,29,34,6578.12,0.48,-0.68,-0.35,0.43,-2.29,-10.38,-2.44,-0.21,-0.09,-0.38,24.50,34.38,5.75
1661.923,399,149,26,35,6578.145,0.48,-0.68,-0.35,0.43,-2.42,-10.57,-2.43,0.16,0.03,-0.44,22.87,36.56,7.06
1661.944,392,149,26,33,6578.165,0.48,-0.68,-0.35,0.42,-2.42,-8.12,-1.88,0.13,0.00,-0.51,22.87,36.56,7.06
1661.962,392,149,26,33,6578.19,0.48,-0.68,-0.36,0.42,-2.61,-7.57,-1.58,0.06,-0.08,-0.13,23.25,35.75,7.19
1661.993,387,150,25,32,6578.214,0.48,-0.68,-0.36,0.43,-2.82,-7.29,-1.09,-0.06,-0.43,0.89,23.25,35.75,7.19
1662.027,380,151,29,34,6578.237,0.47,-0.68,-0.35,0.43,-3.41,-6.56,-1.31,-0.06,-0.72,1.77,21.69,36.50,8.38
1662.048,374,156,31,30,6578.259,0.45,-0.69,-0.34,0.46,-3.51,-7.17,-1.87,-0.17,-0.98,2.57,21.69,36.50,8.38
1662.069,369,161,30,27,6578.282,0.44,-0.69,-0.32,0.48,-3.99,-8.28,-2.62,-0.24,-1.00,3.05,23.56,36.06,6.50
1662.086,369,161,30,27,6578.305,0.42,-0.70,-0.31,0.49,-5.14,-8.44,-1.81,-0.27,-0.79,3.11,23.56,36.06,6.50
1662.105,366,163,30,28,6578.327,0.39,-0.71,-0.28,0.52,-5.62,-8.23,-1.73,-0.27,-0.78,2.98,27.25,32.69,5.69
1662.122,366,163,30,28,6578.352,0.37,-0.71,-0.27,0.53,-6.13,-8.46,-1.83,-0.18,-0.78,2.82,27.25,32.69,5.69
1662.143,362,167,29,26,6578.372,0.36,-0.71,-0.25,0.55,-6.33,-7.68,-1.35,-0.18,-0.72,2.35,31.37,30.06,6.06
1662.166,362,167,29,26,6578.395,0.34,-0.72,-0.24,0.56,-6.99,-6.14,-1.38,-0.30,-0.75,2.22,31.37,30.06,6.06
1662.188,359,172,28,25,6578.417,0.32,-0.72,-0.22,0.58,-7.36,-5.91,-1.31,-0.37,-0.79,2.36,31.37,30.06,6.06
1662.205,359,172,28,25,6578.442,0.30,-0.72,-0.21,0.59,-7.74,-5.91,-1.31,-0.34,-0.79,2.58,33.19,27.06,6.88
1662.229,356,178,24,23,6578.464,0.28,-0.72,-0.20,0.60,-8.29,-5.10,-1.26,-0.42,-0.82,2.67,33.19,27.06,6.88
1662.251,350,182,28,26,6578.487,0.25,-0.73,-0.18,0.62,-8.76,-4.50,-1.12,-0.64,-0.84,2.68,36.75,23.00,6.06
1662.267,350,182,28,26,6578.511,0.23,-0.73,-0.16,0.63,-8.91,-4.59,-1.25,-0.77,-0.86,2.87,36.75,23.00,6.06
1662.287,346,187,31,28,6578.532,0.20,-0.73,-0.15,0.64,-8.98,-5.26,-1.13,-0.67,-0.82,2.92,39.50,18.87,6.75
1662.304,346,187,31,28,6578.554,0.18,-0.73,-0.13,0.65,-8.90,-4.03,-0.86,-0.66,-0.79,2.67,39.50,18.87,6.75
1662.335,342,194,30,28,6578.577,0.15,-0.73,-0.11,0.66,-9.33,-2.63,-0.71,-0.70,-0.80,2.54,39.75,13.69,6.38
1662.356,338,205,30,27,6578.601,0.12,-0.72,-0.10,0.67,-9.76,-1.68,-0.50,-0.74,-0.82,2.64,39.75,13.69,6.38
1662.374,336,216,31,29,6578.624,0.10,-0.72,-0.09,0.68,-10.36,-0.67,-0.39,-0.85,-0.95,3.20,41.19,9.06,4.69
1662.391,336,216,31,29,6578.647,0.06,-0.72,-0.06,0.69,-10.76,-1.78,-0.86,-0.77,-0.97,3.56,41.19,9.06,4.69
1662.411,334,222,32,30,6578.667,0.03,-0.71,-0.04,0.70,-10.78,-2.16,-0.41,-0.64,-0.93,3.57,41.19,9.06,4.69
1662.428,334,222,32,30,6578.692,0.00,-0.71,-0.02,0.71,-10.61,-1.51,0.08,-0.56,-0.94,3.29,40.88,3.56,4.19
1662.451,333,225,33,31,6578.714,-0.02,-0.70,-0.01,0.71,-10.75,0.08,0.08,-0.58,-1.03,3.02,40.88,3.56,4.19
1662.471,334,229,29,28,6578.737,-0.06,-0.69,0.02,0.72,-10.52,0.69,0.69,-0.46,-1.09,3.00,39.56,-3.50,2.56
1662.494,334,229,29,28,6578.761,-0.08,-0.68,0.04,0.73,-10.33,1.38,0.75,-0.38,-1.14,3.00,39.56,-3.50,2.56
1662.519,331,227,33,31,6578.784,-0.11,-0.67,0.05,0.73,-10.17,2.29,0.81,-0.41,-1.15,3.08,37.75,-10.00,0.50
1662.542,329,224,33,31,6578.808,-0.14,-0.66,0.08,0.74,-9.72,1.92,0.99,-0.48,-1.11,3.11,37.75,-10.00,0.50
1662.561,329,224,33,31,6578.829,-0.16,-0.65,0.10,0.74,-9.62,1.86,0.99,-0.51,-1.03,2.88,34.75,-16.69,-0.37
1662.578,329,224,33,31,6578.853,-0.18,-0.64,0.11,0.74,-9.62,2.58,1.41,-0.47,-0.91,2.39,34.75,-16.69,-0.37
1662.609,329,219,33,30,6578.874,-0.21,-0.62,0.13,0.74,-9.36,4.05,1.99,-0.47,-0.96,2.21,31.75,-24.19,-2.75
1662.63,331,215,29,27,6578.898,-0.23,-0.61,0.14,0.75,-8.97,3.85,1.57,-0.47,-1.03,2.12,31.75,-24.19,-2.75
1662.658,331,208,30,27,6578.919,-0.24,-0.60,0.15,0.75,-8.83,4.41,1.65,-0.35,-0.94,2.02,31.75,-24.19,-2.75
1662.675,331,208,30,27,6578.944,-0.26,-0.59,0.16,0.75,-8.71,5.50,2.54,-0.28,-0.86,1.92,28.50,-32.75,-1.69
1662.699,334,198,31,27,6578.964,-0.28,-0.57,0.18,0.75,-8.32,5.16,2.91,-0.09,-0.95,2.05,28.50,-32.75,-1.69
1662.723,338,189,30,25,6578.989,-0.29,-0.56,0.19,0.75,-7.12,5.67,2.11,-0.25,-1.05,1.94,25.25,-41.25,0.37
1662.742,343,181,28,25,6579.013,-0.31,-0.55,0.20,0.75,-7.06,5.41,1.94,-0.30,-0.75,1.82,25.25,-41.25,0.37
1662.759,343,181,28,25,6579.036,-0.32,-0.54,0.22,0.75,-7.28,5.64,3.02,-0.17,-0.68,1.68,23.19,-42.69,0.25
1662.791,347,174,27,25,6579.058,-0.33,-0.53,0.23,0.75,-6.97,6.52,2.85,-0.11,-0.77,1.51,23.19,-42.69,0.25
1662.822,350,168,28,26,6579.081,-0.34,-0.52,0.24,0.75,-6.47,7.35,2.78,-0.09,-0.81,1.54,21.00,-45.19,-0.75
1662.839,350,168,28,26,6579.103,-0.35,-0.51,0.24,0.74,-5.90,6.88,2.67,-0.23,-0.73,1.60,21.00,-45.19,-0.75
1662.865,352,163,30,27,6579.126,-0.37,-0.50,0.26,0.74,-5.85,7.04,3.35,-0.23,-0.66,1.54,18.75,-46.25,-1.19
1662.887,355,161,29,25,6579.15,-0.38,-0.49,0.27,0.74,-5.66,7.36,3.10,-0.24,-0.73,1.55,18.75,-46.25,-1.19
1662.906,358,158,29,24,6579.171,-0.39,-0.48,0.27,0.74,-5.34,7.07,3.27,-0.15,-0.73,1.63,16.69,-46.56,-1.75
1662.922,358,158,29,24,6579.193,-0.40,-0.47,0.28,0.74,-5.43,7.60,3.48,-0.15,-0.79,1.67,16.69,-46.56,-1.75
1662.939,358,158,29,24,6579.216,-0.42,-0.45,0.30,0.73,-4.43,7.39,3.92,-0.16,-0.90,1.78,16.69,-46.56,-1.75
1662.963,362,156,29,25,6579.24,-0.43,-0.44,0.31,0.73,-3.66,7.62,3.82,-0.17,-0.99,1.87,14.00,-47.56,-2.06
1662.992,365,156,29,23,6579.263,-0.44,-0.42,0.32,0.73,-2.95,7.79,2.93,-0.15,-0.77,1.93,14.00,-47.56,-2.06
1663.012,365,156,29,23,6579.286,-0.46,-0.41,0.33,0.72,-3.47,8.11,3.91,-0.17,-0.48,1.89,9.75,-48.00,-2.38
1663.034,370,149,25,26,6579.31,-0.47,-0.40,0.34,0.71,-3.10,7.55,4.28,-0.16,-0.48,1.78,9.75,-48.00,-2.38
1663.058,375,146,26,30,6579.333,-0.48,-0.39,0.35,0.71,-2.34,7.14,4.05,-0.04,-0.50,1.28,7.25,-48.56,-1.56
1663.081,379,143,31,33,6579.355,-0.49,-0.38,0.36,0.70,-2.10,8.21,3.75,0.02,-0.35,0.93,7.25,-48.56,-1.56
1663.107,379,143,31,33,6579.376,-0.49,-0.37,0.36,0.70,-2.00,8.63,3.99,0.04,-0.20,0.69,4.56,-50.06,-1.75
1663.13,386,140,29,36,6579.4,-0.49,-0.37,0.36,0.70,-1.96,8.47,3.88,0.05,-0.13,0.56,4.56,-50.06,-1.75
1663.175,389,137,32,44,6579.421,-0.49,-0.37,0.37,0.70,-1.97,8.18,4.20,0.10,-0.03,0.17,3.75,-50.75,-2.88
1663.195,396,135,33,53,6579.443,-0.49,-0.37,0.37,0.70,-2.21,8.69,4.07,0.13,-0.01,-0.13,3.75,-50.75,-2.88
1663.225,400,137,38,61,6579.466,-0.49,-0.37,0.37,0.70,-2.23,8.65,4.05,0.15,0.05,-0.40,3.75,-50.75,-2.88
1663.246,407,140,40,57,6579.49,-0.49,-0.38,0.36,0.70,-2.53,8.65,4.08,0.15,0.13,-0.69,2.69,-51.19,-2.00
1663.263,407,140,40,57,6579.513,-0.48,-0.38,0.36,0.70,-2.56,8.51,4.34,0.19,0.19,-1.04,2.69,-51.19,-2.00
1663.284,413,150,40,51,6579.535,-0.47,-0.39,0.36,0.71,-2.53,8.34,4.08,0.26,0.17,-1.22,4.56,-51.38,-0.50
1663.31,413,150,40,51,6579.56,-0.46,-0.40,0.35,0.71,-2.83,7.72,3.81,0.33,0.24,-1.42,4.56,-51.38,-0.50
1663.336,424,156,35,51,6579.582,-0.45,-0.41,0.35,0.72,-3.64,7.12,3.74,0.47,0.44,-2.02,6.06,-51.38,-1.06
1663.356,436,172,26,32,6579.605,-0.42,-0.43,0.34,0.72,-4.46,7.26,3.88,0.54,0.51,-2.47,6.06,-51.38,-1.06
1663.373,436,172,26,32,6579.625,-0.40,-0.44,0.33,0.73,-5.06,7.24,3.47,0.58,0.49,-2.82,7.19,-49.88,-0.37
1663.397,444,183,27,26,6579.65,-0.38,-0.46,0.32,0.74,-5.55,7.62,3.23,0.65,0.50,-3.05,7.19,-49.88,-0.37
1663.419,452,195,20,20,6579.673,-0.36,-0.47,0.31,0.74,-5.74,8.61,2.90,0.54,0.46,-2.81,12.38,-46.88,3.19
1663.436,452,195,20,20,6579.695,-0.33,-0.49,0.29,0.75,-5.76,7.95,2.64,0.50,0.56,-2.40,12.38,-46.88,3.19
1663.465,453,201,27,24,6579.716,-0.31,-0.50,0.28,0.75,-5.79,6.89,2.51,0.48,0.75,-2.13,12.38,-46.88,3.19
1663.49,457,210,27,25,6579.74,-0.30,-0.52,0.27,0.75,-6.54,5.17,2.83,0.60,0.91,-2.16,18.25,-42.50,4.38
1663.513,460,221,28,23,6579.763,-0.28,-0.53,0.26,0.75,-7.33,4.43,2.24,0.81,0.94,-2.76,18.25,-42.50,4.38
1663.531,460,221,28,23,6579.785,-0.24,-0.56,0.25,0.76,-8.00,4.63,1.52,0.87,0.96,-3.19,21.25,-39.88,5.56
1663.551,466,231,25,23,6579.81,-0.22,-0.57,0.23,0.76,-8.39,4.89,1.52,0.92,1.11,-3.60,21.25,-39.88,5.56
1663.568,466,231,25,23,6579.832,-0.19,-0.59,0.22,0.75,-9.38,4.91,1.12,0.96,1.19,-3.63,24.69,-38.00,6.25
1663.589,466,239,31,26,6579.855,-0.15,-0.62,0.19,0.75,-9.67,4.74,1.23,0.95,1.23,-3.55,24.69,-38.00,6.25
1663.615,470,250,31,26,6579.877,-0.12,-0.63,0.18,0.74,-9.66,4.89,1.04,0.94,1.19,-3.35,30.00,-30.50,4.38
1663.631,470,250,31,26,6579.9,-0.09,-0.65,0.16,0.74,-9.45,3.82,0.66,0.81,1.15,-2.99,30.00,-30.50,4.38
1663.648,470,250,31,26,6579.922,-0.07,-0.66,0.15,0.73,-9.52,2.87,0.06,0.65,1.24,-2.87,34.06,-24.06,5.19
1663.673,474,261,26,27,6579.945,-0.03,-0.68,0.13,0.72,-10.43,2.38,-0.12,0.69,1.36,-2.81,34.06,-24.06,5.19
1663.695,475,267,29,29,6579.968,-0.01,-0.69,0.12,0.71,-10.51,1.17,0.24,0.76,1.32,-2.76,34.06,-24.06,5.19
1663.714,475,271,31,31,6579.99,0.01,-0.70,0.10,0.70,-10.49,0.91,0.05,0.84,1.12,-2.89,37.38,-16.19,7.25
1663.73,475,271,31,31,6580.013,0.03,-0.71,0.09,0.70,-10.35,1.09,-0.70,0.71,1.06,-2.95,37.38,-16.19,7.25
1663.767,475,272,31,30,6580.037,0.07,-0.73,0.06,0.68,-10.39,0.40,-0.99,0.41,1.13,-2.87,37.88,-9.75,9.06
1663.806,476,269,31,30,6580.06,0.09,-0.73,0.05,0.67,-10.56,-0.76,-0.63,0.27,1.08,-2.63,37.88,-9.75,9.06
1663.829,479,268,25,25,6580.082,0.10,-0.74,0.03,0.66,-10.51,-1.83,-0.76,0.34,0.91,-2.55,40.88,-3.06,10.00
1663.854,478,263,28,26,6580.107,0.13,-0.75,0.01,0.65,-10.27,-2.52,-0.99,0.44,0.76,-2.69,40.88,-3.06,10.00
1663.885,478,263,28,26,6580.127,0.15,-0.75,-0.01,0.64,-9.51,-2.69,-1.54,0.42,0.69,-2.88,42.00,2.88,11.56
1663.913,480,257,27,25,6580.15,0.17,-0.76,-0.02,0.63,-9.33,-2.41,-1.97,0.46,0.77,-2.82,42.00,2.88,11.56
1663.939,478,249,29,25,6580.172,0.19,-0.76,-0.04,0.62,-9.56,-3.61,-1.71,0.50,0.81,-2.62,40.88,7.25,12.38
1663.976,475,238,30,24,6580.197,0.22,-0.76,-0.06,0.60,-9.78,-4.09,-1.27,0.56,0.70,-2.52,40.88,7.25,12.38
1663.998,471,228,31,22,6580.217,0.24,-0.76,-0.07,0.59,-9.10,-4.19,-1.37,0.45,0.49,-2.55,40.88,7.25,12.38
1664.014,471,228,31,22,6580.242,0.26,-0.76,-0.09,0.59,-8.22,-4.57,-2.29,0.35,0.47,-2.30,39.75,11.75,11.19
1664.034,469,216,29,23,6580.262,0.28,-0.76,-0.11,0.57,-8.33,-5.09,-1.75,0.33,0.54,-2.12,39.75,11.75,11.19
1664.055,466,207,25,22,6580.287,0.29,-0.76,-0.12,0.56,-8.56,-5.74,-1.49,0.29,0.45,-2.07,39.00,17.37,11.19
1664.072,466,207,25,22,6580.31,0.31,-0.76,-0.13,0.55,-7.97,-6.22,-1.79,0.14,0.24,-2.33,39.00,17.37,11.19
1664.095,462,199,24,21,6580.332,0.33,-0.76,-0.16,0.54,-7.37,-6.70,-2.54,0.22,0.32,-2.34,37.75,20.00,11.56
1664.124,456,189,28,25,6580.357,0.34,-0.75,-0.17,0.53,-7.32,-6.46,-2.14,0.30,0.43,-2.33,37.75,20.00,11.56
1664.14,456,189,28,25,6580.379,0.36,-0.75,-0.19,0.52,-7.28,-6.28,-1.29,0.16,0.37,-2.34,35.06,23.56,10.00
1664.161,452,183,29,25,6580.402,0.37,-0.75,-0.20,0.51,-5.33,-8.02,-2.40,-0.03,0.20,-2.48,35.06,23.56,10.00
1664.179,446,177,31,22,6580.422,0.39,-0.74,-0.23,0.50,-5.09,-8.39,-2.81,0.19,0.38,-2.48,34.00,27.25,10.06
1664.196,446,177,31,22,6580.447,0.40,-0.74,-0.24,0.48,-5.32,-7.25,-2.07,0.33,0.55,-2.45,34.00,27.25,10.06
1664.217,438,171,35,22,6580.469,0.42,-0.73,-0.25,0.47,-5.60,-7.08,-1.42,0.14,0.48,-2.33,31.25,30.25,10.06
1664.234,438,171,35,22,6580.492,0.43,-0.73,-0.27,0.46,-4.19,-9.92,-2.34,-0.28,0.17,-2.55,31.25,30.25,10.06
1664.258,431,164,36,28,6580.514,0.44,-0.72,-0.30,0.44,-3.65,-10.86,-2.88,-0.04,0.20,-3.10,31.25,30.25,10.06
1664.289,429,158,30,29,6580.537,0.46,-0.71,-0.32,0.42,-2.16,-8.08,-3.14,0.18,0.49,-3.62,28.19,32.00,10.06
1664.306,429,158,30,29,6580.561,0.48,-0.70,-0.34,0.40,-3.34,-3.97,-1.38,-0.13,0.71,-2.58,28.19,32.00,10.06
1664.332,425,149,28,38,6580.584,0.49,-0.70,-0.36,0.38,-3.06,-5.65,-1.21,-0.42,0.29,-1.32,24.37,35.38,10.19
1664.354,418,144,34,45,6580.609,0.49,-0.70,-0.36,0.38,-2.33,-9.72,-2.59,-0.40,-0.14,-0.70,24.37,35.38,10.19
1664.371,418,144,34,45,6580.629,0.49,-0.70,-0.37,0.37,-1.11,-10.27,-4.04,-0.03,-0.04,-0.65,21.25,37.56,10.69
1664.39,413,135,37,58,6580.652,0.49,-0.69,-0.37,0.37,-1.80,-8.32,-2.63,0.09,0.13,-0.40,21.25,37.56,10.69
1664.407,413,135,37,58,6580.674,0.49,-0.69,-0.38,0.37,-2.09,-7.83,-1.90,-0.09,-0.08,-0.04,18.87,37.69,11.19
1664.431,409,133,38,58,6580.699,0.49,-0.69,-0.38,0.37,-2.10,-8.25,-2.37,-0.22,-0.36,0.38,18.87,37.69,11.19
1664.454,409,133,38,58,6580.721,0.48,-0.70,-0.37,0.38,-1.31,-9.05,-2.88,-0.15,-0.61,0.96,18.75,37.38,11.19
1664.478,407,132,38,58,6580.744,0.47,-0.70,-0.37,0.39,-1.47,-9.14,-3.06,-0.05,-0.55,1.15,18.75,37.38,11.19
1664.505,403,132,39,56,6580.764,0.47,-0.70,-0.36,0.40,-2.13,-8.40,-2.24,-0.07,-0.49,1.21,18.75,37.38,11.19
1664.524,401,132,39,60,6580.789,0.46,-0.70,-0.36,0.41,-2.64,-7.68,-2.08,-0.23,-0.63,1.54,19.50,37.25,11.56
1664.541,401,132,39,60,6580.811,0.45,-0.71,-0.35,0.42,-3.31,-6.91,-2.40,-0.28,-0.75,2.06,19.50,37.25,11.56
1664.564,402,136,32,53,6580.836,0.43,-0.72,-0.33,0.44,-4.21,-6.79,-2.61,-0.28,-0.81,2.68,21.69,36.88,10.19
1664.585,398,135,34,60,6580.858,0.41,-0.72,-0.32,0.46,-4.86,-7.20,-2.27,-0.46,-0.97,3.37,21.69,36.88,10.19
1664.611,398,135,34,60,6580.881,0.39,-0.73,-0.30,0.48,-5.82,-8.69,-2.91,-0.53,-1.07,3.44,25.50,33.88,12.06
1664.634,393,136,37,64,6580.905,0.35,-0.74,-0.27,0.50,-6.19,-8.71,-3.05,-0.48,-1.01,3.18,25.50,33.88,12.06
1664.653,391,139,34,62,6580.928,0.33,-0.74,-0.26,0.52,-6.37,-8.01,-3.07,-0.40,-0.89,2.90,29.56,30.56,11.69
1664.67,391,139,34,62,6580.951,0.32,-0.75,-0.24,0.53,-7.23,-6.59,-2.18,-0.29,-0.78,2.66,29.56,30.56,11.69
1664.691,388,140,36,66,6580.973,0.29,-0.75,-0.22,0.55,-7.55,-6.12,-2.14,-0.41,-0.84,2.61,33.25,27.19,12.19
1664.708,388,140,36,66,6580.998,0.27,-0.75,-0.21,0.56,-7.41,-6.35,-2.51,-0.52,-0.85,2.50,33.25,27.19,12.19
1664.727,382,143,40,68,6581.018,0.25,-0.76,-0.19,0.57,-7.84,-6.09,-2.21,-0.48,-0.75,2.27,35.50,23.00,12.06
1664.743,382,143,40,68,6581.041,0.24,-0.76,-0.18,0.58,-8.25,-5.37,-2.08,-0.33,-0.69,2.19,35.50,23.00,12.06
1664.777,381,144,40,65,6581.063,0.21,-0.76,-0.16,0.59,-8.16,-4.65,-1.95,-0.41,-0.67,2.10,35.50,23.00,12.06
1664.794,381,144,40,65,6581.088,0.20,-0.76,-0.15,0.60,-8.55,-4.74,-2.48,-0.46,-0.62,2.15,37.69,19.25,13.50
1664.816,381,145,39,62,6581.11,0.18,-0.76,-0.14,0.61,-9.24,-4.70,-1.68,-0.40,-0.54,2.03,37.69,19.25,13.50
1664.838,380,144,39,65,6581.133,0.16,-0.76,-0.12,0.62,-9.47,-3.97,-1.65,-0.34,-0.61,2.06,39.50,15.19,12.69
1664.862,378,141,42,70,6581.157,0.14,-0.76,-0.11,0.63,-9.49,-3.01,-1.58,-0.38,-0.69,2.16,39.50,15.19,12.69
1664.878,378,141,42,70,6581.18,0.12,-0.76,-0.10,0.64,-9.47,-2.24,-1.75,-0.50,-0.72,2.31,40.56,11.06,11.38
1664.9,378,137,41,72,6581.202,0.10,-0.75,-0.08,0.65,-10.01,-1.36,-1.55,-0.48,-0.74,2.59,40.56,11.06,11.38
1664.929,377,136,40,72,6581.223,0.07,-0.75,-0.06,0.65,-10.21,-1.22,-1.52,-0.35,-0.78,2.99,40.25,6.06,9.75
1664.946,377,136,40,72,6581.248,0.05,-0.75,-0.04,0.66,-10.51,-1.62,-1.02,-0.45,-0.84,3.10,40.25,6.06,9.75
1664.971,377,137,40,70,6581.27,0.03,-0.74,-0.03,0.67,-9.89,-1.50,-1.64,-0.72,-0.87,2.73,40.50,0.88,9.75
1665.002,376,137,40,67,6581.293,-0.00,-0.74,-0.00,0.68,-10.17,-1.21,-1.69,-0.71,-0.78,2.59,40.50,0.88,9.75
1665.022,377,137,38,64,6581.313,-0.03,-0.73,0.01,0.68,-10.90,-0.01,-0.13,-0.62,-0.84,2.57,40.50,0.88,9.75
1665.039,377,137,38,64,6581.338,-0.05,-0.72,0.02,0.69,-10.91,1.06,0.13,-0.49,-1.32,2.92,39.38,-5.00,10.06
1665.061,375,137,39,69,6581.36,-0.07,-0.71,0.04,0.70,-10.07,2.16,-0.62,-0.53,-1.49,3.22,39.38,-5.00,10.06
1665.083,375,137,39,69,6581.385,-0.11,-0.69,0.07,0.71,-9.78,2.07,-0.71,-0.69,-1.39,3.32,36.75,-10.00,5.69
1665.116,375,137,39,68,6581.407,-0.13,-0.68,0.09,0.71,-9.85,1.91,-0.14,-0.69,-1.20,3.12,36.75,-10.00,5.69
1665.14,376,137,38,68,6581.43,-0.16,-0.67,0.11,0.72,-9.65,2.87,0.76,-0.61,-1.22,3.01,36.00,-16.75,3.69
1665.163,378,139,37,69,6581.454,-0.19,-0.65,0.13,0.72,-9.20,3.81,0.69,-0.63,-1.28,2.94,36.00,-16.75,3.69
1665.18,378,139,37,69,6581.477,-0.21,-0.64,0.15,0.73,-8.58,4.27,0.58,-0.65,-1.27,2.84,33.06,-23.50,1.69
1665.197,382,141,38,69,6581.499,-0.24,-0.62,0.16,0.73,-8.97,5.64,1.49,-0.60,-1.18,2.90,33.06,-23.50,1.69
1665.214,382,141,38,69,6581.52,-0.26,-0.61,0.18,0.73,-8.08,5.64,2.07,-0.75,-1.26,2.99,29.00,-33.50,1.56
1665.246,387,144,36,64,6581.544,-0.29,-0.59,0.20,0.73,-7.60,4.94,1.97,-0.45,-1.23,3.10,29.00,-33.50,1.56
1665.268,390,151,36,58,6581.567,-0.31,-0.57,0.22,0.73,-7.22,4.95,2.02,-0.44,-1.21,2.88,29.00,-33.50,1.56
1665.291,395,167,32,43,6581.59,-0.33,-0.55,0.23,0.73,-6.67,5.78,1.63,-0.35,-0.98,2.40,23.87,-44.25,2.50
1665.308,395,167,32,43,6581.61,-0.35,-0.54,0.25,0.73,-6.75,6.69,2.70,-0.40,-0.91,2.15,23.87,-44.25,2.50
1665.332,400,177,29,27,6581.635,-0.37,-0.52,0.26,0.72,-6.73,7.37,2.89,-0.47,-1.01,2.08,20.19,-47.19,2.25
1665.357,400,181,30,29,6581.659,-0.38,-0.51,0.27,0.72,-6.42,7.79,2.63,-0.39,-1.19,2.37,20.19,-47.19,2.25
1665.374,400,181,30,29,6581.682,-0.40,-0.48,0.29,0.72,-5.04,7.30,2.87,-0.38,-1.13,2.44,15.88,-49.25,1.25
1665.412,401,185,31,28,6581.706,-0.42,-0.47,0.31,0.72,-4.28,7.32,2.94,-0.39,-0.98,2.28,15.88,-49.25,1.25
1665.435,401,187,31,28,6581.727,-0.43,-0.45,0.32,0.71,-4.34,7.58,3.49,-0.31,-0.86,2.13,12.56,-50.38,0.25
1665.452,401,187,31,28,6581.749,-0.45,-0.44,0.33,0.71,-3.56,8.23,3.53,-0.24,-0.88,2.15,12.56,-50.38,0.25
1665.479,402,186,31,28,6581.772,-0.46,-0.42,0.34,0.70,-2.89,9.28,3.63,-0.35,-0.84,2.23,8.88,-52.19,-0.37
1665.501,403,183,33,30,6581.796,-0.48,-0.40,0.35,0.69,-2.32,9.45,2.86,-0.46,-0.68,2.54,8.88,-52.19,-0.37
1665.518,403,183,33,30,6581.817,-0.50,-0.39,0.36,0.68,-1.88,8.08,3.60,-0.34,-0.23,2.52,4.75,-52.50,-1.50
1665.539,403,178,35,32,6581.839,-0.51,-0.38,0.37,0.67,-1.39,7.39,4.53,-0.29,-0.20,2.02,4.75,-52.50,-1.50
1665.574,403,174,34,32,6581.862,-0.53,-0.37,0.38,0.66,-1.29,8.68,3.73,-0.22,-0.16,1.58,4.75,-52.50,-1.50
1665.591,403,174,34,32,6581.886,-0.54,-0.36,0.38,0.66,-1.29,8.22,3.83,-0.18,-0.02,1.30,2.56,-58.00,-5.25
1665.62,402,169,35,34,6581.909,-0.55,-0.36,0.38,0.65,-0.81,8.14,4.15,-0.02,0.03,0.54,2.56,-58.00,-5.25
1665.649,402,166,37,34,6581.932,-0.55,-0.36,0.39,0.65,-0.63,7.98,3.95,0.05,0.04,-0.05,1.19,-64.06,-14.75
1665.68,399,162,40,36,6581.956,-0.55,-0.36,0.38,0.65,-1.22,8.73,4.16,0.16,0.14,-0.63,1.19,-64.06,-14.75
1665.7,397,159,42,38,6581.979,-0.54,-0.36,0.38,0.66,-1.63,9.50,4.34,0.14,0.01,-0.98,2.00,-65.37,-17.25
1665.733,395,154,44,42,6582.001,-0.53,-0.37,0.38,0.66,-1.55,10.24,3.82,0.06,-0.02,-0.83,2.00,-65.37,-17.25
1665.749,395,154,44,42,6582.022,-0.53,-0.37,0.38,0.67,-1.54,8.73,3.95,0.05,0.06,-0.66,2.88,-65.50,-15.06
1665.774,395,155,38,35,6582.046,-0.52,-0.38,0.37,0.67,-1.49,7.65,4.06,0.10,0.14,-0.84,2.88,-65.50,-15.06
1665.795,389,147,47,47,6582.069,-0.51,-0.38,0.37,0.67,-1.99,7.38,4.12,0.31,0.11,-1.58,4.50,-65.75,-17.00
1665.812,389,147,47,47,6582.091,-0.49,-0.39,0.36,0.68,-1.84,7.35,3.28,0.39,0.16,-2.15,4.50,-65.75,-17.00
1665.845,388,150,42,38,6582.112,-0.48,-0.41,0.35,0.69,-2.22,7.61,3.24,0.55,0.36,-2.61,4.50,-65.75,-17.00
1665.869,385,149,42,39,6582.136,-0.46,-0.42,0.34,0.70,-3.38,8.02,3.79,0.67,0.46,-3.01,5.69,-65.25,-14.88
1665.894,385,149,42,39,6582.159,-0.44,-0.44,0.33,0.71,-4.53,7.74,3.60,0.76,0.41,-3.19,5.69,-65.25,-14.88
1665.917,381,146,44,42,6582.183,-0.40,-0.46,0.32,0.72,-4.93,8.32,3.49,0.75,0.33,-3.28,7.88,-61.56,-8.88
1665.939,380,147,42,40,6582.206,-0.37,-0.48,0.31,0.73,-5.24,8.53,3.21,0.69,0.28,-3.03,7.88,-61.56,-8.88
1665.964,375,145,46,42,6582.228,-0.35,-0.49,0.30,0.74,-5.82,7.74,3.06,0.58,0.43,-2.86,12.00,-53.25,-0.69
1665.983,375,145,46,42,6582.251,-0.32,-0.51,0.28,0.75,-6.45,7.08,3.02,0.63,0.47,-2.68,12.00,-53.25,-0.69
1666.009,373,144,44,43,6582.274,-0.30,-0.52,0.27,0.75,-6.61,6.57,2.92,0.58,0.40,-2.53,17.25,-46.19,3.75
1666.032,369,142,46,44,6582.296,-0.28,-0.53,0.26,0.76,-6.84,6.64,2.68,0.59,0.32,-2.45,17.25,-46.19,3.75
1666.063,373,146,35,34,6582.319,-0.26,-0.54,0.26,0.76,-7.01,6.22,1.88,0.61,0.32,-2.30,21.06,-42.50,6.88
1666.079,373,146,35,34,6582.343,-0.23,-0.55,0.24,0.76,-7.23,5.42,1.97,0.66,0.44,-2.38,21.06,-42.50,6.88
1666.1,369,146,40,36,6582.364,-0.21,-0.57,0.23,0.76,-7.43,5.40,1.99,0.68,0.55,-2.57,21.06,-42.50,6.88
1666.12,366,144,42,41,6582.388,-0.19,-0.58,0.22,0.76,-7.97,5.22,2.03,0.60,0.63,-2.71,25.06,-40.06,7.56
1666.137,366,144,42,41,6582.409,-0.16,-0.59,0.20,0.76,-8.69,5.17,2.02,0.51,0.54,-2.62,25.06,-40.06,7.56
1666.153,366,144,42,41,6582.433,-0.14,-0.60,0.19,0.76,-8.77,4.67,1.40,0.56,0.51,-2.46,29.25,-33.69,6.00
1666.176,364,143,43,42,6582.456,-0.12,-0.61,0.18,0.76,-8.79,4.12,1.23,0.57,0.65,-2.40,29.25,-33.69,6.00
1666.193,364,143,43,42,6582.48,-0.10,-0.62,0.17,0.76,-9.34,4.69,1.52,0.45,0.65,-2.21,33.06,-26.75,4.25
1666.226,368,148,33,35,6582.503,-0.07,-0.63,0.16,0.75,-9.17,4.43,1.37,0.35,0.55,-1.81,33.06,-26.75,4.25
1666.25,364,151,38,36,6582.525,-0.06,-0.64,0.15,0.75,-8.99,2.86,1.29,0.35,0.49,-1.53,36.19,-21.19,4.75
1666.27,362,151,42,40,6582.548,-0.05,-0.64,0.14,0.75,-8.95,2.76,1.04,0.35,0.50,-1.52,36.19,-21.19,4.75
1666.29,362,151,42,40,6582.568,-0.03,-0.65,0.13,0.74,-9.08,2.77,1.03,0.28,0.49,-1.45,38.19,-16.56,5.19
1666.314,362,154,43,40,6582.593,-0.02,-0.66,0.13,0.74,-9.36,2.40,0.68,0.26,0.46,-1.30,38.19,-16.56,5.19
1666.334,362,156,41,38,6582.616,-0.01,-0.66,0.12,0.74,-9.32,2.23,0.64,0.26,0.37,-1.15,38.19,-16.56,5.19
1666.351,362,156,41,38,6582.638,-0.00,-0.67,0.12,0.74,-8.82,2.35,0.24,0.19,0.26,-0.98,39.75,-14.00,6.06
1666.382,360,157,42,38,6582.659,0.01,-0.67,0.11,0.73,-8.57,2.31,0.36,0.09,0.27,-0.79,39.75,-14.00,6.06
1666.406,361,158,43,40,6582.683,0.01,-0.67,0.11,0.73,-8.46,2.19,0.41,0.02,0.29,-0.58,41.75,-11.25,7.00
1666.432,361,159,43,39,6582.706,0.01,-0.68,0.10,0.73,-8.50,1.13,0.34,0.09,0.31,-0.49,41.75,-11.25,7.00
1666.448,361,159,43,39,6582.728,0.02,-0.68,0.10,0.73,-9.04,0.41,0.28,0.15,0.35,-0.77,41.38,-9.75,7.00
1666.473,362,160,42,39,6582.751,0.03,-0.68,0.09,0.72,-9.38,1.04,0.12,0.14,0.40,-0.90,41.38,-9.75,7.00
1666.495,363,161,42,39,6582.771,0.03,-0.69,0.09,0.72,-9.89,1.30,0.57,0.05,0.39,-0.72,41.50,-9.06,7.38
1666.511,363,161,42,39,6582.796,0.04,-0.69,0.09,0.72,-9.98,-0.10,0.16,0.06,0.32,-0.53,41.50,-9.06,7.38
1666.536,363,161,42,39,6582.816,0.04,-0.69,0.08,0.72,-10.36,-0.50,0.01,0.15,0.32,-0.71,42.25,-8.00,9.00
1666.558,363,162,42,39,6582.839,0.05,-0.70,0.08,0.71,-11.00,-0.13,0.30,0.16,0.27,-0.81,42.25,-8.00,9.00
1666.579,363,162,43,38,6582.861,0.06,-0.70,0.07,0.71,-11.01,0.27,0.39,0.08,0.15,-0.78,42.25,-8.00,9.00
1666.599,363,162,42,38,6582.886,0.06,-0.70,0.07,0.71,-10.92,0.22,0.07,-0.06,0.10,-0.66,41.50,-5.38,9.00
1666.617,363,162,42,38,6582.908,0.06,-0.70,0.06,0.71,-10.91,-0.53,-0.25,-0.07,0.16,-0.42,41.50,-5.38,9.00
1666.641,363,163,42,38,6582.931,0.07,-0.70,0.06,0.71,-11.25,-0.68,-0.01,-0.04,0.11,-0.29,41.06,-4.56,10.25
1666.664,364,162,41,38,6582.956,0.07,-0.70,0.06,0.71,-11.04,-0.80,-0.07,-0.06,0.00,-0.26,41.06,-4.56,10.25
1666.69,364,162,41,38,6582.978,0.07,-0.70,0.05,0.71,-10.54,-0.56,0.01,-0.08,-0.06,-0.30,41.50,-4.56,11.00
1666.715,364,164,40,36,6583.001,0.07,-0.70,0.05,0.71,-9.90,-0.54,-0.16,-0.12,-0.03,-0.33,41.50,-4.56,11.00
1666.773,363,163,41,38,6583.021,0.07,-0.70,0.05,0.71,-9.94,-0.92,-0.04,-0.05,0.06,-0.32,41.88,-3.06,11.50
1666.795,364,163,41,38,6583.046,0.08,-0.70,0.05,0.71,-10.08,-0.76,0.57,-0.01,0.04,-0.38,41.88,-3.06,11.50
1666.84,364,163,41,38,6583.068,0.08,-0.70,0.04,0.71,-9.86,0.12,0.48,-0.04,-0.08,-0.33,42.25,-2.69,10.25
1666.898,363,165,40,37,6583.091,0.08,-0.70,0.04,0.71,-9.77,0.15,0.02,-0.07,-0.09,-0.24,42.25,-2.69,10.25
1666.946,363,165,40,37,6583.111,0.08,-0.70,0.04,0.71,-9.32,-0.22,-0.11,-0.11,-0.06,-0.11,42.25,-2.69,10.25
1666.977,363,164,40,37,6583.136,0.08,-0.70,0.04,0.71,-9.36,-0.35,-0.31,-0.14,0.04,-0.05,42.56,-2.38,9.88
1667.016,363,165,41,37,6583.158,0.08,-0.70,0.03,0.71,-9.51,-0.35,0.10,-0.10,0.07,-0.08,42.56,-2.38,9.88
1667.054,362,165,40,37,6583.181,0.08,-0.70,0.03,0.71,-9.45,0.18,0.29,-0.07,-0.02,-0.05,41.50,-0.88,11.06
1667.081,360,164,42,38,6583.205,0.08,-0.70,0.03,0.71,-9.18,0.12,0.07,-0.12,-0.15,0.11,41.50,-0.88,11.06
1667.103,361,165,41,38,6583.226,0.08,-0.70,0.03,0.71,-8.74,-0.40,-0.16,-0.33,-0.16,0.30,42.56,-1.56,8.69
1667.122,361,165,41,38,6583.248,0.07,-0.70,0.03,0.71,-8.45,-0.65,-0.66,-0.49,-0.05,0.22,42.56,-1.56,8.69
1667.186,361,165,41,37,6583.271,0.07,-0.70,0.03,0.71,-9.08,-0.57,-0.79,-0.51,0.22,0.22,43.00,-1.56,10.69
1667.24,361,164,41,38,6583.296,0.06,-0.70,0.03,0.71,-10.07,-0.56,-0.35,-0.41,0.42,0.39,43.00,-1.56,10.69
1667.262,361,164,41,38,6583.316,0.05,-0.71,0.03,0.71,-9.78,1.23,-0.92,-0.48,0.17,0.68,42.25,-3.06,10.69
1667.29,361,165,41,37,6583.339,0.04,-0.71,0.03,0.70,-9.65,2.08,-0.61,-0.64,0.05,1.16,42.25,-3.06,10.69
1667.318,361,165,40,36,6583.361,0.02,-0.71,0.04,0.71,-9.27,1.64,0.05,-0.76,-0.01,1.79,42.25,-3.06,10.69
1667.349,361,165,41,37,6583.386,0.00,-0.71,0.05,0.71,-8.47,0.43,-0.57,-0.85,-0.01,2.11,41.50,-3.88,10.25
1667.385,361,165,41,37,6583.408,-0.02,-0.71,0.06,0.71,-8.01,-0.04,-1.18,-0.76,0.46,1.72,41.50,-3.88,10.25
1667.403,361,165,41,37,6583.431,-0.04,-0.71,0.06,0.70,-8.74,1.93,-1.16,-0.74,0.87,1.35,39.56,-8.38,10.69
1667.425,361,164,41,38,6583.455,-0.05,-0.72,0.07,0.69,-10.50,2.89,-0.15,-0.87,1.09,1.42,39.56,-8.38,10.69
1667.446,360,165,41,37,6583.478,-0.07,-0.72,0.07,0.68,-9.59,1.08,-0.30,-0.94,0.88,1.70,37.00,-12.00,10.25
1667.468,360,164,41,36,6583.5,-0.10,-0.73,0.08,0.67,-9.27,0.40,-0.54,-0.74,0.83,1.55,37.00,-12.00,10.25
1667.488,360,164,41,36,6583.523,-0.11,-0.73,0.08,0.67,-11.47,1.02,0.56,-0.46,0.92,1.17,34.75,-15.00,10.75
1667.51,360,164,41,38,6583.545,-0.12,-0.74,0.09,0.66,-11.71,1.25,1.03,-0.27,0.37,0.65,34.75,-15.00,10.75
1667.539,360,164,41,38,6583.568,-0.13,-0.74,0.09,0.66,-10.74,1.41,-0.62,-0.28,0.17,0.48,32.56,-17.37,11.00
1667.556,360,164,41,38,6583.59,-0.13,-0.74,0.09,0.66,-11.07,1.26,-0.46,-0.23,0.39,0.30,32.56,-17.37,11.00
1667.579,360,165,40,37,6583.613,-0.13,-0.74,0.09,0.65,-12.08,2.04,0.50,-0.18,0.60,0.04,32.56,-17.37,11.00
1667.596,360,165,40,37,6583.635,-0.14,-0.74,0.09,0.65,-10.96,3.56,-0.15,-0.13,0.35,-0.02,31.50,-18.19,11.19
1667.62,360,164,41,38,6583.658,-0.14,-0.75,0.08,0.65,-10.14,3.53,-0.89,-0.20,0.12,0.08,31.50,-18.19,11.19
1667.644,360,164,41,38,6583.683,-0.14,-0.75,0.08,0.65,-9.37,2.93,-1.66,-0.33,0.14,0.07,30.56,-19.37,14.56
1667.66,360,164,41,38,6583.705,-0.14,-0.75,0.08,0.64,-9.67,2.70,-1.13,-0.33,0.39,-0.14,30.56,-19.37,14.56
1667.693,360,165,41,38,6583.728,-0.15,-0.75,0.07,0.64,-8.84,2.56,-0.59,-0.33,0.32,-0.30,31.00,-20.50,15.00
1667.717,359,165,42,37,6583.752,-0.14,-0.75,0.07,0.64,-7.87,2.98,-1.52,-0.24,0.25,-0.37,31.00,-20.50,15.00
1667.74,360,166,40,37,6583.775,-0.15,-0.75,0.07,0.64,-8.32,3.59,-2.00,-0.22,0.49,-0.07,33.19,-20.87,17.87
1667.757,360,166,40,37,6583.797,-0.15,-0.76,0.06,0.63,-8.88,2.79,-1.91,-0.33,0.61,0.00,33.19,-20.87,17.87
1667.779,360,165,41,37,6583.818,-0.15,-0.76,0.06,0.63,-8.84,2.14,-2.29,-0.35,0.54,-0.12,33.69,-22.75,17.75
1667.802,360,165,41,37,6583.842,-0.15,-0.76,0.06,0.63,-9.01,3.37,-2.82,-0.19,0.38,-0.26,33.69,-22.75,17.75
1667.818,360,165,41,37,6583.865,-0.15,-0.77,0.05,0.62,-8.91,3.90,-3.35,-0.16,0.22,-0.20,35.19,-24.25,19.25
1667.846,360,164,40,38,6583.887,-0.15,-0.77,0.05,0.62,-9.30,3.74,-3.56,-0.27,0.24,-0.16,35.19,-24.25,19.25
1667.863,360,164,40,38,6583.91,-0.15,-0.77,0.04,0.62,-9.46,3.36,-2.72,-0.36,0.18,-0.17,35.19,-24.25,19.25
1667.889,361,164,41,38,6583.934,-0.16,-0.77,0.04,0.62,-8.86,2.84,-3.01,-0.39,0.00,-0.19,36.00,-24.56,19.19
1667.912,361,165,41,37,6583.957,-0.16,-0.77,0.04,0.62,-8.65,2.66,-3.35,-0.19,-0.00,-0.19,36.00,-24.56,19.19
1667.937,363,165,39,37,6583.98,-0.16,-0.77,0.03,0.62,-9.12,3.35,-2.87,-0.07,0.08,-0.22,37.00,-24.19,19.19
1667.954,363,165,39,37,6584.004,-0.16,-0.77,0.03,0.62,-9.21,3.52,-2.60,-0.14,0.01,-0.13,37.00,-24.19,19.19
1667.979,362,164,40,37,6584.027,-0.16,-0.77,0.03,0.62,-9.00,3.18,-2.69,-0.25,-0.05,-0.09,38.06,-24.56,17.56
1668.003,362,164,40,37,6584.049,-0.16,-0.77,0.03,0.62,-9.08,2.67,-2.67,-0.30,-0.07,-0.09,38.06,-24.56,17.56
