1325.437,364,165,31,27,6242.156,0.13,-0.68,0.08,0.72,-9.78,-0.55,0.67,-0.00,-0.02,0.00,46.25,-14.06,1.50
1325.456,364,165,31,28,6242.181,0.13,-0.68,0.08,0.72,-9.77,-0.49,0.57,0.00,-0.03,0.00,46.25,-13.00,1.19
1325.484,364,166,30,27,6242.203,0.13,-0.68,0.08,0.72,-9.78,-0.57,0.57,-0.00,0.01,-0.00,46.25,-13.00,1.19
1325.5,364,166,30,27,6242.226,0.13,-0.68,0.08,0.72,-9.89,-0.55,0.55,0.01,0.00,-0.00,46.69,-14.50,2.25
1325.521,364,166,30,27,6242.25,0.13,-0.68,0.08,0.72,-9.97,-0.41,0.48,0.01,-0.03,0.00,46.69,-14.50,2.25
1325.543,364,166,30,27,6242.273,0.13,-0.68,0.08,0.72,-9.97,-0.39,0.52,-0.02,-0.03,0.00,45.56,-13.00,2.25
1325.559,364,166,30,27,6242.293,0.13,-0.68,0.08,0.72,-9.88,-0.45,0.53,-0.01,-0.02,-0.01,45.56,-13.00,2.25
1325.58,364,165,31,28,6242.316,0.13,-0.68,0.08,0.72,-9.86,-0.49,0.57,0.00,-0.01,-0.03,46.00,-14.06,0.25
1325.599,362,166,32,27,6242.34,0.13,-0.68,0.08,0.72,-9.77,-0.53,0.52,0.00,-0.02,-0.03,46.00,-14.06,0.25
1325.616,362,166,32,27,6242.363,0.13,-0.68,0.08,0.72,-9.67,-0.49,0.59,-0.00,-0.01,-0.00,46.25,-13.25,1.50
1325.645,363,165,30,28,6242.383,0.13,-0.68,0.08,0.72,-9.78,-0.51,0.50,0.01,0.00,-0.00,46.25,-13.25,1.50
1325.662,363,165,30,28,6242.406,0.13,-0.68,0.08,0.72,-9.79,-0.46,0.56,0.02,0.00,-0.02,46.25,-13.25,1.50
1325.681,362,166,31,27,6242.43,0.13,-0.68,0.08,0.72,-9.79,-0.46,0.65,0.00,0.00,-0.02,45.56,-13.25,0.69
1325.697,362,166,31,27,6242.453,0.13,-0.68,0.08,0.72,-9.77,-0.63,0.65,0.05,0.02,-0.02,45.56,-13.25,0.69
1325.719,362,166,30,27,6242.473,0.13,-0.68,0.08,0.72,-9.90,-0.69,0.52,0.15,0.03,-0.01,46.00,-13.69,1.19
1325.736,362,166,30,27,6242.498,0.13,-0.68,0.09,0.72,-9.98,-0.65,0.60,0.15,0.01,-0.01,46.00,-13.69,1.19
1325.756,362,165,31,27,6242.519,0.13,-0.68,0.09,0.72,-9.81,-0.88,0.53,0.14,-0.01,-0.02,46.25,-13.56,1.88
1325.775,363,165,29,26,6242.543,0.13,-0.68,0.09,0.72,-9.77,-0.62,0.40,0.22,0.04,-0.02,46.25,-13.56,1.88
1325.798,363,165,29,26,6242.564,0.14,-0.68,0.09,0.71,-9.82,-0.60,0.41,0.23,0.06,0.02,46.25,-14.38,1.50
1325.819,362,165,30,27,6242.586,0.14,-0.68,0.09,0.71,-9.41,-0.55,0.16,0.28,0.09,0.06,46.25,-14.38,1.50
1325.841,361,164,31,28,6242.609,0.14,-0.68,0.09,0.71,-9.72,-1.07,0.57,0.32,0.11,0.18,46.25,-14.38,1.50
1325.859,361,164,31,28,6242.631,0.14,-0.68,0.10,0.71,-9.87,-1.11,0.83,0.33,0.01,0.15,45.19,-13.19,1.88
1325.88,361,166,30,25,6242.654,0.14,-0.68,0.10,0.71,-9.76,-0.16,0.95,0.27,-0.10,0.22,45.19,-13.19,1.88
1325.901,362,166,31,27,6242.676,0.14,-0.68,0.11,0.71,-9.81,-0.40,0.80,0.19,-0.16,0.28,46.25,-12.88,2.69
1325.917,362,166,31,27,6242.701,0.14,-0.68,0.11,0.72,-9.80,-0.30,0.46,0.16,-0.11,0.17,46.25,-12.88,2.69
1325.939,361,166,32,27,6242.723,0.14,-0.68,0.11,0.72,-9.94,-0.14,0.53,0.13,-0.02,0.10,45.19,-14.75,1.88
1325.961,361,166,32,27,6242.746,0.14,-0.68,0.11,0.72,-10.15,-0.19,0.60,0.12,0.06,0.04,45.19,-14.75,1.88
1325.983,362,166,30,27,6242.766,0.14,-0.68,0.11,0.71,-9.86,-0.85,-0.10,0.26,0.12,-0.03,46.69,-14.38,1.50
1326.001,362,166,31,27,6242.791,0.14,-0.68,0.12,0.71,-10.01,-0.47,-0.26,0.39,0.18,-0.01,46.69,-14.38,1.50
1326.018,362,166,31,27,6242.813,0.15,-0.68,0.12,0.71,-9.97,-0.07,0.83,0.29,0.14,0.12,45.56,-14.38,3.06
1326.034,362,166,31,27,6242.836,0.15,-0.68,0.12,0.71,-10.02,-0.43,0.60,0.18,0.08,0.10,45.56,-14.38,3.06
1326.055,362,166,31,27,6242.859,0.15,-0.68,0.12,0.71,-9.74,0.34,0.55,0.09,0.06,0.04,45.56,-14.38,3.06
1326.071,362,166,31,27,6242.881,0.15,-0.68,0.13,0.71,-9.78,0.21,0.21,0.05,0.11,0.11,45.56,-14.38,3.06
1326.093,362,166,31,27,6242.904,0.15,-0.68,0.13,0.71,-9.86,-0.28,0.04,0.14,0.16,0.10,45.56,-14.38,3.06
1326.123,362,165,31,28,6242.926,0.15,-0.68,0.13,0.71,-9.85,-0.43,0.52,0.16,0.14,0.12,44.75,-14.69,3.88
1326.14,362,165,31,28,6242.951,0.15,-0.68,0.13,0.71,-10.11,-0.24,0.58,0.20,0.10,0.03,44.75,-14.69,3.88
1326.161,364,166,29,26,6242.973,0.15,-0.68,0.13,0.71,-10.04,-0.14,0.70,0.13,0.07,-0.03,45.19,-14.50,3.06
1326.183,362,166,30,27,6242.996,0.15,-0.68,0.13,0.71,-9.99,0.02,0.75,0.10,0.00,-0.07,45.19,-14.50,3.06
1326.199,362,166,30,27,6243.016,0.15,-0.68,0.13,0.71,-9.70,-0.10,0.77,0.05,-0.07,-0.03,44.06,-14.50,3.50
1326.219,362,166,31,27,6243.041,0.15,-0.68,0.13,0.71,-9.63,0.07,0.57,0.01,-0.08,0.03,44.06,-14.50,3.50
1326.252,362,167,30,27,6243.061,0.15,-0.68,0.13,0.71,-9.49,0.01,0.73,0.01,-0.04,0.01,45.88,-14.06,2.69
1326.276,362,167,30,27,6243.084,0.15,-0.68,0.13,0.71,-9.56,0.16,0.40,0.04,0.01,-0.02,45.88,-14.06,2.69
1326.299,362,166,31,27,6243.104,0.15,-0.68,0.13,0.71,-9.61,0.02,0.33,0.04,0.06,-0.02,45.88,-14.06,2.69
1326.322,362,167,30,27,6243.129,0.15,-0.68,0.13,0.71,-9.89,-0.09,0.41,0.07,0.08,-0.04,45.06,-14.00,1.88
1326.347,363,167,30,27,6243.151,0.15,-0.68,0.14,0.71,-10.06,-0.06,0.39,0.02,0.04,0.00,45.06,-14.00,1.88
1326.368,364,167,30,26,6243.174,0.15,-0.68,0.14,0.71,-10.01,-0.40,0.27,-0.02,0.01,0.03,45.50,-14.38,4.25
1326.395,364,167,30,26,6243.198,0.15,-0.68,0.14,0.71,-9.98,-0.31,0.04,-0.01,0.02,-0.01,45.50,-14.38,4.25
1326.411,364,167,30,26,6243.221,0.15,-0.68,0.14,0.70,-9.98,-0.37,0.17,0.03,0.02,-0.02,44.69,-15.06,3.06
1326.441,365,167,30,27,6243.244,0.15,-0.68,0.14,0.70,-9.80,-0.43,0.34,0.07,0.00,-0.03,44.69,-15.06,3.06
1326.465,366,166,30,26,6243.264,0.15,-0.68,0.14,0.70,-9.76,-0.21,0.38,0.10,0.01,-0.04,45.06,-14.38,3.06
1326.485,367,166,30,27,6243.289,0.15,-0.68,0.14,0.70,-9.79,-0.17,0.18,0.11,0.02,-0.03,45.06,-14.38,3.06
1326.501,367,166,30,27,6243.309,0.16,-0.68,0.14,0.70,-9.92,-0.18,0.22,0.10,0.04,-0.02,44.69,-14.38,3.50
1326.523,369,165,30,27,6243.332,0.16,-0.68,0.14,0.70,-9.88,-0.12,0.43,0.04,0.02,-0.03,44.69,-14.38,3.50
1326.546,369,165,30,27,6243.354,0.16,-0.68,0.14,0.70,-9.88,-0.26,0.34,0.02,-0.01,-0.01,44.69,-14.38,3.50
1326.562,369,165,30,27,6243.377,0.16,-0.68,0.14,0.70,-9.93,-0.10,0.31,0.03,-0.01,-0.01,45.50,-14.00,3.06
1326.579,372,163,30,27,6243.399,0.16,-0.68,0.14,0.70,-9.92,-0.09,0.34,0.01,0.01,-0.00,45.50,-14.00,3.06
1326.601,372,163,30,27,6243.422,0.16,-0.68,0.14,0.70,-9.88,-0.18,0.27,0.01,0.01,-0.02,44.69,-13.56,2.69
1326.62,376,163,31,27,6243.444,0.16,-0.68,0.14,0.70,-9.86,-0.11,0.30,0.03,-0.01,-0.05,44.69,-13.56,2.69
1326.638,378,161,32,29,6243.467,0.16,-0.68,0.14,0.70,-9.85,-0.14,0.40,0.00,-0.01,-0.04,44.69,-14.00,4.25
1326.655,378,161,32,29,6243.489,0.16,-0.68,0.14,0.70,-9.83,-0.25,0.31,-0.02,-0.00,-0.02,44.69,-14.00,4.25
1326.68,380,161,32,28,6243.512,0.16,-0.68,0.14,0.70,-9.78,-0.52,0.26,-0.03,-0.00,-0.04,45.06,-14.38,3.88
1326.698,380,161,32,28,6243.534,0.16,-0.68,0.14,0.70,-9.87,-0.07,0.23,0.02,0.01,-0.06,45.06,-14.38,3.88
1326.718,385,161,31,28,6243.555,0.16,-0.68,0.14,0.70,-9.93,-0.44,0.29,-0.03,-0.00,-0.00,45.06,-14.38,3.88
1326.734,385,161,31,28,6243.579,0.16,-0.68,0.14,0.70,-9.94,-0.36,0.26,-0.03,-0.02,0.01,44.69,-13.56,2.69
1326.772,388,162,31,27,6243.602,0.16,-0.68,0.14,0.70,-9.82,-0.33,0.44,-0.01,-0.02,-0.02,44.69,-13.56,2.69
1326.788,388,162,31,27,6243.624,0.16,-0.68,0.14,0.70,-9.71,-0.25,0.40,-0.01,-0.02,-0.02,46.19,-14.69,4.25
1326.822,389,161,31,28,6243.649,0.16,-0.68,0.13,0.70,-9.75,-0.31,0.28,0.00,-0.01,-0.01,46.19,-14.69,4.25
1326.846,391,161,31,28,6243.672,0.16,-0.68,0.13,0.70,-9.78,-0.33,0.48,-0.01,0.00,-0.01,44.38,-13.56,2.25
1326.869,391,161,31,29,6243.694,0.16,-0.68,0.13,0.70,-9.84,-0.10,0.36,0.01,0.01,-0.02,44.38,-13.56,2.25
1326.901,390,161,33,29,6243.717,0.16,-0.68,0.13,0.70,-9.87,-0.16,0.48,-0.02,0.01,-0.01,45.50,-13.56,2.25
1326.934,390,161,33,29,6243.741,0.16,-0.68,0.13,0.70,-9.84,-0.26,0.34,-0.04,-0.02,0.00,45.50,-13.56,2.25
1326.959,389,162,33,29,6243.762,0.16,-0.68,0.13,0.70,-9.79,-0.17,0.38,-0.06,-0.01,-0.01,44.69,-13.56,3.06
1326.983,387,162,33,30,6243.784,0.16,-0.68,0.13,0.70,-9.79,-0.31,0.26,-0.07,0.01,-0.01,44.69,-13.56,3.06
1327,387,162,33,30,6243.807,0.16,-0.68,0.13,0.70,-9.81,-0.25,0.37,-0.02,0.01,-0.01,44.69,-13.56,3.06
1327.034,387,163,31,28,6243.829,0.16,-0.68,0.13,0.70,-9.83,-0.29,0.33,-0.03,0.01,0.00,45.06,-14.38,3.06
1327.06,383,163,32,29,6243.852,0.16,-0.68,0.13,0.70,-9.86,-0.32,0.29,-0.03,0.01,0.00,45.06,-14.38,3.06
1327.097,380,164,32,29,6243.874,0.16,-0.68,0.13,0.70,-9.93,-0.32,0.28,-0.01,0.01,-0.01,44.69,-14.00,2.25
1327.113,380,164,32,29,6243.899,0.16,-0.68,0.13,0.70,-9.92,-0.17,0.24,-0.01,-0.01,-0.02,44.69,-14.00,2.25
1327.145,378,163,32,30,6243.921,0.16,-0.68,0.13,0.70,-9.88,-0.43,0.26,-0.03,-0.01,0.00,45.88,-14.00,3.88
1327.169,376,163,33,30,6243.944,0.16,-0.68,0.13,0.70,-9.91,-0.29,0.27,0.00,0.01,-0.01,45.88,-14.00,3.88
1327.196,373,164,33,29,6243.969,0.16,-0.68,0.13,0.70,-9.87,-0.30,0.44,0.00,-0.00,-0.01,44.38,-14.00,3.50
1327.221,371,164,33,29,6243.991,0.16,-0.68,0.13,0.70,-9.74,-0.34,0.27,0.00,-0.03,-0.01,44.38,-14.00,3.50
1327.244,371,164,33,29,6244.014,0.16,-0.68,0.13,0.70,-9.76,-0.46,0.32,0.02,0.01,-0.01,45.06,-14.00,3.50
1327.267,371,163,33,30,6244.036,0.16,-0.68,0.13,0.70,-9.86,-0.16,0.34,0.03,0.05,-0.03,45.06,-14.00,3.50
1327.289,371,163,32,30,6244.059,0.16,-0.68,0.13,0.70,-9.88,-0.32,0.43,0.01,0.00,0.02,44.69,-13.56,2.25
1327.308,373,163,33,30,6244.081,0.16,-0.68,0.13,0.70,-9.86,-0.19,0.15,0.02,-0.00,-0.01,44.69,-13.56,2.25
1327.324,373,163,33,30,6244.102,0.16,-0.68,0.13,0.70,-9.77,-0.51,0.36,0.01,0.00,0.00,44.69,-13.56,2.25
1327.345,373,162,33,30,6244.126,0.16,-0.68,0.13,0.70,-9.82,-0.35,0.48,0.03,0.01,-0.02,44.69,-13.56,2.69
1327.362,373,162,33,30,6244.151,0.16,-0.68,0.13,0.70,-9.81,-0.45,0.30,0.04,0.00,-0.03,44.69,-13.56,2.69
1327.382,371,162,33,29,6244.171,0.16,-0.68,0.13,0.70,-9.85,-0.27,0.44,0.05,0.00,-0.01,45.50,-12.88,3.06
1327.404,371,162,33,29,6244.194,0.16,-0.68,0.13,0.70,-9.84,-0.24,0.25,0.04,-0.00,0.00,45.50,-12.88,3.06
1327.427,371,159,32,30,6244.218,0.16,-0.68,0.13,0.70,-9.84,-0.26,0.34,0.02,0.01,0.01,45.50,-14.00,4.25
1327.451,372,157,34,31,6244.241,0.16,-0.68,0.13,0.70,-9.90,-0.19,0.43,0.02,0.01,0.00,45.50,-14.00,4.25
1327.467,372,157,34,31,6244.263,0.16,-0.68,0.13,0.70,-9.89,-0.21,0.31,0.02,-0.00,-0.01,45.50,-14.00,2.69
1327.487,374,156,33,30,6244.286,0.16,-0.68,0.13,0.70,-9.95,-0.17,0.04,0.03,0.02,-0.03,45.50,-14.00,2.69
1327.504,374,156,33,30,6244.308,0.16,-0.68,0.13,0.70,-9.98,-0.14,0.22,0.02,0.03,-0.04,45.06,-14.00,3.50
1327.521,374,157,33,29,6244.331,0.16,-0.68,0.13,0.70,-9.96,-0.21,0.20,0.01,-0.00,-0.04,45.06,-14.00,3.50
1327.537,374,157,33,29,6244.352,0.16,-0.68,0.13,0.70,-9.98,-0.28,0.20,0.01,-0.03,-0.04,45.06,-14.00,3.50
1327.567,377,157,33,30,6244.376,0.16,-0.68,0.13,0.70,-9.91,-0.35,0.29,-0.02,-0.02,-0.04,44.38,-13.19,3.50
1327.583,377,157,33,30,6244.399,0.16,-0.68,0.13,0.70,-9.88,-0.35,0.24,-0.01,-0.02,-0.04,44.38,-13.19,3.50
1327.602,377,157,33,31,6244.421,0.16,-0.68,0.13,0.70,-9.83,-0.32,0.46,-0.02,-0.04,-0.03,45.50,-14.00,3.50
1327.623,377,157,33,30,6244.444,0.16,-0.68,0.13,0.70,-9.78,-0.45,0.40,-0.02,-0.03,-0.02,45.50,-14.00,3.50
1327.639,377,157,33,30,6244.466,0.16,-0.68,0.13,0.70,-9.76,-0.44,0.35,-0.02,-0.01,-0.04,45.88,-13.56,2.69
1327.658,377,159,32,29,6244.489,0.16,-0.68,0.13,0.70,-9.76,-0.38,0.35,-0.00,0.00,-0.04,45.88,-13.56,2.69
1327.678,376,159,33,31,6244.511,0.16,-0.68,0.13,0.70,-9.79,-0.45,0.41,-0.01,-0.02,-0.02,46.19,-13.56,3.06
1327.695,376,159,33,31,6244.534,0.16,-0.68,0.13,0.70,-9.78,-0.40,0.33,-0.02,-0.03,-0.01,46.19,-13.56,3.06
1327.721,375,160,33,30,6244.556,0.16,-0.68,0.13,0.70,-9.73,-0.49,0.48,-0.03,-0.01,-0.01,46.19,-13.56,3.06
1327.737,375,160,33,30,6244.579,0.16,-0.68,0.13,0.70,-9.71,-0.39,0.54,-0.03,-0.03,-0.02,45.50,-13.19,2.69
1327.758,375,159,34,32,6244.601,0.16,-0.68,0.13,0.70,-9.69,-0.47,0.44,-0.06,-0.06,-0.01,45.50,-13.19,2.69
1327.78,375,162,32,29,6244.624,0.16,-0.68,0.13,0.70,-9.75,-0.67,0.21,-0.04,-0.05,0.02,45.88,-12.88,1.88
1327.796,375,162,32,29,6244.648,0.16,-0.68,0.13,0.70,-9.83,-0.48,0.47,0.00,0.01,-0.02,45.88,-12.88,1.88
1327.815,375,162,34,30,6244.671,0.16,-0.68,0.13,0.70,-9.85,-0.42,0.29,0.01,-0.00,-0.02,45.50,-12.88,3.06
1327.831,375,162,34,30,6244.694,0.16,-0.68,0.13,0.70,-9.91,-0.44,0.01,0.01,0.00,-0.02,45.50,-12.88,3.06
1327.848,375,162,34,30,6244.716,0.16,-0.68,0.13,0.70,-10.03,-0.51,0.05,0.05,0.02,-0.02,45.06,-14.00,3.88
1327.88,375,163,34,31,6244.739,0.16,-0.68,0.13,0.70,-10.01,-0.43,-0.04,0.10,0.04,-0.04,45.06,-14.00,3.88
1327.901,378,163,33,30,6244.761,0.16,-0.68,0.13,0.70,-9.97,-0.34,0.45,0.08,0.00,-0.04,45.50,-13.19,4.25
1327.918,378,165,33,31,6244.784,0.16,-0.68,0.13,0.70,-9.88,-0.48,0.22,0.08,-0.04,-0.02,45.50,-13.19,4.25
1327.934,378,165,33,31,6244.806,0.17,-0.68,0.13,0.70,-9.79,-0.57,0.18,0.11,-0.03,-0.05,45.50,-13.19,4.25
1327.952,378,167,31,29,6244.829,0.17,-0.68,0.13,0.70,-9.70,-0.41,0.28,0.15,0.05,-0.07,44.69,-14.00,3.50
1327.968,378,167,31,29,6244.851,0.17,-0.68,0.13,0.70,-9.72,-0.47,0.65,0.15,0.08,-0.05,44.69,-14.00,3.50
1327.991,374,167,30,29,6244.874,0.17,-0.68,0.13,0.70,-9.72,-0.24,0.49,0.11,0.07,-0.03,44.69,-13.19,2.69
1328.007,374,167,30,29,6244.898,0.17,-0.68,0.13,0.70,-9.88,-0.35,0.22,0.08,0.06,-0.01,44.69,-13.19,2.69
1328.036,368,167,33,30,6244.919,0.17,-0.68,0.13,0.70,-10.00,-0.05,0.48,0.06,0.07,-0.03,44.69,-13.56,3.06
1328.053,368,168,32,29,6244.943,0.17,-0.68,0.13,0.70,-10.04,-0.18,0.58,-0.02,0.03,-0.03,44.69,-13.56,3.06
1328.069,368,168,32,29,6244.964,0.17,-0.68,0.13,0.70,-10.00,-0.51,0.92,-0.10,-0.06,-0.02,45.06,-12.88,3.50
1328.086,367,167,32,29,6244.988,0.17,-0.68,0.13,0.70,-9.91,-0.31,0.35,-0.25,-0.12,0.03,45.06,-12.88,3.50
1328.102,367,167,32,29,6245.009,0.17,-0.68,0.13,0.70,-9.67,-1.41,0.24,-0.36,-0.07,0.04,46.19,-12.50,3.06
1328.121,368,168,31,29,6245.033,0.17,-0.68,0.13,0.70,-10.11,-1.53,0.34,-0.20,-0.04,-0.03,46.19,-12.50,3.06
1328.141,368,169,31,29,6245.054,0.17,-0.68,0.13,0.70,-10.03,-0.82,0.00,-0.04,-0.04,-0.12,46.19,-12.50,3.06
1328.157,368,169,31,29,6245.079,0.17,-0.68,0.12,0.70,-9.94,-0.13,0.21,-0.03,-0.09,-0.09,44.69,-12.88,2.69
1328.174,368,169,31,29,6245.099,0.17,-0.68,0.12,0.70,-9.82,-0.17,1.13,-0.24,-0.23,0.02,44.69,-12.88,2.69
1328.202,367,170,32,29,6245.124,0.16,-0.68,0.12,0.71,-9.30,0.61,0.70,-0.46,-0.29,0.11,45.06,-12.06,3.06
1328.219,367,170,32,29,6245.148,0.16,-0.68,0.12,0.71,-9.84,-0.99,0.47,-0.66,0.05,0.13,45.06,-12.06,3.06
1328.24,368,170,30,28,6245.169,0.15,-0.68,0.11,0.71,-9.64,-0.21,0.74,-0.92,0.18,0.03,45.06,-12.50,2.25
1328.269,368,171,31,29,6245.193,0.14,-0.68,0.10,0.71,-10.20,-0.39,0.33,-1.08,0.20,0.04,45.06,-12.50,2.25
1328.284,368,171,31,29,6245.214,0.13,-0.69,0.09,0.71,-9.93,-0.23,0.79,-1.34,0.15,0.09,45.50,-12.88,2.25
1328.306,369,171,31,29,6245.238,0.12,-0.69,0.09,0.71,-10.05,0.44,0.92,-1.57,-0.15,0.22,45.50,-12.88,2.25
1328.325,369,171,31,28,6245.259,0.10,-0.69,0.07,0.72,-9.85,0.00,0.38,-2.05,-0.24,0.35,45.88,-13.19,1.19
1328.349,369,171,31,28,6245.283,0.08,-0.69,0.05,0.72,-9.86,-1.14,-0.67,-2.21,-0.05,0.35,45.88,-13.19,1.19
1328.37,370,172,30,28,6245.304,0.07,-0.69,0.04,0.72,-9.75,-0.55,0.05,-2.07,0.17,0.24,45.88,-13.19,1.19
1328.39,370,172,33,29,6245.328,0.05,-0.69,0.03,0.72,-9.78,0.83,1.06,-2.14,0.03,0.42,45.06,-14.00,0.25
1328.406,370,172,33,29,6245.349,0.02,-0.69,0.01,0.72,-9.53,1.45,1.02,-2.80,-0.09,0.83,45.06,-14.00,0.25
1328.43,370,171,32,29,6245.371,-0.01,-0.69,-0.01,0.72,-9.61,0.57,0.05,-3.48,-0.13,1.20,46.19,-14.38,-2.00
1328.447,369,171,32,29,6245.396,-0.04,-0.69,-0.02,0.72,-9.88,-2.50,-1.93,-3.16,-0.05,1.10,46.19,-14.38,-2.00
1328.464,369,171,32,29,6245.419,-0.06,-0.69,-0.03,0.72,-10.09,0.51,0.50,-1.61,-0.00,0.30,43.56,-16.00,-2.38
1328.484,368,170,32,29,6245.441,-0.08,-0.69,-0.05,0.72,-10.02,2.18,1.45,-1.70,-0.10,0.20,43.56,-16.00,-2.38
1328.508,368,170,32,29,6245.464,-0.10,-0.69,-0.06,0.72,-9.77,2.90,1.71,-2.33,-0.19,0.61,44.38,-17.37,-4.69
1328.527,368,167,31,30,6245.488,-0.12,-0.68,-0.07,0.72,-9.74,0.56,-0.23,-3.03,-0.18,1.16,44.38,-17.37,-4.69
1328.543,368,167,31,30,6245.509,-0.15,-0.68,-0.08,0.71,-9.80,-1.31,0.19,-2.26,-0.02,0.74,42.06,-18.25,-7.50
1328.563,369,167,30,28,6245.533,-0.17,-0.67,-0.10,0.71,-9.37,0.49,1.47,-1.77,-0.04,0.15,42.06,-18.25,-7.50
1328.579,369,167,30,28,6245.554,-0.19,-0.67,-0.11,0.71,-9.10,2.25,1.06,-1.78,-0.08,0.06,42.06,-18.25,-7.50
1328.597,372,166,31,28,6245.578,-0.20,-0.67,-0.13,0.70,-9.94,0.98,0.49,-2.34,0.11,0.58,42.19,-19.06,-10.88
1328.613,372,166,31,28,6245.599,-0.23,-0.66,-0.15,0.70,-9.98,-0.76,0.14,-2.31,0.15,0.51,42.19,-19.06,-10.88
1328.633,371,165,32,29,6245.623,-0.25,-0.66,-0.16,0.69,-9.59,0.23,1.06,-1.95,0.17,0.12,41.50,-19.50,-12.75
1328.653,375,165,29,27,6245.648,-0.26,-0.66,-0.17,0.69,-9.71,0.91,1.11,-1.86,0.10,-0.13,41.50,-19.50,-12.75
1328.683,375,165,29,27,6245.668,-0.27,-0.65,-0.19,0.68,-9.53,1.64,1.04,-1.83,0.08,-0.04,43.19,-19.56,-16.06
1328.705,376,164,32,29,6245.693,-0.29,-0.64,-0.21,0.68,-9.94,1.65,1.17,-1.86,0.14,0.02,43.19,-19.56,-16.06
1328.732,380,164,30,28,6245.715,-0.30,-0.64,-0.22,0.67,-9.76,1.52,1.70,-2.34,0.19,-0.01,42.50,-18.69,-18.69
1328.749,380,164,30,28,6245.738,-0.32,-0.63,-0.24,0.67,-10.04,-0.45,0.45,-2.26,0.13,0.01,42.50,-18.69,-18.69
1328.77,384,165,31,29,6245.758,-0.33,-0.62,-0.26,0.66,-9.84,-0.32,0.69,-1.85,0.22,-0.24,43.00,-19.69,-20.75
1328.793,386,164,32,30,6245.783,-0.34,-0.62,-0.27,0.65,-9.45,0.93,1.07,-1.52,0.36,-0.42,43.00,-19.69,-20.75
1328.811,386,164,32,30,6245.806,-0.34,-0.62,-0.28,0.65,-9.53,1.19,1.15,-1.48,0.45,-0.26,43.69,-19.06,-21.87
1328.842,390,166,30,28,6245.828,-0.35,-0.62,-0.29,0.64,-9.96,0.83,0.67,-1.08,0.48,0.01,43.69,-19.06,-21.87
1328.865,393,166,31,28,6245.851,-0.36,-0.61,-0.31,0.63,-9.89,0.71,1.48,-1.08,0.36,0.07,43.69,-19.06,-21.87
1328.885,396,169,27,25,6245.875,-0.36,-0.61,-0.31,0.63,-9.78,0.40,1.38,-1.24,0.19,0.08,44.88,-18.56,-22.19
1328.901,396,169,27,25,6245.898,-0.37,-0.61,-0.32,0.62,-9.95,-0.16,-0.11,-1.08,0.20,-0.01,44.88,-18.56,-22.19
1328.919,396,169,27,25,6245.92,-0.38,-0.61,-0.33,0.62,-9.79,0.30,0.04,-0.70,0.31,-0.03,44.06,-17.87,-23.00
1328.94,394,167,31,29,6245.945,-0.38,-0.61,-0.33,0.61,-10.05,0.43,0.10,-0.46,0.40,0.01,44.06,-17.87,-23.00
1328.974,395,167,31,28,6245.967,-0.38,-0.61,-0.34,0.61,-9.97,0.08,0.39,-0.09,0.21,0.08,43.50,-18.06,-25.75
1329.011,395,166,30,28,6245.992,-0.38,-0.61,-0.34,0.61,-9.88,0.30,0.53,0.08,-0.02,0.10,43.50,-18.06,-25.75
1329.027,395,166,30,28,6246.012,-0.38,-0.61,-0.34,0.61,-9.87,0.64,0.14,0.28,-0.08,-0.01,44.88,-17.87,-25.00
1329.048,395,166,31,28,6246.037,-0.38,-0.61,-0.33,0.61,-10.43,0.83,-0.06,0.58,-0.01,-0.09,44.88,-17.87,-25.00
1329.069,395,166,31,28,6246.057,-0.37,-0.61,-0.33,0.62,-10.55,0.29,0.38,0.80,-0.12,-0.09,45.06,-17.69,-23.87
1329.092,395,165,30,28,6246.082,-0.36,-0.62,-0.32,0.62,-10.06,-0.08,0.13,1.36,-0.19,-0.08,45.06,-17.69,-23.87
1329.108,395,165,30,28,6246.105,-0.35,-0.62,-0.31,0.63,-9.81,0.22,-0.66,2.17,0.06,-0.08,43.88,-19.25,-22.19
1329.129,394,164,33,30,6246.127,-0.33,-0.63,-0.29,0.63,-10.21,1.32,-1.12,3.42,0.72,0.05,43.88,-19.25,-22.19
1329.156,394,164,33,29,6246.15,-0.30,-0.66,-0.26,0.64,-10.34,1.23,-0.40,3.88,0.75,0.33,43.88,-19.25,-22.19
1329.172,394,164,33,29,6246.174,-0.27,-0.67,-0.23,0.64,-9.35,-0.03,0.82,4.24,0.48,0.70,43.50,-19.00,-17.06
1329.193,394,164,32,28,6246.197,-0.25,-0.69,-0.20,0.65,-8.50,-0.61,-0.02,4.01,0.09,1.07,43.50,-19.00,-17.06
1329.224,393,163,33,30,6246.219,-0.22,-0.71,-0.16,0.65,-8.95,0.07,-1.52,4.46,0.27,0.79,43.06,-18.56,-12.25
1329.24,393,163,33,30,6246.244,-0.19,-0.72,-0.13,0.66,-10.90,2.33,-1.08,4.55,0.47,0.03,43.06,-18.56,-12.25
1329.257,393,163,33,30,6246.266,-0.16,-0.73,-0.10,0.66,-9.21,2.76,1.08,3.70,0.04,-0.06,43.06,-20.37,-5.56
1329.277,391,163,34,31,6246.289,-0.13,-0.73,-0.08,0.66,-9.06,0.09,-0.27,4.09,-0.49,0.49,43.06,-20.37,-5.56
1329.294,390,163,32,30,6246.309,-0.10,-0.73,-0.03,0.67,-10.25,0.80,-2.89,4.46,-0.46,0.56,43.25,-21.00,-1.00
1329.32,390,163,32,30,6246.334,-0.07,-0.74,-0.01,0.67,-10.21,2.71,-2.59,3.46,0.09,0.11,43.25,-21.00,-1.00
1329.347,387,162,32,31,6246.356,-0.05,-0.74,0.01,0.67,-9.23,1.06,0.80,1.50,0.36,0.05,42.06,-21.19,3.25
1329.375,383,162,34,30,6246.379,-0.04,-0.74,0.02,0.67,-9.31,-0.90,0.03,1.64,-0.03,0.21,42.06,-21.19,3.25
1329.404,381,162,35,32,6246.4,-0.02,-0.74,0.04,0.67,-9.30,-0.02,-2.20,2.71,-0.20,-0.00,42.06,-21.19,3.25
1329.434,378,162,36,32,6246.424,-0.00,-0.74,0.06,0.67,-9.97,1.82,-2.57,3.12,0.02,-0.20,42.25,-21.56,6.38
1329.45,378,162,36,32,6246.447,0.02,-0.74,0.07,0.66,-9.96,1.57,-0.43,1.96,0.16,0.08,42.25,-21.56,6.38
1329.488,377,163,35,33,6246.469,0.04,-0.74,0.09,0.66,-9.47,-1.11,-0.75,1.84,-0.05,0.18,42.06,-21.69,8.19
1329.507,374,163,37,34,6246.496,0.05,-0.74,0.11,0.66,-10.03,0.15,-3.20,2.63,-0.15,0.03,42.06,-21.69,8.19
1329.525,371,165,36,32,6246.516,0.07,-0.74,0.13,0.66,-9.77,2.44,-1.74,2.84,0.09,-0.06,42.06,-20.50,9.88
1329.542,371,165,36,32,6246.539,0.10,-0.74,0.15,0.65,-9.00,0.10,-0.84,2.52,0.18,0.25,42.06,-20.50,9.88
1329.562,368,165,36,33,6246.561,0.12,-0.74,0.17,0.64,-9.24,-1.04,-2.74,3.07,0.40,0.34,42.00,-19.37,13.50
1329.583,366,166,34,32,6246.586,0.14,-0.73,0.20,0.63,-9.82,1.67,-3.14,3.36,0.76,0.22,42.00,-19.37,13.50
1329.599,366,166,34,32,6246.606,0.16,-0.73,0.22,0.62,-9.97,0.33,-1.96,2.73,0.71,0.49,40.75,-18.19,15.56
1329.616,366,166,34,32,6246.629,0.18,-0.73,0.25,0.61,-8.82,-0.31,-1.21,2.67,0.66,0.58,40.75,-18.19,15.56
1329.641,365,166,35,32,6246.651,0.20,-0.73,0.27,0.60,-9.95,-2.07,0.52,3.12,0.48,0.54,40.75,-18.19,15.56
1329.658,365,166,35,32,6246.676,0.22,-0.72,0.29,0.59,-10.23,-0.29,-1.56,3.66,-0.48,-0.04,39.19,-17.00,18.25
1329.68,363,166,36,33,6246.696,0.25,-0.71,0.31,0.58,-9.52,-2.25,-3.47,4.02,-0.62,-0.06,39.19,-17.00,18.25
1329.699,362,165,35,32,6246.721,0.30,-0.69,0.35,0.57,-10.23,-3.25,-3.28,5.26,-0.46,-0.37,38.75,-15.25,19.75
1329.715,362,165,35,32,6246.746,0.34,-0.67,0.37,0.54,-11.07,0.00,-1.75,6.17,-0.75,-1.50,38.75,-15.25,19.75
1329.733,361,165,36,32,6246.768,0.41,-0.64,0.39,0.52,-9.67,-0.47,-2.92,4.16,-0.68,-0.72,39.00,-11.56,21.75
1329.749,361,165,36,32,6246.793,0.43,-0.63,0.41,0.50,-9.31,-0.80,-1.39,3.54,-0.32,-0.13,39.00,-11.56,21.75
1329.778,362,165,35,32,6246.813,0.45,-0.61,0.42,0.49,-9.69,-0.34,-1.15,3.28,-0.29,-0.00,40.50,-5.06,20.56
1329.811,362,165,35,32,6246.836,0.47,-0.60,0.44,0.48,-9.06,-1.33,-0.84,2.75,-0.35,0.10,40.50,-5.06,20.56
1329.826,362,165,35,32,6246.858,0.49,-0.58,0.45,0.47,-9.08,-0.50,-0.82,2.73,-0.27,0.25,39.75,-2.56,20.87
1329.847,362,165,35,31,6246.883,0.51,-0.56,0.47,0.46,-9.26,-1.08,-0.30,2.63,-0.23,0.26,39.75,-2.56,20.87
1329.872,364,164,33,30,6246.903,0.52,-0.55,0.48,0.45,-9.48,-0.07,-0.64,2.64,-0.32,0.15,40.06,-0.75,19.00
1329.906,363,162,35,32,6246.926,0.53,-0.53,0.49,0.44,-9.16,-0.75,-0.37,1.98,-0.09,0.12,40.06,-0.75,19.00
1329.931,364,160,35,32,6246.948,0.55,-0.52,0.50,0.43,-9.91,-1.20,-0.75,1.76,0.02,0.07,40.06,-0.75,19.00
1329.96,365,159,36,32,6246.973,0.56,-0.51,0.50,0.42,-10.05,-1.50,-0.75,1.51,-0.01,0.07,39.00,1.00,19.19
1329.977,365,159,36,32,6246.995,0.56,-0.50,0.51,0.42,-9.88,-1.50,-0.50,1.03,-0.03,0.17,39.00,1.00,19.19
1329.998,365,158,37,33,6247.018,0.57,-0.49,0.52,0.41,-9.79,-1.82,-0.03,0.72,0.09,0.11,39.38,1.06,19.75
1330.016,365,158,37,33,6247.043,0.57,-0.49,0.52,0.41,-9.97,-1.41,-0.36,0.55,0.07,0.07,39.38,1.06,19.75
1330.041,365,157,37,33,6247.063,0.57,-0.49,0.52,0.41,-10.16,-1.42,-0.04,0.21,-0.05,0.08,39.75,2.69,19.06
1330.064,368,155,37,34,6247.086,0.57,-0.49,0.52,0.41,-9.23,-0.40,-0.41,-0.14,0.09,-0.02,39.75,2.69,19.06
1330.082,368,155,37,34,6247.108,0.57,-0.49,0.52,0.41,-10.10,-1.32,-0.24,-0.55,0.44,-0.05,39.06,3.38,19.37
1330.109,369,156,37,33,6247.133,0.56,-0.49,0.52,0.41,-10.60,-1.46,-0.72,-0.55,0.22,0.14,39.06,3.38,19.37
1330.141,372,154,37,34,6247.153,0.56,-0.50,0.52,0.41,-10.38,-1.32,-0.97,-0.77,0.00,0.07,39.50,2.25,19.56
1330.157,372,154,37,34,6247.176,0.55,-0.50,0.52,0.42,-10.22,-1.25,-1.05,-1.15,0.02,0.05,39.50,2.25,19.56
1330.191,373,154,36,33,6247.198,0.54,-0.51,0.51,0.43,-9.32,-1.19,-1.01,-1.40,0.02,0.04,39.50,2.25,19.56
1330.211,374,155,36,33,6247.223,0.53,-0.52,0.50,0.44,-10.17,-1.11,-0.81,-1.70,0.15,0.15,39.06,2.38,20.06
1330.231,376,154,36,34,6247.245,0.52,-0.53,0.50,0.45,-10.58,-0.73,-0.88,-2.04,-0.10,0.20,39.06,2.38,20.06
1330.247,376,154,36,34,6247.268,0.51,-0.54,0.48,0.46,-8.88,-1.15,-0.82,-2.55,-0.14,-0.02,39.88,0.88,19.50
1330.267,377,154,35,34,6247.292,0.49,-0.56,0.47,0.48,-8.52,-0.28,-1.35,-2.77,0.15,-0.03,39.88,0.88,19.50
1330.296,378,155,36,34,6247.315,0.47,-0.57,0.46,0.49,-9.82,0.46,-0.83,-4.08,0.63,0.75,41.00,-1.25,19.19
1330.313,378,155,36,34,6247.337,0.44,-0.59,0.45,0.51,-10.42,-1.34,-0.05,-4.83,0.57,0.70,41.00,-1.25,19.19
1330.331,381,157,35,33,6247.358,0.39,-0.62,0.41,0.54,-10.02,-1.47,-0.14,-5.02,0.22,0.01,40.25,-4.25,18.75
1330.349,381,157,35,33,6247.383,0.36,-0.64,0.39,0.55,-8.38,-1.15,-0.83,-5.22,0.11,-0.42,40.25,-4.25,18.75
1330.369,382,159,34,31,6247.405,0.33,-0.66,0.36,0.57,-8.81,-0.82,-3.77,-4.06,0.53,0.15,39.88,-6.88,18.75
1330.385,382,159,34,31,6247.428,0.29,-0.68,0.34,0.58,-9.78,-0.11,-2.21,-2.87,0.80,0.39,39.88,-6.88,18.75
1330.407,385,160,33,31,6247.448,0.27,-0.69,0.33,0.59,-11.01,1.16,0.04,-2.96,0.34,0.40,39.88,-6.88,18.75
1330.428,384,161,33,30,6247.473,0.25,-0.70,0.31,0.60,-9.66,-0.39,-0.56,-3.83,-0.24,0.38,39.88,-10.25,19.19
1330.449,384,161,33,30,6247.495,0.22,-0.70,0.29,0.61,-8.82,-1.11,-4.27,-2.21,0.02,0.57,39.88,-10.25,19.19
1330.473,384,164,33,29,6247.52,0.20,-0.71,0.28,0.62,-10.05,1.74,-1.37,-1.50,0.48,0.50,39.88,-12.50,16.19
1330.495,382,164,31,29,6247.544,0.18,-0.71,0.27,0.62,-10.43,1.95,0.71,-2.25,-0.03,0.47,39.88,-12.50,16.19
1330.514,382,164,31,29,6247.565,0.16,-0.71,0.26,0.63,-9.22,0.39,-1.35,-2.72,-0.23,0.35,39.75,-16.00,16.06
1330.534,378,167,28,26,6247.589,0.14,-0.71,0.24,0.64,-9.21,-0.05,-2.54,-2.10,-0.12,0.36,39.75,-16.00,16.06
1330.551,378,167,28,26,6247.612,0.12,-0.72,0.24,0.65,-9.56,1.15,-1.53,-1.42,0.04,0.28,39.00,-17.00,13.69
1330.573,374,167,32,28,6247.634,0.11,-0.72,0.23,0.65,-10.08,2.20,-0.92,-1.71,0.19,-0.11,39.00,-17.00,13.69
1330.591,373,169,30,27,6247.657,0.09,-0.72,0.21,0.65,-9.93,1.98,-0.52,-2.58,0.14,-0.13,37.88,-18.37,12.38
1330.612,373,169,30,27,6247.68,0.07,-0.73,0.19,0.66,-9.53,0.68,-1.57,-2.69,-0.02,0.03,37.88,-18.37,12.38
1330.633,372,169,30,27,6247.702,0.06,-0.73,0.18,0.66,-9.62,0.80,-2.10,-1.94,-0.13,0.13,37.88,-18.37,12.38
1330.653,370,169,32,29,6247.725,0.05,-0.73,0.17,0.67,-9.92,2.82,-0.63,-1.91,-0.00,-0.17,38.50,-20.25,10.69
1330.67,370,169,32,29,6247.747,0.03,-0.73,0.14,0.67,-9.99,1.80,-0.60,-2.54,-0.00,-0.18,38.50,-20.25,10.69
1330.686,370,169,32,29,6247.77,0.01,-0.73,0.13,0.67,-9.71,0.58,-1.26,-2.77,-0.06,-0.08,37.75,-21.00,9.19
1330.704,371,170,31,27,6247.794,-0.01,-0.73,0.11,0.68,-9.34,0.67,-1.47,-1.74,-0.08,0.02,37.75,-21.00,9.19
1330.72,371,170,31,27,6247.817,-0.02,-0.73,0.09,0.68,-9.68,2.04,-0.21,-1.52,-0.03,-0.19,38.50,-21.69,5.88
1330.74,371,170,31,28,6247.841,-0.04,-0.73,0.08,0.68,-9.66,2.61,-0.23,-1.90,-0.01,-0.28,38.50,-21.69,5.88
1330.757,371,170,31,28,6247.862,-0.05,-0.73,0.07,0.68,-9.65,1.47,-0.96,-2.38,0.07,-0.09,38.75,-22.75,5.50
1330.786,370,170,32,29,6247.884,-0.07,-0.73,0.05,0.68,-9.69,1.10,-0.90,-2.06,0.08,-0.05,38.75,-22.75,5.50
1330.802,371,169,32,30,6247.907,-0.08,-0.72,0.03,0.68,-9.65,1.59,0.00,-1.82,0.01,-0.20,39.56,-22.69,2.75
1330.819,371,169,32,30,6247.931,-0.10,-0.72,0.01,0.69,-9.59,2.96,0.32,-2.27,-0.06,-0.21,39.56,-22.69,2.75
1330.845,372,170,31,28,6247.952,-0.12,-0.72,-0.00,0.69,-9.49,1.82,0.39,-3.10,-0.11,-0.05,39.56,-22.19,0.00
1330.863,371,170,32,29,6247.974,-0.14,-0.71,-0.03,0.69,-9.50,1.28,-1.17,-3.08,0.04,-0.08,39.56,-22.19,0.00
1330.879,371,170,32,29,6247.997,-0.17,-0.71,-0.06,0.68,-9.37,1.50,-0.47,-2.82,0.25,-0.16,39.56,-22.19,0.00
1330.898,372,170,32,29,6248.022,-0.18,-0.71,-0.08,0.68,-9.25,1.49,0.15,-2.59,0.40,-0.17,40.00,-21.87,-3.06
1330.914,372,170,32,29,6248.044,-0.20,-0.70,-0.09,0.67,-9.16,2.09,0.19,-2.53,0.53,0.00,40.00,-21.87,-3.06
1330.941,374,169,31,28,6248.065,-0.22,-0.70,-0.11,0.67,-9.83,1.61,-0.59,-2.53,0.64,0.15,40.69,-21.06,-5.88
1330.958,374,169,31,28,6248.089,-0.24,-0.70,-0.14,0.66,-9.97,1.01,-0.29,-2.46,0.68,0.12,40.69,-21.06,-5.88
1330.979,375,168,31,27,6248.112,-0.26,-0.70,-0.15,0.65,-9.63,1.57,0.73,-2.53,0.56,0.03,40.19,-20.37,-8.19
1330.999,378,166,30,28,6248.134,-0.28,-0.70,-0.17,0.64,-9.40,0.96,-0.21,-2.43,0.27,0.17,40.19,-20.37,-8.19
1331.016,378,166,30,28,6248.155,-0.30,-0.69,-0.19,0.63,-9.91,1.35,-0.99,-2.04,0.31,0.09,41.69,-21.06,-9.75
1331.036,382,165,28,27,6248.179,-0.31,-0.69,-0.20,0.63,-9.85,2.18,-0.33,-2.02,0.36,0.06,41.69,-21.06,-9.75
1331.052,382,165,28,27,6248.202,-0.33,-0.68,-0.22,0.62,-9.62,2.47,0.77,-2.30,0.25,0.02,40.50,-20.37,-11.25
1331.075,383,163,30,27,6248.224,-0.34,-0.67,-0.23,0.61,-10.11,1.07,0.45,-3.05,0.01,-0.07,40.50,-20.37,-11.25
1331.097,383,163,30,27,6248.247,-0.37,-0.66,-0.26,0.60,-9.98,0.51,-1.66,-2.53,0.00,-0.24,40.50,-20.37,-11.25
1331.122,384,160,32,30,6248.271,-0.38,-0.65,-0.27,0.60,-9.96,0.61,-1.99,-1.59,0.24,-0.25,41.25,-18.50,-15.50
1331.142,386,160,31,28,6248.294,-0.38,-0.65,-0.28,0.59,-9.76,2.33,0.66,-1.15,0.63,-0.46,41.25,-18.50,-15.50
1331.159,386,160,31,28,6248.316,-0.39,-0.64,-0.30,0.59,-10.45,2.54,1.62,-1.57,0.60,-0.53,42.69,-19.69,-18.69
1331.177,388,158,32,30,6248.341,-0.39,-0.64,-0.31,0.58,-10.50,1.31,-0.05,-1.06,0.26,-0.27,42.69,-19.69,-18.69
1331.197,393,160,31,29,6248.364,-0.40,-0.64,-0.32,0.58,-10.19,1.71,0.31,-0.85,-0.03,-0.14,42.75,-18.69,-18.50
1331.214,393,160,31,29,6248.386,-0.40,-0.63,-0.33,0.58,-9.86,1.96,0.72,-1.02,-0.09,-0.30,42.75,-18.69,-18.50
1331.231,395,160,31,28,6248.409,-0.41,-0.62,-0.34,0.58,-9.77,1.68,0.47,-1.02,-0.05,-0.46,43.00,-17.56,-19.75
1331.256,395,160,31,28,6248.431,-0.41,-0.62,-0.34,0.57,-9.87,0.59,-1.30,-0.19,0.04,-0.35,43.00,-17.56,-19.75
1331.275,395,158,33,30,6248.454,-0.41,-0.62,-0.34,0.58,-9.77,1.19,-0.29,0.26,0.11,-0.28,44.19,-18.00,-22.50
1331.294,395,158,32,30,6248.478,-0.40,-0.62,-0.34,0.58,-9.56,1.19,-0.01,0.33,0.06,-0.15,44.19,-18.00,-22.50
1331.311,395,158,32,30,6248.499,-0.40,-0.62,-0.34,0.58,-9.48,0.74,0.34,0.34,-0.03,-0.01,44.19,-18.00,-22.50
1331.33,395,157,34,30,6248.523,-0.40,-0.62,-0.34,0.58,-9.97,0.68,-0.44,0.81,0.04,-0.06,44.75,-17.69,-22.69
1331.347,395,157,34,30,6248.544,-0.39,-0.63,-0.33,0.59,-10.38,0.76,-0.45,1.30,0.08,-0.02,44.75,-17.69,-22.69
1331.366,395,156,34,30,6248.568,-0.38,-0.64,-0.32,0.59,-10.00,0.58,-0.23,1.92,-0.02,0.18,43.69,-18.06,-21.37
1331.382,395,156,34,30,6248.593,-0.36,-0.65,-0.31,0.60,-9.57,0.80,-0.89,2.68,0.03,0.42,43.69,-18.06,-21.37
1331.413,397,156,33,30,6248.615,-0.34,-0.66,-0.28,0.60,-9.94,0.81,-0.90,2.77,0.34,0.39,42.06,-18.06,-19.37
1331.43,397,156,33,30,6248.64,-0.32,-0.68,-0.26,0.61,-9.95,0.93,-1.15,3.42,0.52,0.55,42.06,-18.06,-19.37
1331.449,394,155,34,31,6248.66,-0.30,-0.70,-0.23,0.61,-9.23,1.46,-2.58,4.92,0.65,1.23,41.56,-18.87,-14.56
1331.473,392,155,34,31,6248.683,-0.27,-0.72,-0.19,0.61,-9.52,0.03,0.84,5.01,0.63,1.24,41.56,-18.87,-14.56
1331.489,392,155,34,31,6248.706,-0.23,-0.74,-0.14,0.62,-9.35,1.79,0.01,4.81,0.30,0.52,40.88,-18.50,-7.56
1331.517,393,156,28,27,6248.73,-0.19,-0.75,-0.12,0.62,-9.89,2.74,-2.69,4.86,0.52,0.17,40.88,-18.50,-7.56
1331.537,388,155,35,31,6248.753,-0.16,-0.76,-0.09,0.62,-9.75,2.69,-1.54,4.78,0.81,0.24,39.00,-20.37,-1.25
1331.557,388,155,35,31,6248.775,-0.13,-0.77,-0.06,0.62,-9.42,2.11,-1.97,4.56,0.43,0.88,39.00,-20.37,-1.25
1331.582,385,153,38,34,6248.796,-0.09,-0.78,-0.01,0.61,-9.96,1.79,-1.84,3.89,0.28,0.78,39.00,-20.37,-1.25
1331.601,387,157,29,28,6248.82,-0.07,-0.79,0.01,0.61,-10.00,1.56,-1.78,3.36,0.10,0.41,39.25,-20.87,4.00
1331.618,387,157,29,28,6248.843,-0.04,-0.79,0.03,0.61,-9.00,1.71,-2.54,2.89,-0.18,0.37,39.25,-20.87,4.00
1331.64,381,157,32,30,6248.867,-0.01,-0.79,0.07,0.61,-8.61,0.26,-3.49,3.15,-0.04,0.67,38.38,-20.19,8.38
1331.659,377,157,36,33,6248.89,0.01,-0.79,0.09,0.61,-8.68,-0.07,-3.46,3.76,0.30,0.64,38.38,-20.19,8.38
1331.675,377,157,36,33,6248.912,0.03,-0.79,0.12,0.60,-9.58,0.71,-1.95,3.94,0.36,0.26,38.06,-19.06,12.06
1331.698,374,157,37,34,6248.935,0.07,-0.79,0.15,0.59,-9.36,0.80,-2.27,3.49,-0.01,0.18,38.06,-19.06,12.06
1331.72,374,157,37,34,6248.957,0.10,-0.79,0.17,0.59,-8.84,0.13,-3.91,3.32,-0.11,0.34,37.25,-18.37,15.69
1331.742,373,159,35,32,6248.982,0.12,-0.78,0.20,0.58,-9.27,0.30,-4.01,3.46,0.25,0.19,37.25,-18.37,15.69
1331.759,369,159,36,33,6249.003,0.15,-0.78,0.21,0.57,-9.49,0.63,-1.85,2.79,0.05,0.16,37.06,-16.50,18.19
1331.775,369,159,36,33,6249.025,0.17,-0.77,0.24,0.56,-8.43,-0.42,-3.48,2.57,-0.15,0.31,37.06,-16.50,18.19
1331.792,369,159,36,33,6249.048,0.19,-0.76,0.26,0.56,-8.87,-0.87,-4.82,3.25,0.06,0.42,37.06,-16.50,18.19
1331.809,364,159,36,34,6249.072,0.22,-0.76,0.28,0.55,-9.54,-0.57,-2.54,3.83,0.00,0.18,35.56,-14.25,19.87
1331.826,364,159,36,34,6249.093,0.24,-0.75,0.30,0.54,-9.02,-0.17,-2.81,3.43,-0.38,0.35,35.56,-14.25,19.87
1331.846,360,161,37,33,6249.117,0.28,-0.73,0.33,0.53,-8.98,-1.74,-4.20,3.39,-0.31,0.53,35.75,-11.56,21.87
1331.864,360,161,37,33,6249.142,0.30,-0.72,0.35,0.52,-10.00,-1.91,-2.78,3.99,-0.31,0.23,35.75,-11.56,21.87
1331.915,358,160,37,33,6249.164,0.34,-0.70,0.38,0.51,-9.72,-0.09,-2.24,3.70,-0.82,0.25,35.00,-9.00,22.69
1331.935,356,160,38,34,6249.189,0.37,-0.68,0.40,0.50,-8.73,-1.43,-3.15,3.70,-0.89,0.44,35.00,-9.00,22.69
1331.963,357,160,37,33,6249.209,0.39,-0.66,0.41,0.49,-9.74,-2.12,-2.56,4.15,-0.69,0.26,35.38,-6.25,23.06
1331.985,357,160,38,33,6249.232,0.42,-0.64,0.43,0.48,-10.04,-2.49,-2.18,4.22,-1.06,-0.07,35.38,-6.25,23.06
1332.003,358,160,36,32,6249.254,0.47,-0.60,0.45,0.46,-9.52,-2.44,-1.57,4.73,-1.24,-0.39,35.38,-4.25,22.37
1332.021,358,160,36,32,6249.279,0.50,-0.58,0.46,0.45,-9.72,1.42,-1.28,4.33,-1.30,-0.17,35.38,-4.25,22.37
1332.052,360,159,36,32,6249.299,0.53,-0.56,0.47,0.44,-9.46,-0.18,-1.46,3.02,-0.93,0.30,36.88,-0.06,20.69
1332.076,361,159,36,33,6249.322,0.54,-0.54,0.48,0.43,-10.02,-1.43,-0.63,2.05,-0.40,0.09,36.88,-0.06,20.69
1332.097,364,159,34,32,6249.345,0.56,-0.52,0.49,0.42,-9.78,-1.30,-0.19,1.85,-0.53,-0.05,36.88,-0.06,20.69
1332.114,364,159,34,32,6249.369,0.57,-0.51,0.49,0.42,-9.32,-0.84,-0.04,1.41,-0.59,0.10,37.38,2.19,17.75
1332.134,364,159,34,32,6249.392,0.57,-0.50,0.50,0.42,-9.74,-0.85,-0.02,0.67,-0.27,0.21,37.38,2.19,17.75
1332.157,363,158,36,33,6249.414,0.58,-0.50,0.50,0.41,-10.14,-1.60,0.14,0.40,-0.16,0.10,37.75,1.88,18.06
1332.209,367,156,35,33,6249.439,0.58,-0.49,0.50,0.41,-9.57,-0.95,0.19,0.47,-0.32,-0.12,37.75,1.88,18.06
1332.271,373,158,32,29,6249.459,0.58,-0.49,0.50,0.41,-9.14,-1.10,-0.11,0.05,-0.02,-0.16,37.19,2.75,16.69
1332.303,375,156,35,32,6249.482,0.59,-0.49,0.50,0.41,-9.91,-1.56,0.00,-0.18,0.15,-0.20,37.19,2.75,16.69
1332.34,381,155,36,33,6249.504,0.58,-0.50,0.49,0.41,-9.73,-1.48,-0.02,-0.34,0.09,-0.14,37.19,3.88,17.75
1332.387,386,155,35,33,6249.529,0.58,-0.50,0.49,0.41,-9.65,-1.91,-0.16,-0.52,0.10,0.05,37.19,3.88,17.75
1332.422,389,154,34,32,6249.549,0.58,-0.50,0.49,0.42,-10.08,-2.10,-0.04,-0.58,0.10,0.09,38.25,3.19,16.56
1332.45,397,155,29,30,6249.572,0.57,-0.51,0.49,0.42,-10.04,-1.57,-0.40,-0.62,0.05,-0.02,38.25,3.19,16.56
1332.471,395,153,36,34,6249.594,0.57,-0.51,0.49,0.42,-10.11,-1.31,-0.33,-0.88,0.07,0.06,38.25,3.19,16.56
1332.492,395,153,36,34,6249.619,0.56,-0.52,0.48,0.43,-10.29,-1.03,-0.72,-1.34,0.12,0.20,37.88,4.69,16.87
1332.516,398,153,31,33,6249.641,0.55,-0.53,0.48,0.44,-10.00,-1.87,-0.78,-1.86,0.18,0.38,37.88,4.69,16.87
1332.549,398,153,31,33,6249.664,0.53,-0.54,0.47,0.45,-10.26,-1.50,-0.29,-2.11,0.20,0.36,37.88,2.38,17.69
1332.603,399,154,27,30,6249.689,0.52,-0.55,0.46,0.46,-10.01,-0.75,-0.46,-2.47,0.23,0.31,37.88,2.38,17.69
1332.651,399,156,28,27,6249.711,0.50,-0.56,0.45,0.48,-9.76,-1.03,-0.05,-3.14,0.33,0.35,37.56,2.00,18.87
1332.676,397,157,32,29,6249.734,0.47,-0.59,0.44,0.49,-9.30,-1.60,-1.23,-3.14,0.74,0.35,37.56,2.00,18.87
1332.695,398,158,32,29,6249.754,0.44,-0.61,0.43,0.50,-10.27,-0.37,-0.10,-3.47,0.94,0.21,37.75,-0.06,18.75
1332.715,398,159,28,26,6249.779,0.42,-0.63,0.41,0.52,-10.79,1.25,-0.13,-4.54,0.71,0.02,37.75,-0.06,18.75
1332.741,395,159,30,28,6249.801,0.38,-0.65,0.38,0.53,-9.88,0.18,-0.84,-6.15,0.56,0.02,37.06,-3.50,20.50
1332.757,395,159,30,28,6249.824,0.32,-0.68,0.34,0.56,-8.31,-3.57,-2.87,-5.16,0.61,-0.06,37.06,-3.50,20.50
1332.777,392,160,31,29,6249.844,0.30,-0.70,0.32,0.57,-9.42,-1.56,-2.69,-3.37,0.58,-0.21,37.06,-3.50,20.50
1332.798,391,164,26,25,6249.869,0.28,-0.71,0.31,0.57,-10.40,1.18,-0.60,-3.29,0.23,-0.12,37.06,-6.50,20.00
1332.815,391,164,26,25,6249.891,0.25,-0.72,0.29,0.58,-9.97,1.62,-1.24,-5.67,-0.37,0.43,37.06,-6.50,20.00
1332.834,385,163,31,29,6249.916,0.19,-0.73,0.24,0.61,-8.72,-1.51,-3.26,-5.96,-0.38,0.54,36.56,-8.69,19.56
1332.851,385,163,31,29,6249.94,0.15,-0.74,0.22,0.62,-8.66,-2.16,-4.57,-4.05,-0.08,0.64,36.56,-8.69,19.56
1332.867,385,163,31,29,6249.961,0.12,-0.74,0.20,0.63,-10.12,0.56,-2.12,-2.75,0.08,0.45,37.69,-13.19,17.50
1332.894,381,164,30,28,6249.986,0.09,-0.75,0.18,0.64,-10.44,1.96,-0.20,-2.71,-0.04,0.16,37.69,-13.19,17.50
1332.911,381,164,30,28,6250.006,0.07,-0.75,0.16,0.64,-10.05,1.93,-0.46,-4.13,-0.30,-0.21,37.25,-16.06,14.19
1332.929,379,167,29,27,6250.031,0.04,-0.75,0.13,0.65,-9.24,0.72,-1.27,-4.44,-0.34,-0.21,37.25,-16.06,14.19
1332.951,375,168,31,27,6250.053,0.01,-0.75,0.10,0.66,-9.54,1.14,-2.33,-3.13,-0.31,0.00,37.50,-17.87,11.00
1332.967,375,168,31,27,6250.076,-0.02,-0.74,0.07,0.66,-9.76,1.70,-1.46,-2.96,-0.24,0.03,37.50,-17.87,11.00
1332.984,373,169,31,28,6250.098,-0.04,-0.74,0.05,0.67,-9.80,2.71,-0.41,-3.12,-0.07,-0.05,37.50,-17.87,11.00
1333.003,373,170,31,28,6250.121,-0.07,-0.74,0.03,0.67,-9.43,1.48,-0.24,-4.48,-0.13,0.04,39.25,-20.19,9.00
1333.019,373,170,31,28,6250.141,-0.12,-0.73,-0.01,0.67,-9.28,-0.46,-2.44,-4.20,-0.24,0.16,39.25,-20.19,9.00
1333.044,372,171,31,28,6250.166,-0.14,-0.73,-0.03,0.67,-9.27,-0.04,-2.46,-3.02,-0.02,-0.01,38.06,-20.06,3.00
1333.061,372,171,31,28,6250.19,-0.15,-0.73,-0.05,0.67,-9.37,1.76,-0.85,-2.30,0.55,-0.31,38.06,-20.06,3.00
1333.081,372,172,32,28,6250.213,-0.18,-0.73,-0.08,0.66,-9.63,3.01,0.42,-2.67,0.71,-0.22,38.50,-20.37,1.00
1333.101,375,172,31,28,6250.237,-0.20,-0.72,-0.10,0.65,-9.75,2.37,0.22,-3.24,0.61,0.01,38.50,-20.37,1.00
1333.117,375,172,31,28,6250.258,-0.22,-0.72,-0.12,0.65,-9.77,0.62,-0.27,-3.38,0.37,0.11,39.06,-19.56,-3.00
1333.136,375,172,31,28,6250.28,-0.24,-0.71,-0.14,0.64,-9.05,0.66,-0.32,-2.72,0.15,-0.03,39.06,-19.56,-3.00
1333.153,375,172,31,28,6250.303,-0.27,-0.71,-0.16,0.63,-9.26,1.29,-0.40,-2.37,0.13,-0.11,38.38,-19.56,-6.19
1333.174,376,172,31,28,6250.328,-0.28,-0.70,-0.18,0.63,-9.59,1.93,-0.81,-2.06,0.20,-0.13,38.38,-19.56,-6.19
1333.196,376,172,31,28,6250.348,-0.29,-0.70,-0.19,0.63,-9.65,2.59,-0.07,-1.90,0.34,-0.12,39.06,-18.50,-7.00
1333.213,376,172,31,28,6250.371,-0.30,-0.69,-0.20,0.62,-9.91,2.18,0.27,-2.25,0.34,-0.07,39.06,-18.50,-7.00
1333.234,377,172,31,27,6250.393,-0.33,-0.69,-0.23,0.61,-9.57,1.25,-0.01,-2.44,0.15,-0.05,39.06,-18.50,-7.00
1333.256,380,170,30,28,6250.418,-0.34,-0.68,-0.24,0.60,-9.64,1.31,-0.33,-2.37,0.03,-0.11,39.06,-19.19,-9.25
1333.275,383,170,29,27,6250.44,-0.36,-0.67,-0.26,0.60,-9.82,1.91,-0.77,-2.39,0.07,-0.28,39.06,-19.19,-9.25
1333.292,383,170,29,27,6250.463,-0.38,-0.66,-0.28,0.59,-10.49,2.10,-0.88,-2.52,0.12,-0.29,39.50,-17.00,-12.25
1333.313,384,169,30,26,6250.487,-0.39,-0.65,-0.30,0.58,-9.88,1.27,0.26,-2.31,0.10,-0.18,39.50,-17.00,-12.25
1333.329,384,169,30,26,6250.508,-0.40,-0.64,-0.31,0.58,-9.55,2.00,0.75,-2.05,0.10,-0.30,40.06,-16.37,-16.25
1333.356,388,168,28,25,6250.53,-0.41,-0.63,-0.32,0.57,-9.69,1.95,0.31,-2.19,0.22,-0.28,40.06,-16.37,-16.25
1333.372,388,168,28,25,6250.553,-0.43,-0.62,-0.34,0.56,-10.27,0.73,-1.50,-1.64,0.33,-0.10,40.50,-15.56,-18.87
1333.394,394,167,26,25,6250.577,-0.43,-0.62,-0.35,0.56,-10.35,0.60,-1.28,-0.95,0.40,-0.02,40.50,-15.56,-18.87
1333.415,395,165,31,28,6250.6,-0.43,-0.62,-0.36,0.55,-9.92,1.68,-0.14,-0.35,0.33,-0.13,41.88,-14.19,-20.75
1333.432,395,165,31,28,6250.622,-0.43,-0.62,-0.36,0.55,-10.21,1.23,-0.65,-0.30,0.16,-0.03,41.88,-14.19,-20.75
1333.453,396,164,32,29,6250.643,-0.43,-0.62,-0.36,0.55,-9.94,1.21,-0.59,-0.13,-0.00,-0.06,41.88,-14.19,-20.75
1333.471,397,162,32,30,6250.668,-0.43,-0.62,-0.36,0.55,-9.54,1.33,-0.63,0.07,-0.04,-0.10,41.69,-14.56,-20.25
1333.488,397,162,32,30,6250.69,-0.43,-0.62,-0.36,0.55,-9.64,1.29,-0.43,0.18,0.00,-0.14,41.69,-14.56,-20.25
1333.515,400,163,30,28,6250.713,-0.43,-0.62,-0.36,0.55,-9.53,1.03,-0.35,0.24,-0.04,-0.09,42.00,-15.06,-19.75
1333.532,400,163,30,28,6250.737,-0.43,-0.62,-0.36,0.55,-9.62,1.09,-0.50,0.44,-0.06,-0.04,42.00,-15.06,-19.75
1333.552,404,163,31,29,6250.76,-0.42,-0.62,-0.36,0.56,-9.99,1.41,-0.02,0.73,0.04,-0.07,41.06,-14.25,-20.56
1333.568,404,163,31,29,6250.782,-0.42,-0.62,-0.35,0.56,-10.22,1.28,0.08,0.81,-0.05,-0.08,41.06,-14.25,-20.56
1333.587,404,163,32,29,6250.803,-0.41,-0.63,-0.35,0.56,-10.05,1.34,-0.08,0.99,-0.21,-0.17,41.00,-14.69,-18.50
1333.604,404,163,32,29,6250.827,-0.40,-0.63,-0.34,0.57,-9.83,0.91,-1.43,1.85,-0.15,-0.01,41.00,-14.69,-18.50
1333.625,406,163,31,28,6250.85,-0.39,-0.64,-0.33,0.58,-9.43,0.52,-1.51,2.65,0.14,0.22,41.75,-15.06,-16.87
1333.644,406,163,31,28,6250.872,-0.36,-0.66,-0.30,0.59,-9.83,0.47,-1.56,3.57,0.44,0.34,41.75,-15.06,-16.87
1333.666,406,163,31,28,6250.895,-0.34,-0.67,-0.28,0.59,-10.53,1.02,-0.07,3.83,0.56,0.27,41.75,-15.06,-16.87
1333.692,403,161,34,31,6250.917,-0.31,-0.69,-0.25,0.60,-10.22,1.58,-0.32,4.40,-0.16,0.47,40.19,-17.00,-13.00
1333.708,403,161,34,31,6250.94,-0.28,-0.71,-0.21,0.61,-8.68,1.23,-2.35,4.47,-0.34,0.96,40.19,-17.00,-13.00
1333.731,405,161,31,29,6250.964,-0.25,-0.72,-0.17,0.62,-8.90,0.95,-1.71,4.61,0.01,0.82,39.19,-17.25,-8.25
1333.751,404,161,33,29,6250.989,-0.22,-0.74,-0.14,0.63,-9.54,1.76,-1.22,5.61,0.55,0.25,39.19,-17.25,-8.25
1333.77,404,161,33,29,6251.012,-0.16,-0.76,-0.09,0.63,-9.88,2.65,-1.05,5.29,0.46,0.28,38.75,-18.75,-3.56
1333.791,401,160,34,31,6251.034,-0.13,-0.76,-0.06,0.63,-10.07,3.02,-1.19,4.16,0.16,0.59,38.75,-18.75,-3.56
1333.813,399,159,34,31,6251.057,-0.11,-0.77,-0.03,0.63,-9.82,2.06,-2.09,3.13,0.12,0.96,39.19,-20.00,3.06
1333.836,399,159,34,31,6251.079,-0.10,-0.77,-0.01,0.63,-9.75,0.52,-1.31,3.19,0.33,0.66,39.19,-20.00,3.06
1333.86,397,159,34,31,6251.102,-0.07,-0.78,0.02,0.62,-9.67,1.97,-1.50,2.96,0.01,0.25,38.38,-20.50,7.75
1333.885,395,158,35,32,6251.124,-0.05,-0.78,0.04,0.62,-8.95,1.94,-3.41,2.97,-0.27,0.42,38.38,-20.50,7.75
1333.912,392,160,34,31,6251.147,-0.03,-0.78,0.07,0.62,-9.20,1.60,-3.66,3.19,-0.03,0.70,37.69,-19.69,9.75
1333.929,392,160,34,31,6251.169,-0.01,-0.78,0.09,0.62,-9.84,1.11,-1.34,3.34,0.40,0.63,37.69,-19.69,9.75
1333.961,390,161,32,30,6251.192,0.02,-0.78,0.12,0.61,-9.44,1.60,-1.29,2.79,0.11,0.36,37.69,-19.69,9.75
1333.977,390,161,32,30,6251.214,0.04,-0.78,0.14,0.61,-9.19,1.45,-2.98,2.28,-0.13,0.37,36.38,-19.06,13.00
1334.005,386,162,36,33,6251.239,0.05,-0.78,0.16,0.61,-9.15,-0.36,-3.56,3.05,0.30,0.22,36.38,-19.06,13.00
1334.026,383,163,36,33,6251.261,0.09,-0.78,0.19,0.59,-9.86,1.61,-2.09,3.48,0.34,-0.10,35.56,-17.56,15.06
1334.044,380,165,36,33,6251.286,0.11,-0.78,0.20,0.59,-9.33,1.39,-1.97,3.03,0.12,-0.17,35.56,-17.56,15.06
1334.061,380,165,36,33,6251.309,0.13,-0.77,0.22,0.58,-8.76,0.58,-3.14,2.65,0.08,0.14,35.50,-15.38,17.50
1334.082,378,166,35,33,6251.331,0.15,-0.77,0.23,0.57,-9.10,-0.73,-3.82,3.04,0.24,0.29,35.50,-15.38,17.50
1334.098,378,166,35,33,6251.352,0.19,-0.76,0.27,0.56,-9.32,-0.63,-3.06,3.79,0.20,0.24,34.88,-13.06,19.00
1334.124,372,168,36,33,6251.376,0.21,-0.75,0.29,0.55,-9.21,0.21,-3.07,4.01,-0.06,0.17,34.88,-13.06,19.00
1334.15,370,168,39,35,6251.399,0.24,-0.74,0.31,0.54,-9.32,-0.22,-4.00,3.81,-0.03,0.34,34.06,-10.50,20.75
1334.172,370,168,39,35,6251.421,0.28,-0.73,0.34,0.52,-9.30,-1.70,-2.52,3.60,0.09,0.18,34.06,-10.50,20.75
1334.199,368,169,38,36,6251.442,0.30,-0.72,0.36,0.51,-9.50,-0.58,-1.94,3.84,-0.07,-0.09,34.06,-10.50,20.75
1334.229,367,171,36,34,6251.466,0.33,-0.71,0.37,0.50,-9.04,-0.44,-2.52,3.69,-0.40,-0.18,33.25,-8.69,21.06
1334.252,366,171,38,35,6251.489,0.36,-0.69,0.39,0.49,-9.24,-1.54,-1.90,3.99,-0.49,-0.18,33.25,-8.69,21.06
1334.274,366,171,38,35,6251.513,0.40,-0.67,0.41,0.47,-9.46,-0.78,-2.36,3.95,-0.52,-0.31,34.00,-5.19,21.50
1334.294,368,171,37,34,6251.538,0.43,-0.65,0.42,0.46,-9.61,-2.03,-2.28,3.42,-0.64,-0.28,34.00,-5.19,21.50
1334.31,368,171,37,34,6251.558,0.45,-0.64,0.43,0.45,-9.46,-2.34,-1.89,3.64,-0.72,-0.36,34.19,-3.19,20.75
1334.351,369,171,37,33,6251.581,0.49,-0.61,0.45,0.43,-9.34,-0.90,-1.71,3.71,-0.83,-0.41,34.19,-3.19,20.75
1334.373,370,170,37,35,6251.603,0.52,-0.59,0.46,0.42,-9.54,-0.78,-1.01,3.01,-0.84,-0.11,34.50,0.25,20.19
1334.394,371,169,36,33,6251.628,0.53,-0.58,0.46,0.41,-9.62,-1.90,-0.94,2.27,-0.73,0.14,34.50,0.25,20.19
1334.417,372,168,36,33,6251.649,0.55,-0.56,0.47,0.41,-9.62,-1.71,-0.44,2.08,-0.75,0.09,34.88,1.50,18.19
1334.436,372,168,36,33,6251.671,0.57,-0.54,0.47,0.40,-9.11,-1.43,-0.03,1.88,-0.85,0.11,34.88,1.50,18.19
1334.456,373,165,36,34,6251.694,0.58,-0.53,0.48,0.40,-9.25,-1.75,0.00,1.50,-0.72,0.10,34.88,1.50,18.19
1334.474,375,165,35,31,6251.716,0.59,-0.52,0.48,0.40,-9.39,-1.57,0.14,0.81,-0.27,0.07,34.38,2.69,15.25
1334.498,375,165,35,31,6251.739,0.59,-0.51,0.48,0.39,-9.85,-2.44,0.47,0.57,-0.22,0.13,34.38,2.69,15.25
1334.521,376,162,34,32,6251.763,0.60,-0.51,0.48,0.39,-9.58,-2.09,0.06,0.50,-0.27,0.05,35.19,2.75,15.19
1334.539,380,160,35,33,6251.786,0.60,-0.50,0.48,0.39,-9.99,-2.37,-0.19,0.19,-0.04,-0.06,35.19,2.75,15.19
1334.555,380,160,35,33,6251.808,0.60,-0.50,0.48,0.39,-9.31,-2.15,0.07,-0.10,0.05,-0.07,33.56,3.56,14.25
1334.575,382,158,35,32,6251.833,0.60,-0.51,0.48,0.39,-10.06,-2.38,0.33,-0.27,0.33,-0.15,33.56,3.56,14.25
1334.592,382,158,35,32,6251.855,0.60,-0.51,0.48,0.39,-10.22,-2.54,0.42,-0.20,0.17,-0.04,34.25,3.25,15.50
1334.611,386,157,34,32,6251.878,0.60,-0.51,0.48,0.39,-10.01,-2.66,-0.10,-0.20,-0.01,0.05,34.25,3.25,15.50
1334.628,386,157,34,32,6251.898,0.59,-0.51,0.48,0.39,-9.79,-2.36,-0.41,-0.31,0.03,-0.03,34.56,4.38,16.19
1334.65,386,157,34,32,6251.923,0.59,-0.52,0.48,0.39,-10.02,-1.86,-0.28,-0.51,0.13,-0.05,34.56,4.38,16.19
1334.68,392,158,34,31,6251.943,0.59,-0.52,0.48,0.40,-9.51,-2.26,-0.15,-0.81,0.15,0.12,34.56,4.38,16.19
1334.704,400,160,32,29,6251.968,0.58,-0.53,0.48,0.40,-9.83,-1.52,-0.10,-1.35,0.25,0.36,33.75,3.25,16.06
1334.723,408,160,28,27,6251.988,0.56,-0.54,0.47,0.41,-9.51,-3.38,-0.05,-1.86,0.51,0.33,33.75,3.25,16.06
1334.739,408,160,28,27,6252.013,0.55,-0.55,0.47,0.42,-9.75,-2.36,-0.57,-1.65,0.57,-0.04,34.88,4.38,15.25
1334.757,414,160,30,27,6252.038,0.54,-0.56,0.46,0.42,-10.34,-0.51,-0.38,-1.98,0.25,0.13,34.88,4.38,15.25
1334.782,414,160,30,27,6252.058,0.53,-0.57,0.46,0.43,-10.10,-0.17,-0.30,-2.86,0.09,0.37,34.06,2.88,17.69
1334.804,415,158,35,32,6252.083,0.50,-0.60,0.44,0.45,-8.40,-2.69,-1.61,-3.93,0.41,0.30,34.06,2.88,17.69
1334.837,416,159,33,31,6252.105,0.47,-0.62,0.43,0.47,-8.74,-2.48,-0.93,-3.99,1.03,-0.09,34.88,1.75,17.69
1334.859,418,160,31,28,6252.128,0.44,-0.64,0.41,0.47,-9.83,-0.17,-0.30,-3.75,0.85,-0.23,34.88,1.75,17.69
1334.883,417,159,33,30,6252.148,0.40,-0.67,0.39,0.49,-10.19,-1.13,-1.88,-4.31,0.07,0.27,33.69,0.00,19.69
1334.9,417,159,33,30,6252.173,0.37,-0.68,0.37,0.51,-9.82,-0.26,-3.35,-4.59,-0.24,0.36,33.69,0.00,19.69
1334.924,418,161,31,29,6252.193,0.34,-0.70,0.35,0.53,-9.77,-0.33,-2.54,-4.54,-0.09,0.16,33.69,0.00,19.69
1334.945,419,162,29,26,6252.218,0.31,-0.71,0.32,0.54,-8.63,-1.08,-1.72,-4.72,0.07,-0.21,33.38,-3.38,19.25
1334.961,419,162,29,26,6252.238,0.26,-0.73,0.29,0.56,-8.46,-0.33,-3.00,-4.46,0.04,-0.05,33.38,-3.38,19.25
1334.985,416,163,30,27,6252.263,0.23,-0.74,0.26,0.57,-9.48,0.14,-3.76,-4.15,0.11,0.31,35.19,-5.56,19.50
1335.001,416,163,30,27,6252.285,0.20,-0.75,0.24,0.58,-10.44,0.75,-1.84,-4.51,-0.02,0.46,35.19,-5.56,19.50
1335.018,416,163,30,27,6252.308,0.15,-0.76,0.21,0.60,-9.50,0.03,-1.88,-4.78,-0.40,0.23,34.00,-8.56,18.00
1335.038,416,165,29,27,6252.333,0.12,-0.76,0.18,0.61,-8.82,0.06,-2.28,-4.56,-0.45,0.03,34.00,-8.56,18.00
1335.059,416,167,25,24,6252.355,0.09,-0.76,0.16,0.62,-9.25,-0.21,-4.25,-3.83,-0.27,-0.03,34.38,-12.25,17.50
1335.075,416,167,25,24,6252.378,0.06,-0.76,0.14,0.63,-10.04,1.36,-2.95,-2.95,0.10,-0.10,34.38,-12.25,17.50
1335.094,411,168,25,24,6252.398,0.03,-0.77,0.11,0.63,-10.11,2.22,-1.46,-2.81,0.09,-0.16,35.38,-15.19,13.69
1335.111,411,168,25,24,6252.423,0.01,-0.77,0.09,0.63,-9.92,2.59,-1.08,-3.20,-0.01,-0.23,35.38,-15.19,13.69
1335.133,404,170,22,22,6252.445,-0.02,-0.77,0.07,0.64,-9.29,1.08,-1.02,-4.03,-0.12,-0.08,35.56,-16.25,11.25
1335.161,396,170,28,26,6252.468,-0.05,-0.77,0.04,0.64,-9.82,0.54,-3.43,-3.72,-0.27,0.13,35.56,-16.25,11.25
1335.178,396,170,28,26,6252.49,-0.08,-0.76,0.01,0.64,-9.63,1.10,-2.92,-3.05,-0.09,-0.08,35.56,-16.25,11.25
1335.202,395,175,24,23,6252.515,-0.10,-0.76,-0.01,0.64,-9.27,2.05,-0.97,-3.04,0.13,-0.30,35.56,-18.06,9.75
1335.226,390,175,29,27,6252.537,-0.13,-0.76,-0.03,0.64,-9.25,2.39,-0.49,-3.79,0.21,-0.09,35.56,-18.06,9.75
1335.246,387,178,28,25,6252.56,-0.17,-0.75,-0.07,0.64,-9.50,0.79,-1.55,-4.09,0.13,0.11,35.88,-19.50,5.25
1335.263,387,178,28,25,6252.584,-0.19,-0.74,-0.09,0.63,-9.37,0.84,-2.14,-3.58,0.12,0.00,35.88,-19.50,5.25
1335.285,384,178,30,26,6252.607,-0.22,-0.74,-0.11,0.63,-8.88,1.50,-1.34,-2.60,0.26,-0.04,35.00,-19.00,1.00
1335.306,384,178,30,26,6252.63,-0.24,-0.73,-0.13,0.62,-9.14,2.84,-0.43,-2.63,0.30,0.02,35.00,-19.00,1.00
1335.326,383,178,30,28,6252.65,-0.26,-0.73,-0.15,0.62,-9.75,2.04,-0.63,-2.85,0.27,0.09,36.06,-19.00,-2.19
1335.344,383,179,29,26,6252.675,-0.28,-0.72,-0.17,0.61,-9.94,1.62,-1.24,-2.70,0.19,-0.05,36.06,-19.00,-2.19
1335.36,383,179,29,26,6252.697,-0.30,-0.72,-0.18,0.61,-9.09,2.27,-0.56,-2.37,0.04,-0.09,35.00,-19.37,-5.25
1335.377,383,179,29,26,6252.72,-0.32,-0.70,-0.20,0.60,-9.46,2.91,-0.07,-2.74,0.01,-0.03,35.00,-19.37,-5.25
1335.398,384,178,29,27,6252.742,-0.34,-0.69,-0.22,0.59,-9.86,2.95,0.06,-3.29,-0.05,-0.07,35.00,-19.37,-5.25
1335.415,384,178,29,27,6252.765,-0.36,-0.68,-0.24,0.59,-10.20,2.03,-0.80,-3.52,-0.19,-0.13,35.00,-18.19,-8.38
1335.437,383,176,30,27,6252.787,-0.39,-0.67,-0.26,0.58,-9.30,1.71,-0.17,-3.09,-0.20,-0.13,35.00,-18.19,-8.38
1335.464,384,175,28,26,6252.812,-0.41,-0.65,-0.29,0.57,-8.87,1.94,-0.01,-2.81,-0.06,-0.16,35.38,-18.00,-13.88
1335.48,384,175,28,26,6252.836,-0.43,-0.64,-0.30,0.56,-9.17,1.81,-0.39,-2.51,0.22,-0.12,35.38,-18.00,-13.88
1335.5,385,172,29,26,6252.859,-0.45,-0.63,-0.32,0.55,-10.30,1.14,-0.97,-1.49,0.28,-0.11,36.50,-15.38,-17.69
1335.52,385,170,31,28,6252.883,-0.45,-0.62,-0.33,0.55,-10.09,2.43,1.21,-1.09,0.08,-0.10,36.50,-15.38,-17.69
1335.536,385,170,31,28,6252.906,-0.46,-0.62,-0.33,0.55,-9.81,2.89,1.20,-1.63,-0.29,-0.17,36.50,-15.06,-22.37
1335.554,390,170,23,24,6252.929,-0.47,-0.60,-0.35,0.54,-9.78,1.63,-1.09,-1.76,-0.16,-0.09,36.50,-15.06,-22.37
1335.57,390,170,23,24,6252.949,-0.48,-0.60,-0.35,0.54,-10.50,1.01,-0.97,-0.84,0.10,-0.01,38.38,-14.06,-23.87
1335.588,389,168,29,27,6252.974,-0.48,-0.60,-0.36,0.54,-10.57,2.17,0.08,0.04,0.14,-0.08,38.38,-14.06,-23.87
1335.61,389,168,29,27,6252.996,-0.48,-0.60,-0.36,0.54,-10.05,2.59,0.60,-0.08,-0.21,-0.14,38.69,-12.69,-24.06
1335.631,394,167,26,25,6253.019,-0.48,-0.59,-0.36,0.54,-9.89,1.70,-0.25,-0.13,-0.18,-0.19,38.69,-12.69,-24.06
1335.651,398,167,27,25,6253.041,-0.48,-0.59,-0.36,0.54,-9.93,1.48,-0.06,0.19,-0.07,-0.21,38.69,-12.69,-24.06
1335.668,398,167,27,25,6253.066,-0.48,-0.59,-0.36,0.54,-9.94,1.34,0.00,0.74,-0.03,-0.09,39.00,-12.69,-24.75
1335.69,399,166,29,27,6253.086,-0.47,-0.60,-0.35,0.55,-9.86,1.67,0.47,0.97,-0.01,-0.10,39.00,-12.69,-24.75
1335.709,402,165,31,28,6253.111,-0.46,-0.60,-0.34,0.55,-10.03,1.75,0.62,1.05,0.03,-0.14,38.69,-14.25,-25.19
1335.727,402,165,31,28,6253.135,-0.45,-0.61,-0.34,0.56,-10.08,1.71,0.32,1.14,-0.07,-0.11,38.69,-14.25,-25.19
1335.743,402,165,31,28,6253.158,-0.44,-0.62,-0.33,0.56,-9.91,1.17,-0.26,1.57,-0.07,-0.04,38.25,-15.38,-22.37
1335.779,404,165,32,29,6253.182,-0.43,-0.62,-0.32,0.57,-9.98,1.63,0.41,2.31,0.04,-0.02,38.25,-15.38,-22.37
1335.793,404,165,32,29,6253.205,-0.41,-0.64,-0.30,0.58,-10.07,1.92,0.51,3.00,0.15,-0.25,37.88,-16.19,-22.69
1335.813,405,166,31,29,6253.228,-0.38,-0.65,-0.28,0.59,-9.89,1.35,-0.96,3.11,0.10,-0.25,37.88,-16.19,-22.69
1335.837,406,167,29,27,6253.25,-0.36,-0.66,-0.26,0.60,-8.99,1.19,-1.68,3.19,0.00,0.20,36.75,-17.56,-17.56
1335.857,405,167,31,29,6253.275,-0.34,-0.68,-0.24,0.60,-8.76,0.55,-2.79,4.16,0.15,0.96,36.75,-17.56,-17.56
1335.874,405,167,31,29,6253.295,-0.32,-0.70,-0.20,0.61,-8.88,1.04,-0.97,5.18,0.77,1.10,35.69,-19.87,-12.56
1335.893,404,167,32,29,6253.318,-0.27,-0.73,-0.15,0.61,-9.60,2.41,-0.61,5.38,0.75,0.63,35.69,-19.87,-12.56
1335.915,404,167,32,29,6253.34,-0.23,-0.75,-0.12,0.61,-9.49,2.64,-1.63,5.40,0.41,0.39,35.69,-19.87,-12.56
1335.935,402,167,34,31,6253.365,-0.20,-0.76,-0.08,0.62,-8.50,2.81,-2.56,5.21,0.10,0.73,35.25,-21.00,-6.19
1335.955,403,169,31,28,6253.387,-0.16,-0.77,-0.05,0.62,-8.80,1.78,-4.25,4.73,0.35,1.06,35.25,-21.00,-6.19
1335.971,403,169,31,28,6253.41,-0.12,-0.78,0.00,0.61,-9.95,2.27,-3.21,4.22,0.81,0.90,35.56,-21.50,2.38
1335.994,401,168,33,30,6253.434,-0.10,-0.79,0.03,0.60,-10.84,3.45,-0.04,3.60,-0.02,0.58,35.56,-21.50,2.38
1336.017,400,168,33,30,6253.457,-0.07,-0.79,0.05,0.60,-9.34,2.62,-3.35,2.80,-0.77,0.57,33.75,-22.69,9.88
1336.036,400,168,33,30,6253.479,-0.05,-0.79,0.08,0.61,-8.02,2.74,-3.94,2.95,-0.75,0.80,33.75,-22.69,9.88
1336.054,397,168,34,31,6253.502,-0.02,-0.79,0.11,0.61,-8.04,0.79,-4.52,4.06,-0.11,0.95,33.75,-20.50,11.06
1336.074,397,168,34,31,6253.524,0.01,-0.79,0.14,0.60,-9.56,1.23,-2.22,4.47,0.56,0.14,33.75,-20.50,11.06
1336.091,397,168,34,31,6253.547,0.04,-0.79,0.17,0.59,-9.17,2.08,-2.51,3.90,0.12,-0.08,32.75,-20.25,15.50
1336.113,395,169,33,30,6253.57,0.08,-0.79,0.20,0.58,-8.84,0.99,-4.45,3.68,-0.07,0.02,32.75,-20.25,15.50
1336.134,393,169,33,31,6253.592,0.11,-0.78,0.22,0.57,-9.06,1.07,-4.70,4.24,0.19,0.15,32.75,-20.25,15.50
1336.15,393,169,33,31,6253.615,0.14,-0.78,0.25,0.56,-9.50,2.18,-1.52,4.06,0.32,-0.08,30.87,-15.75,18.69
1336.171,389,169,36,33,6253.637,0.18,-0.77,0.28,0.54,-8.81,2.14,-2.53,3.10,-0.07,0.01,30.87,-15.75,18.69
1336.19,389,171,33,31,6253.66,0.20,-0.77,0.29,0.54,-8.28,-0.19,-4.59,3.10,-0.08,0.47,31.56,-13.25,21.50
1336.207,389,171,33,31,6253.684,0.23,-0.76,0.32,0.52,-8.93,-1.76,-4.27,4.67,0.10,0.38,31.56,-13.25,21.50
1336.238,385,170,35,32,6253.707,0.28,-0.74,0.35,0.50,-9.11,1.25,-1.44,4.85,-0.47,0.13,30.69,-9.56,21.56
1336.254,385,170,35,32,6253.731,0.31,-0.72,0.37,0.49,-9.02,-0.02,-3.90,4.13,-0.73,0.39,30.69,-9.56,21.56
1336.276,381,171,37,35,6253.752,0.33,-0.71,0.39,0.49,-8.78,-1.54,-3.13,3.66,-0.42,0.59,31.75,-7.56,22.06
1336.297,378,173,35,34,6253.776,0.36,-0.69,0.41,0.48,-9.43,-1.95,-2.65,3.91,-0.63,0.29,31.75,-7.56,22.06
1336.313,378,173,35,34,6253.797,0.40,-0.66,0.44,0.46,-9.34,-2.57,-3.09,4.36,-0.87,0.06,30.87,-4.50,23.25
1336.332,373,175,37,35,6253.821,0.43,-0.64,0.45,0.44,-9.83,-3.30,-3.51,4.82,-1.02,-0.29,30.87,-4.50,23.25
1336.35,370,176,37,34,6253.844,0.47,-0.62,0.47,0.43,-9.70,-1.99,-2.42,4.78,-1.37,-0.64,31.25,-1.37,20.87
1336.366,370,176,37,34,6253.867,0.51,-0.59,0.47,0.41,-8.98,0.93,-2.48,3.96,-1.30,-0.22,31.25,-1.37,20.87
1336.393,367,179,36,34,6253.887,0.54,-0.56,0.49,0.40,-8.85,-0.73,-1.13,2.94,-0.94,0.28,31.25,-1.37,20.87
1336.409,367,179,36,34,6253.912,0.56,-0.54,0.49,0.39,-9.31,-1.46,-0.78,2.22,-0.63,0.41,31.69,2.25,18.87
1336.427,365,181,36,33,6253.934,0.57,-0.53,0.50,0.39,-9.44,-1.02,-0.10,1.62,-0.47,0.23,31.69,2.25,18.87
1336.444,365,181,36,33,6253.957,0.58,-0.51,0.51,0.38,-10.06,-0.89,-0.09,1.20,-0.45,0.18,32.06,3.88,17.69
1336.465,363,180,39,36,6253.981,0.58,-0.51,0.51,0.38,-10.12,-1.09,-0.07,0.78,-0.45,0.14,32.06,3.88,17.69
1336.489,363,180,39,36,6254.004,0.59,-0.50,0.51,0.38,-9.87,-1.57,-0.08,0.23,-0.31,0.14,32.06,2.50,16.75
1336.522,363,181,38,35,6254.026,0.59,-0.50,0.51,0.38,-10.46,-2.47,0.38,-0.07,-0.17,0.11,32.06,2.50,16.75
1336.559,364,179,39,35,6254.047,0.59,-0.50,0.50,0.39,-10.40,-1.90,0.18,-0.12,-0.26,0.02,32.19,4.06,16.69
1336.579,365,179,37,35,6254.071,0.59,-0.50,0.50,0.39,-10.17,-2.00,0.00,-0.41,-0.22,0.06,32.19,4.06,16.69
1336.599,363,176,38,35,6254.094,0.59,-0.50,0.50,0.39,-10.11,-2.13,0.13,-0.78,0.05,0.00,31.75,4.06,15.88
1336.615,363,176,38,35,6254.114,0.58,-0.51,0.50,0.40,-10.34,-2.02,-0.34,-1.01,0.18,-0.05,31.75,4.06,15.88
1336.638,364,175,38,34,6254.137,0.57,-0.52,0.49,0.40,-10.52,-2.41,0.03,-1.21,0.19,-0.04,31.75,4.06,15.88
1336.669,368,173,36,33,6254.161,0.57,-0.52,0.49,0.41,-10.20,-1.64,-0.44,-1.26,-0.08,-0.01,32.19,3.38,16.50
1336.686,368,170,38,35,6254.184,0.56,-0.53,0.48,0.42,-9.76,-0.43,-0.70,-1.95,-0.07,0.20,32.19,3.38,16.50
1336.713,368,170,38,35,6254.206,0.54,-0.55,0.47,0.43,-10.40,0.20,-0.19,-2.89,0.12,0.37,31.75,3.38,17.25
1336.743,370,168,36,33,6254.231,0.52,-0.56,0.46,0.45,-9.38,-2.28,-0.84,-3.67,0.09,0.49,31.75,3.38,17.25
1336.765,375,165,37,35,6254.254,0.50,-0.58,0.44,0.47,-8.10,-4.35,-2.02,-3.10,0.42,0.18,32.38,2.56,16.50
1336.785,377,164,36,32,6254.276,0.48,-0.60,0.43,0.48,-10.00,-0.36,0.34,-2.49,0.35,-0.02,32.38,2.56,16.50
1336.801,377,164,36,32,6254.297,0.45,-0.61,0.42,0.49,-10.33,2.00,0.02,-3.31,-0.05,0.07,32.38,0.50,17.25
1336.819,377,164,36,32,6254.321,0.42,-0.63,0.39,0.51,-9.41,0.92,-1.14,-5.11,-0.10,0.31,32.38,0.50,17.25
1336.839,380,162,36,33,6254.344,0.38,-0.66,0.37,0.54,-7.93,-2.05,-2.95,-6.00,0.74,0.49,33.56,-1.00,18.87
1336.861,380,162,36,33,6254.366,0.34,-0.68,0.34,0.55,-8.85,-2.84,-2.12,-4.61,1.09,0.34,33.56,-1.00,18.87
1336.881,383,160,37,34,6254.387,0.30,-0.70,0.32,0.56,-10.52,-0.58,-0.78,-3.61,0.58,0.22,33.56,-1.00,18.87
1336.9,382,158,38,34,6254.411,0.27,-0.71,0.30,0.58,-10.46,1.68,-1.73,-4.32,-0.12,0.31,32.25,-5.50,19.50
1336.916,382,158,38,34,6254.434,0.23,-0.72,0.27,0.59,-8.87,0.36,-3.08,-6.06,0.07,0.46,32.25,-5.50,19.50
1336.94,384,158,36,33,6254.456,0.16,-0.74,0.22,0.61,-8.57,-0.76,-3.56,-6.04,0.50,0.52,33.00,-8.00,17.56
1336.962,384,155,37,34,6254.481,0.12,-0.75,0.20,0.62,-9.35,-1.49,-3.02,-4.56,0.48,0.44,33.00,-8.00,17.56
1336.982,384,155,37,34,6254.503,0.10,-0.75,0.18,0.62,-9.75,0.12,-2.62,-2.89,0.08,0.02,32.56,-12.88,17.06
1337.013,385,154,34,32,6254.526,0.07,-0.76,0.15,0.63,-9.60,2.78,-1.47,-2.76,0.22,-0.20,32.56,-12.88,17.06
1337.042,384,154,36,33,6254.548,0.04,-0.76,0.14,0.63,-9.77,2.95,-1.30,-3.24,0.30,-0.09,32.88,-16.25,14.56
1337.06,387,153,31,32,6254.573,0.02,-0.76,0.11,0.63,-9.82,1.80,-1.76,-3.79,0.08,0.09,32.88,-16.25,14.56
1337.077,387,153,31,32,6254.594,-0.01,-0.77,0.09,0.64,-9.16,0.61,-2.01,-3.50,0.01,0.06,32.00,-17.56,12.25
1337.099,388,153,27,32,6254.616,-0.05,-0.76,0.06,0.64,-9.12,0.66,-2.08,-3.00,0.05,0.00,32.00,-17.56,12.25
1337.119,384,152,34,35,6254.639,-0.07,-0.76,0.05,0.64,-9.56,1.07,-1.82,-2.63,0.18,-0.06,32.00,-17.56,12.25
1337.136,384,152,34,35,6254.663,-0.08,-0.76,0.03,0.64,-9.73,1.44,-1.38,-2.37,0.16,-0.11,31.69,-19.06,8.25
1337.158,384,152,35,35,6254.684,-0.10,-0.76,0.01,0.64,-9.74,2.29,-1.42,-2.45,0.06,-0.07,31.69,-19.06,8.25
1337.178,384,152,35,35,6254.708,-0.13,-0.76,-0.01,0.64,-9.68,2.20,-1.31,-2.80,-0.03,-0.04,30.50,-19.75,6.69
1337.203,384,152,35,35,6254.733,-0.15,-0.75,-0.03,0.64,-9.52,1.78,-1.25,-3.12,-0.08,-0.13,30.50,-19.75,6.69
1337.237,383,157,32,31,6254.753,-0.17,-0.75,-0.05,0.64,-9.45,2.06,-1.27,-2.96,-0.01,-0.14,31.56,-21.19,4.56
1337.257,380,160,33,30,6254.778,-0.20,-0.74,-0.08,0.64,-9.61,1.37,-1.45,-2.84,0.06,-0.13,31.56,-21.19,4.56
1337.279,377,164,31,29,6254.8,-0.22,-0.74,-0.09,0.63,-9.61,1.20,-1.41,-2.42,0.15,-0.19,31.87,-21.19,1.88
1337.298,376,168,28,26,6254.823,-0.23,-0.73,-0.11,0.63,-9.43,2.37,-0.73,-2.19,0.22,-0.22,31.87,-21.19,1.88
1337.314,376,168,28,26,6254.845,-0.24,-0.73,-0.12,0.63,-9.20,3.28,0.13,-2.70,0.22,-0.08,31.87,-21.50,-2.38
1337.334,375,170,31,27,6254.868,-0.27,-0.72,-0.15,0.62,-9.94,2.01,-0.77,-2.93,0.14,0.15,31.87,-21.50,-2.38
1337.355,375,170,31,27,6254.891,-0.29,-0.71,-0.16,0.62,-9.61,1.19,-1.00,-2.66,0.05,0.11,31.87,-21.50,-2.38
1337.381,375,172,30,27,6254.913,-0.31,-0.71,-0.18,0.61,-9.23,2.72,-0.55,-2.58,0.02,-0.08,32.69,-21.06,-6.69
1337.401,376,172,30,28,6254.936,-0.34,-0.69,-0.20,0.60,-9.49,2.67,-0.07,-3.01,0.05,-0.08,32.69,-21.06,-6.69
1337.418,379,173,31,29,6254.958,-0.36,-0.68,-0.22,0.60,-9.36,2.14,-0.02,-3.08,0.04,-0.01,32.25,-20.87,-9.38
1337.435,379,173,31,29,6254.983,-0.38,-0.67,-0.24,0.59,-9.19,1.27,-0.77,-2.39,0.14,0.00,32.25,-20.87,-9.38
1337.452,381,173,30,28,6255.005,-0.40,-0.66,-0.26,0.58,-8.95,2.10,0.52,-2.43,0.29,-0.13,32.69,-18.56,-13.69
1337.468,381,173,30,28,6255.03,-0.41,-0.65,-0.28,0.57,-9.66,2.29,0.44,-2.41,0.30,-0.15,32.69,-18.56,-13.69
1337.485,381,172,32,29,6255.052,-0.42,-0.65,-0.29,0.57,-9.73,2.07,-0.02,-2.13,0.09,-0.15,33.75,-17.50,-16.75
1337.506,381,172,32,29,6255.075,-0.43,-0.64,-0.30,0.56,-9.28,2.64,0.33,-1.93,-0.01,-0.11,33.75,-17.50,-16.75
1337.523,381,172,32,29,6255.095,-0.45,-0.63,-0.32,0.55,-9.36,2.70,0.22,-1.88,0.05,-0.08,34.56,-15.75,-19.06
1337.544,383,171,30,28,6255.12,-0.46,-0.62,-0.33,0.55,-9.74,2.30,0.09,-2.05,0.16,-0.08,34.56,-15.75,-19.06
1337.565,383,169,31,29,6255.142,-0.47,-0.61,-0.34,0.54,-10.62,1.32,-0.89,-0.95,0.10,-0.01,35.19,-14.38,-22.06
1337.582,383,169,31,29,6255.165,-0.48,-0.61,-0.34,0.54,-10.55,2.23,-0.37,-0.44,0.08,-0.11,35.19,-14.38,-22.06
1337.601,384,167,29,28,6255.187,-0.48,-0.60,-0.35,0.54,-10.39,2.46,0.46,-0.23,0.02,-0.14,35.19,-14.38,-22.06
1337.626,384,167,29,28,6255.212,-0.48,-0.60,-0.35,0.54,-10.28,2.34,0.32,-0.30,-0.11,-0.18,36.00,-13.56,-23.75
1337.649,384,166,29,28,6255.235,-0.48,-0.60,-0.35,0.54,-10.13,1.22,-0.18,0.03,-0.17,-0.12,36.00,-13.56,-23.75
1337.675,380,165,32,31,6255.257,-0.48,-0.60,-0.35,0.54,-9.97,1.71,-0.06,0.34,-0.10,-0.14,36.56,-12.19,-23.19
1337.691,380,165,32,31,6255.282,-0.47,-0.60,-0.35,0.54,-9.58,1.39,0.17,0.87,0.09,-0.03,36.56,-12.19,-23.19
1337.712,377,166,34,30,6255.304,-0.46,-0.61,-0.34,0.55,-10.22,2.01,0.16,1.07,0.25,-0.05,35.88,-13.00,-23.69
1337.733,381,168,31,29,6255.329,-0.45,-0.62,-0.34,0.55,-10.24,1.44,0.25,1.17,0.27,-0.07,35.88,-13.00,-23.69
1337.75,381,168,31,29,6255.351,-0.45,-0.62,-0.33,0.55,-10.42,1.91,0.59,1.23,-0.04,-0.13,35.50,-13.38,-21.69
1337.772,386,172,29,27,6255.374,-0.44,-0.63,-0.32,0.56,-9.73,0.97,-0.58,1.62,-0.23,-0.02,35.50,-13.38,-21.69
1337.792,387,174,31,29,6255.396,-0.42,-0.64,-0.31,0.57,-9.18,0.93,-0.84,2.43,-0.18,0.13,35.88,-16.06,-20.87
1337.809,387,174,31,29,6255.421,-0.40,-0.65,-0.29,0.57,-9.07,1.27,-0.95,3.16,0.12,0.19,35.88,-16.06,-20.87
1337.837,387,174,32,30,6255.441,-0.38,-0.67,-0.27,0.58,-10.18,1.60,-2.90,4.44,0.47,0.17,34.69,-16.69,-18.37
1337.853,387,174,32,30,6255.464,-0.34,-0.69,-0.23,0.59,-9.46,1.96,-2.42,4.72,0.44,0.43,34.69,-16.69,-18.37
1337.872,388,175,31,28,6255.486,-0.31,-0.71,-0.20,0.60,-8.65,1.61,0.02,4.71,0.09,0.55,34.69,-16.69,-18.37
1337.888,388,175,31,28,6255.511,-0.28,-0.73,-0.17,0.61,-9.23,2.60,-1.52,5.62,0.27,0.21,33.56,-19.25,-12.19
1337.906,387,173,32,29,6255.534,-0.24,-0.74,-0.13,0.61,-9.43,3.38,-1.20,5.68,0.53,0.15,33.56,-19.25,-12.19
1337.922,387,173,32,29,6255.556,-0.18,-0.76,-0.09,0.62,-9.08,2.79,-1.30,4.97,0.30,0.53,32.50,-21.56,-5.19
1337.94,387,172,32,29,6255.581,-0.16,-0.77,-0.06,0.62,-10.36,2.30,-1.33,3.43,-0.04,0.32,32.50,-21.56,-5.19
1337.957,387,172,32,29,6255.603,-0.13,-0.77,-0.04,0.62,-10.12,2.60,-0.82,3.08,-0.16,-0.26,32.88,-22.75,2.69
1337.979,386,171,32,28,6255.628,-0.10,-0.78,-0.01,0.62,-9.30,2.35,-2.03,2.52,-0.38,-0.26,32.88,-22.75,2.69
1338.006,387,170,31,28,6255.648,-0.08,-0.78,0.00,0.62,-8.46,1.58,-3.40,2.56,-0.23,0.20,33.25,-23.19,8.19
1338.023,387,170,31,28,6255.671,-0.06,-0.78,0.02,0.62,-10.07,0.30,-2.17,3.16,0.28,0.27,33.25,-23.19,8.19
1338.046,386,170,30,27,6255.693,-0.03,-0.78,0.05,0.62,-10.24,1.02,-1.14,3.24,0.00,-0.27,35.00,-21.75,10.19
1338.065,384,170,30,27,6255.718,0.00,-0.78,0.07,0.62,-9.27,2.00,-2.83,3.12,-0.43,-0.34,35.00,-21.75,10.19
1338.081,384,170,30,27,6255.738,0.02,-0.78,0.08,0.62,-9.07,1.36,-3.59,2.97,-0.39,0.05,35.00,-21.75,10.19
1338.105,383,168,31,28,6255.761,0.04,-0.78,0.10,0.62,-9.19,-0.14,-3.13,3.32,0.09,0.28,35.00,-20.06,12.50
1338.125,383,168,31,29,6255.783,0.08,-0.77,0.13,0.61,-9.90,0.41,-1.61,3.44,0.05,0.02,35.00,-20.06,12.50
1338.142,383,168,31,29,6255.808,0.10,-0.77,0.15,0.61,-9.73,1.68,-1.43,2.94,-0.33,-0.07,34.69,-17.37,14.75
1338.172,384,169,28,27,6255.831,0.12,-0.76,0.17,0.61,-9.37,0.57,-2.53,2.22,-0.43,0.11,34.69,-17.37,14.75
1338.188,384,169,28,27,6255.853,0.15,-0.76,0.19,0.61,-8.44,-0.30,-2.63,2.54,-0.18,0.13,34.69,-15.25,16.87
1338.213,382,168,31,28,6255.878,0.17,-0.75,0.20,0.60,-8.14,0.11,-2.27,2.85,-0.05,0.11,34.69,-15.25,16.87
1338.234,383,169,30,27,6255.9,0.19,-0.75,0.22,0.60,-8.68,0.60,-2.07,2.87,-0.08,0.01,33.88,-13.50,17.69
1338.251,383,169,30,27,6255.923,0.21,-0.74,0.24,0.59,-9.02,0.59,-1.25,2.42,-0.25,-0.19,33.88,-13.50,17.69
1338.267,383,169,30,27,6255.945,0.23,-0.73,0.25,0.59,-8.50,-0.15,-2.24,2.18,-0.39,-0.15,34.69,-11.19,17.25
1338.287,382,168,32,28,6255.97,0.25,-0.72,0.26,0.58,-9.28,-0.94,-2.51,2.23,-0.30,-0.19,34.69,-11.19,17.25
1338.305,385,169,29,27,6255.99,0.27,-0.72,0.27,0.58,-10.31,-0.12,-0.15,1.42,-0.45,-0.35,33.50,-9.25,16.56
1338.328,385,169,29,27,6256.013,0.28,-0.71,0.28,0.58,-9.80,-0.42,-1.42,0.82,-0.51,-0.16,33.50,-9.25,16.56
1338.349,384,170,30,27,6256.035,0.29,-0.71,0.28,0.58,-9.76,-1.07,-1.31,0.43,-0.35,0.02,33.50,-9.25,16.56
1338.366,384,168,30,28,6256.06,0.29,-0.71,0.28,0.58,-9.79,-1.08,-0.75,0.30,-0.25,0.12,33.25,-8.19,18.19
1338.383,384,168,30,28,6256.082,0.29,-0.70,0.28,0.58,-9.82,-0.62,-0.19,-0.08,-0.09,0.06,33.25,-8.19,18.19
1338.405,383,168,31,28,6256.105,0.29,-0.70,0.28,0.59,-10.04,-0.10,-0.32,-0.30,-0.01,0.03,32.88,-8.19,17.37
1338.422,383,168,31,28,6256.13,0.28,-0.71,0.28,0.59,-10.57,-0.23,-0.09,-0.70,-0.10,0.26,32.88,-8.19,17.37
1338.444,383,169,28,27,6256.152,0.28,-0.71,0.27,0.59,-10.47,-0.98,-1.50,-0.55,-0.05,0.55,32.06,-8.06,17.37
1338.463,382,168,31,28,6256.175,0.27,-0.71,0.28,0.60,-10.37,-0.53,-1.20,-0.56,0.06,0.50,32.06,-8.06,17.37
1338.486,382,168,31,28,6256.197,0.26,-0.71,0.28,0.60,-10.34,-0.21,-1.73,-0.41,0.13,0.28,32.19,-8.38,17.37
1338.509,380,168,32,28,6256.22,0.26,-0.71,0.27,0.60,-10.16,0.30,-1.69,-0.40,0.17,0.17,32.19,-8.38,17.37
1338.533,381,168,30,29,6256.242,0.25,-0.71,0.27,0.60,-10.47,0.20,-2.22,-0.43,0.13,0.19,32.56,-9.88,17.37
1338.55,381,168,30,29,6256.265,0.25,-0.71,0.27,0.60,-10.40,-0.89,-1.71,-0.60,0.08,0.07,32.56,-9.88,17.37
1338.573,381,169,29,27,6256.287,0.24,-0.71,0.27,0.60,-10.02,-1.68,-2.29,-0.58,0.12,-0.05,32.56,-9.88,17.37
1338.589,381,169,29,27,6256.31,0.24,-0.72,0.26,0.60,-9.03,-0.58,-0.69,-0.63,0.23,-0.21,32.56,-9.50,18.19
1338.609,380,167,31,29,6256.332,0.23,-0.72,0.26,0.60,-8.31,1.53,-1.03,-0.95,0.18,0.05,32.56,-9.50,18.19
1338.626,380,167,31,29,6256.355,0.22,-0.73,0.25,0.60,-8.85,-1.03,-2.90,-1.22,0.34,0.07,32.19,-9.50,18.50
1338.657,379,168,30,26,6256.379,0.22,-0.73,0.25,0.60,-9.36,-3.58,-3.90,-0.10,0.48,-0.89,32.19,-9.50,18.50
1338.673,379,168,30,26,6256.402,0.23,-0.73,0.24,0.59,-8.96,-0.22,-2.33,0.48,0.16,-1.21,32.19,-10.69,17.75
1338.692,379,167,31,28,6256.424,0.24,-0.74,0.24,0.59,-8.95,1.21,-1.78,0.15,-0.07,-0.57,32.19,-10.69,17.75
1338.715,379,167,31,29,6256.447,0.24,-0.74,0.24,0.59,-8.74,0.35,-1.30,-0.41,-0.22,0.16,33.00,-9.88,19.00
1338.737,379,168,31,28,6256.47,0.23,-0.73,0.23,0.59,-8.55,0.44,-2.58,-0.49,-0.19,0.87,33.00,-9.88,19.00
1338.76,379,168,31,28,6256.492,0.22,-0.73,0.24,0.60,-9.48,-0.47,-1.30,-0.40,-0.28,0.83,33.38,-9.19,19.00
1338.782,378,169,30,27,6256.515,0.22,-0.73,0.24,0.60,-10.00,-0.96,-1.67,-0.27,-0.34,0.67,33.38,-9.19,19.00
1338.809,378,168,31,28,6256.537,0.22,-0.73,0.25,0.61,-10.80,-0.53,-2.04,0.07,-0.30,0.33,33.38,-9.19,19.00
1338.827,378,168,31,28,6256.56,0.22,-0.72,0.25,0.61,-11.36,-0.14,-1.48,0.16,-0.02,0.15,32.19,-10.69,18.19
1338.848,378,168,31,29,6256.582,0.22,-0.72,0.25,0.61,-11.21,-0.46,-2.07,0.02,0.03,0.11,32.19,-10.69,18.19
1338.867,377,168,32,29,6256.605,0.22,-0.72,0.25,0.61,-10.74,-0.92,-2.89,0.02,0.02,0.06,31.56,-11.38,17.75
1338.883,377,168,32,29,6256.629,0.22,-0.72,0.26,0.60,-10.36,-0.48,-3.05,0.24,-0.08,-0.08,31.56,-11.38,17.75
1338.901,377,168,30,28,6256.652,0.23,-0.72,0.26,0.60,-9.86,-0.18,-2.48,0.30,-0.24,-0.11,31.56,-11.38,19.00
1338.918,377,168,30,28,6256.674,0.23,-0.72,0.26,0.61,-9.54,0.25,-1.78,0.31,-0.40,-0.09,31.56,-11.38,19.00
1338.936,377,168,31,29,6256.697,0.24,-0.71,0.26,0.61,-9.21,0.45,-1.11,0.23,-0.42,-0.04,32.19,-11.00,17.37
1338.957,377,168,31,29,6256.719,0.24,-0.71,0.26,0.61,-9.37,0.48,-0.89,0.10,-0.28,0.06,32.19,-11.00,17.37
1338.974,377,168,31,29,6256.742,0.24,-0.71,0.26,0.61,-9.53,0.21,-0.95,0.05,-0.20,0.07,32.56,-10.69,17.37
1338.994,376,168,32,29,6256.764,0.24,-0.71,0.26,0.61,-9.56,-0.18,-1.26,0.06,-0.16,-0.03,32.56,-10.69,17.37
1339.015,376,168,32,28,6256.787,0.24,-0.70,0.26,0.61,-9.61,-0.06,-1.21,0.12,-0.15,-0.15,32.56,-10.69,17.37
1339.033,376,168,32,28,6256.809,0.25,-0.70,0.26,0.61,-9.30,-0.22,-1.02,0.06,-0.17,-0.15,33.38,-10.69,16.56
1339.052,376,168,32,29,6256.832,0.25,-0.70,0.26,0.61,-9.23,-0.70,-0.86,-0.03,-0.11,-0.10,33.38,-10.69,16.56
1339.074,378,168,29,26,6256.855,0.25,-0.70,0.26,0.61,-9.37,-0.41,-0.60,0.00,-0.04,-0.06,33.38,-10.25,16.19
1339.09,378,168,29,26,6256.879,0.25,-0.70,0.26,0.61,-9.56,-0.81,-1.17,-0.02,0.02,0.01,33.38,-10.25,16.19
1339.119,377,168,31,28,6256.902,0.25,-0.70,0.26,0.61,-9.58,-0.19,-1.08,0.08,-0.01,-0.05,33.69,-9.88,13.50
1339.136,377,168,31,28,6256.924,0.25,-0.70,0.26,0.61,-9.56,-0.32,-1.36,0.06,-0.00,-0.08,33.69,-9.88,13.50
1339.156,377,169,30,27,6256.947,0.25,-0.70,0.26,0.61,-9.72,-0.09,-1.20,0.06,0.02,-0.06,33.38,-10.25,15.38
1339.185,377,168,31,28,6256.969,0.25,-0.70,0.26,0.61,-9.80,-0.36,-1.31,-0.09,0.04,0.05,33.38,-10.25,15.38
1339.202,377,168,30,28,6256.992,0.25,-0.70,0.26,0.61,-9.79,-0.54,-1.30,-0.10,0.03,0.11,33.38,-10.25,13.88
1339.219,377,168,30,28,6257.014,0.25,-0.70,0.26,0.61,-9.79,-0.67,-1.63,-0.09,0.05,0.06,33.38,-10.25,13.88
1339.254,377,168,32,29,6257.037,0.25,-0.70,0.26,0.61,-10.01,-0.06,-1.42,0.06,0.08,-0.02,33.38,-10.25,13.88
1339.285,377,168,32,28,6257.059,0.25,-0.70,0.26,0.61,-9.96,0.00,-1.69,0.03,0.03,-0.06,33.06,-10.69,14.69
1339.309,378,168,31,28,6257.082,0.25,-0.70,0.26,0.61,-10.00,0.04,-1.45,-0.02,-0.02,0.01,33.06,-10.69,14.69
