1503.093,354,168,28,25,6421.585,-0.01,-0.70,0.02,0.71,-9.85,0.33,0.12,0.00,-0.03,-0.02,27.69,-11.19,-0.25
1503.115,355,167,27,24,6421.606,-0.01,-0.70,0.02,0.71,-9.79,0.44,-0.05,0.01,-0.05,-0.02,27.69,-11.19,-0.25
1503.136,354,168,28,24,6421.63,-0.01,-0.70,0.02,0.71,-9.81,0.33,0.00,-0.00,-0.02,-0.01,27.25,-10.50,0.00
1503.159,354,168,28,24,6421.655,-0.01,-0.70,0.02,0.71,-9.93,0.29,0.01,0.01,-0.00,-0.00,27.25,-10.50,0.00
1503.181,354,168,28,24,6421.676,-0.01,-0.70,0.02,0.71,-9.92,0.32,0.12,0.02,-0.02,-0.02,27.25,-11.56,-0.75
1503.205,354,168,28,25,6421.7,-0.01,-0.70,0.02,0.71,-9.89,0.32,0.00,0.03,-0.01,-0.03,27.25,-11.56,-0.75
1503.23,354,168,28,25,6421.721,-0.01,-0.70,0.02,0.71,-9.85,0.37,0.07,0.04,-0.01,-0.04,27.25,-11.56,-0.75
1503.251,355,168,27,25,6421.745,-0.01,-0.70,0.02,0.71,-9.82,0.44,0.04,0.04,0.00,-0.02,27.25,-11.19,-0.25
1503.271,355,167,26,24,6421.766,-0.01,-0.70,0.02,0.71,-9.82,0.36,0.18,0.02,0.01,-0.02,27.25,-11.19,-0.25
1503.295,355,167,27,24,6421.79,-0.01,-0.70,0.02,0.71,-9.84,0.33,0.29,0.02,0.02,-0.02,27.25,-10.50,-0.25
1503.318,355,167,27,24,6421.813,-0.01,-0.70,0.02,0.71,-9.78,0.16,0.11,0.05,0.05,-0.02,27.25,-10.50,-0.25
1503.34,354,168,28,25,6421.835,-0.01,-0.70,0.02,0.71,-9.96,0.33,0.18,0.07,0.07,0.01,27.25,-10.88,-0.25
1503.363,355,167,27,25,6421.858,-0.01,-0.71,0.02,0.71,-10.12,0.63,-0.07,0.07,0.09,-0.03,27.25,-10.88,-0.25
1503.387,355,167,27,25,6421.88,-0.00,-0.71,0.02,0.71,-10.17,0.61,-0.01,0.07,0.06,-0.06,27.25,-11.19,-0.75
1503.41,355,167,26,24,6421.903,-0.00,-0.71,0.02,0.71,-10.03,0.52,-0.10,0.04,-0.01,-0.08,27.25,-11.19,-0.75
1503.432,354,167,27,25,6421.925,-0.00,-0.71,0.02,0.71,-9.88,0.05,-0.03,0.07,0.02,-0.08,27.25,-11.19,1.56
1503.454,354,167,27,25,6421.948,-0.00,-0.71,0.02,0.71,-10.06,-0.06,-0.21,0.13,0.09,-0.11,27.25,-11.19,1.56
1503.477,353,166,28,24,6421.97,0.00,-0.71,0.02,0.71,-10.17,0.02,-0.11,0.17,0.14,-0.12,27.25,-11.19,1.56
1503.499,352,166,28,24,6421.993,0.00,-0.71,0.02,0.71,-10.20,0.20,-0.21,0.20,0.10,-0.13,27.25,-10.88,-0.75
1503.521,352,166,28,24,6422.016,0.01,-0.71,0.02,0.70,-10.00,0.16,-0.21,0.20,0.08,-0.09,27.25,-10.88,-0.75
1503.553,353,165,27,25,6422.038,0.01,-0.71,0.02,0.70,-9.77,-0.12,-0.09,0.18,0.13,-0.03,27.69,-11.19,0.37
1503.575,353,164,27,24,6422.063,0.01,-0.71,0.02,0.70,-9.43,0.03,0.30,0.20,0.21,-0.00,27.69,-11.19,0.37
1503.592,353,163,27,24,6422.083,0.01,-0.71,0.02,0.70,-9.44,0.03,0.16,0.13,0.30,0.07,28.06,-9.69,-0.75
1503.612,353,163,27,24,6422.106,0.01,-0.72,0.03,0.70,-9.92,0.21,-0.07,0.12,0.30,0.02,28.06,-9.69,-0.75
1503.636,354,162,27,25,6422.128,0.01,-0.72,0.03,0.70,-9.77,0.13,-0.27,0.11,0.21,-0.04,27.69,-9.00,0.50
1503.657,353,161,28,24,6422.153,0.01,-0.72,0.03,0.69,-9.66,0.39,-0.61,0.11,0.19,-0.08,27.69,-9.00,0.50
1503.679,353,161,28,24,6422.173,0.01,-0.72,0.03,0.69,-9.66,0.45,-0.54,-0.03,0.28,-0.04,27.25,-10.06,0.50
1503.706,354,160,27,24,6422.196,0.01,-0.72,0.03,0.69,-9.94,0.14,-0.49,-0.01,0.33,-0.00,27.25,-10.06,0.50
1503.723,353,159,29,24,6422.216,0.01,-0.73,0.03,0.69,-9.97,0.14,-0.05,0.00,0.27,-0.02,27.25,-10.06,0.50
1503.746,353,159,29,24,6422.241,0.01,-0.73,0.03,0.69,-9.57,0.27,-0.17,0.02,0.15,-0.03,27.69,-9.00,0.88
1503.77,353,159,29,24,6422.263,0.01,-0.73,0.03,0.69,-9.23,0.20,-0.25,-0.03,0.17,0.03,27.69,-9.00,0.88
1503.791,354,159,28,24,6422.286,0.01,-0.73,0.03,0.68,-9.43,0.07,-0.57,-0.05,0.29,0.03,28.06,-9.38,1.69
1503.815,354,158,28,24,6422.308,0.01,-0.73,0.03,0.68,-9.62,0.24,-0.93,-0.08,0.38,-0.04,28.06,-9.38,1.69
1503.836,354,158,28,25,6422.331,0.01,-0.73,0.02,0.68,-9.78,0.41,-0.99,-0.08,0.46,-0.08,28.75,-9.00,1.69
1503.859,354,158,28,25,6422.353,0.01,-0.74,0.02,0.67,-9.85,0.45,-1.36,-0.07,0.59,-0.04,28.75,-9.00,1.69
1503.888,354,157,28,25,6422.374,0.01,-0.74,0.02,0.67,-10.05,0.37,-1.14,-0.14,0.60,0.00,28.06,-8.56,2.50
1503.91,354,156,28,25,6422.398,0.01,-0.75,0.02,0.66,-9.99,0.06,-1.32,-0.13,0.57,0.05,28.06,-8.56,2.50
1503.934,354,155,29,26,6422.419,0.01,-0.75,0.02,0.66,-10.13,0.12,-1.17,-0.07,0.50,0.04,28.06,-8.56,2.50
1503.951,354,155,29,26,6422.444,0.01,-0.75,0.02,0.66,-10.03,0.19,-1.26,-0.04,0.35,-0.00,28.06,-9.38,2.88
1503.972,354,156,28,25,6422.464,0.01,-0.76,0.02,0.65,-9.65,0.15,-1.56,-0.03,0.33,0.02,28.06,-9.38,2.88
1503.995,354,154,28,26,6422.489,0.01,-0.76,0.02,0.65,-9.77,-0.05,-2.03,-0.05,0.40,0.04,28.37,-8.19,2.50
1504.018,354,154,28,26,6422.511,0.01,-0.76,0.02,0.65,-9.59,0.63,-2.29,0.01,0.58,0.08,28.37,-8.19,2.50
1504.041,354,154,29,27,6422.534,0.00,-0.77,0.02,0.64,-9.55,0.60,-2.63,-0.00,0.83,0.23,28.00,-9.38,3.56
1504.062,355,154,28,24,6422.556,0.00,-0.77,0.02,0.63,-9.55,-0.21,-1.66,-0.06,1.05,0.28,28.00,-9.38,3.56
1504.084,355,154,28,24,6422.577,-0.00,-0.78,0.02,0.62,-9.75,-0.48,-0.77,-0.04,0.98,0.18,27.56,-8.56,4.69
1504.108,356,153,26,23,6422.601,-0.00,-0.78,0.02,0.62,-9.65,-0.16,-1.10,-0.02,0.69,-0.00,27.56,-8.56,4.69
1504.13,356,153,26,23,6422.624,-0.00,-0.79,0.02,0.62,-9.32,0.76,-2.39,-0.09,0.43,-0.11,27.56,-8.56,5.50
1504.152,358,153,25,23,6422.644,-0.00,-0.79,0.02,0.61,-9.43,0.80,-2.91,-0.12,0.50,-0.06,27.56,-8.56,5.50
1504.181,356,149,26,29,6422.667,-0.00,-0.80,0.02,0.61,-9.33,0.59,-3.01,-0.13,0.62,0.02,27.56,-8.56,5.50
1504.198,356,149,26,29,6422.689,-0.01,-0.80,0.02,0.60,-9.22,0.02,-2.67,-0.09,0.71,0.05,28.25,-8.19,4.69
1504.22,357,148,25,28,6422.714,-0.01,-0.80,0.02,0.59,-9.06,0.08,-2.67,-0.10,0.74,-0.04,28.25,-8.19,4.69
1504.241,355,152,28,23,6422.734,-0.01,-0.81,0.01,0.59,-9.22,0.22,-2.85,-0.06,0.75,-0.09,26.75,-8.19,6.25
1504.264,355,152,28,23,6422.757,-0.01,-0.81,0.01,0.58,-8.98,0.32,-2.89,-0.09,0.74,-0.08,26.75,-8.19,6.25
1504.286,355,150,28,25,6422.779,-0.01,-0.82,0.01,0.58,-8.81,0.45,-3.15,-0.13,0.75,-0.02,26.75,-8.56,7.50
1504.309,355,151,27,24,6422.802,-0.01,-0.82,0.01,0.57,-9.22,0.27,-3.43,-0.18,0.80,-0.02,26.75,-8.56,7.50
1504.337,353,151,31,26,6422.824,-0.01,-0.83,0.01,0.56,-9.21,0.19,-3.37,-0.15,0.68,-0.05,26.75,-7.88,8.69
1504.354,353,151,31,26,6422.847,-0.02,-0.83,0.00,0.56,-9.17,0.40,-4.11,-0.09,0.58,-0.04,26.75,-7.88,8.69
1504.376,356,151,25,27,6422.87,-0.02,-0.83,0.00,0.55,-9.12,0.41,-3.91,-0.10,0.56,-0.03,26.75,-7.88,8.69
1504.399,350,151,34,30,6422.892,-0.02,-0.84,0.00,0.55,-9.36,0.45,-3.81,-0.11,0.40,-0.03,26.19,-7.50,9.50
1504.421,350,151,34,30,6422.915,-0.02,-0.84,0.00,0.54,-9.46,0.42,-3.71,-0.10,0.23,-0.02,26.19,-7.50,9.50
1504.443,348,150,36,33,6422.935,-0.02,-0.84,-0.00,0.54,-9.46,0.42,-3.85,-0.06,0.06,-0.03,26.50,-7.88,9.06
1504.467,353,151,27,31,6422.96,-0.02,-0.84,-0.00,0.54,-9.41,0.40,-4.00,-0.07,-0.08,-0.05,26.50,-7.88,9.06
1504.491,353,151,27,31,6422.98,-0.02,-0.84,-0.00,0.54,-9.48,0.24,-3.72,-0.08,-0.23,-0.08,26.06,-6.75,11.00
1504.514,353,151,27,31,6423.003,-0.02,-0.84,-0.01,0.55,-9.57,0.53,-3.74,-0.00,-0.52,-0.07,26.06,-6.75,11.00
1504.533,351,154,31,28,6423.025,-0.02,-0.83,-0.01,0.56,-9.39,0.41,-3.57,0.04,-0.66,-0.11,26.19,-7.19,8.69
1504.556,351,154,31,28,6423.048,-0.02,-0.83,-0.01,0.56,-9.29,0.32,-3.55,0.02,-0.77,-0.13,26.19,-7.19,8.69
1504.581,347,152,34,30,6423.07,-0.02,-0.82,-0.01,0.57,-9.10,0.37,-3.90,0.01,-0.79,-0.13,26.37,-8.25,9.00
1504.608,351,153,26,27,6423.093,-0.02,-0.82,-0.01,0.57,-9.41,0.27,-3.65,0.02,-0.63,-0.08,26.37,-8.25,9.00
1504.628,351,153,26,27,6423.115,-0.02,-0.81,-0.01,0.58,-9.65,0.12,-2.72,0.05,-0.65,-0.03,26.37,-8.25,9.00
1504.656,347,152,32,28,6423.138,-0.02,-0.81,-0.01,0.59,-9.77,-0.13,-2.32,0.04,-0.82,0.03,26.37,-8.25,7.88
1504.677,348,152,30,25,6423.162,-0.02,-0.80,-0.01,0.59,-9.40,0.12,-3.00,-0.01,-1.09,-0.03,26.37,-8.25,7.88
1504.703,348,150,29,26,6423.183,-0.02,-0.80,-0.02,0.60,-9.31,0.51,-3.32,0.02,-1.01,-0.02,27.87,-8.00,6.69
1504.731,349,150,26,26,6423.207,-0.02,-0.79,-0.01,0.61,-9.55,0.22,-3.02,0.08,-0.88,0.10,27.87,-8.00,6.69
1504.747,349,150,26,26,6423.228,-0.03,-0.78,-0.01,0.62,-9.72,0.19,-1.88,0.12,-0.83,0.14,27.50,-9.06,5.50
1504.771,345,147,34,30,6423.25,-0.03,-0.78,-0.01,0.63,-9.55,-0.01,-2.03,0.11,-0.99,0.15,27.50,-9.06,5.50
1504.791,349,150,28,24,6423.273,-0.03,-0.77,-0.01,0.63,-9.69,0.49,-1.31,0.03,-1.10,0.14,27.87,-9.06,4.69
1504.812,349,150,28,24,6423.296,-0.03,-0.76,-0.01,0.65,-9.87,0.19,-1.48,0.01,-1.22,0.16,27.87,-9.06,4.69
1504.831,349,150,28,24,6423.318,-0.03,-0.76,-0.01,0.65,-9.71,0.35,-1.33,-0.03,-1.29,0.17,27.87,-9.06,4.69
1504.86,348,146,32,30,6423.341,-0.03,-0.75,-0.01,0.66,-9.70,0.34,-1.46,-0.09,-1.25,0.22,28.56,-9.50,2.38
1504.886,353,149,25,24,6423.363,-0.04,-0.74,-0.01,0.67,-9.73,0.70,-1.32,-0.03,-1.10,0.27,28.56,-9.50,2.38
1504.908,355,151,24,22,6423.386,-0.04,-0.73,-0.01,0.68,-9.54,1.29,-0.78,0.00,-0.98,0.30,29.06,-10.19,1.56
1504.925,355,151,24,22,6423.41,-0.04,-0.72,-0.00,0.69,-9.77,0.77,-0.54,-0.03,-0.88,0.34,29.06,-10.19,1.56
1504.959,355,151,26,24,6423.433,-0.05,-0.72,-0.00,0.69,-9.64,0.40,0.10,-0.09,-0.88,0.28,27.50,-10.56,-0.19
1504.995,359,149,23,27,6423.455,-0.05,-0.71,-0.00,0.70,-9.49,0.72,-0.07,-0.06,-0.85,0.23,27.50,-10.56,-0.19
1505.02,358,150,22,26,6423.476,-0.05,-0.70,0.00,0.71,-9.40,0.60,0.05,-0.05,-0.74,0.21,29.50,-11.25,-0.19
1505.045,356,148,28,31,6423.5,-0.05,-0.70,0.00,0.71,-9.66,0.66,0.00,-0.02,-0.61,0.19,29.50,-11.25,-0.19
1505.067,355,145,30,39,6423.523,-0.05,-0.70,0.00,0.72,-9.87,0.40,0.12,0.02,-0.52,0.10,27.87,-11.56,-1.75
1505.083,355,145,30,39,6423.543,-0.06,-0.69,0.00,0.72,-9.95,0.79,0.25,0.07,-0.54,0.04,27.87,-11.56,-1.75
1505.103,354,144,30,47,6423.566,-0.06,-0.69,0.00,0.72,-9.90,0.97,0.29,0.06,-0.53,0.06,27.87,-11.56,-1.75
1505.123,354,143,30,53,6423.59,-0.06,-0.68,0.01,0.73,-9.96,0.90,0.57,0.05,-0.52,0.10,27.87,-12.00,-2.19
1505.147,354,143,30,53,6423.613,-0.06,-0.68,0.01,0.73,-9.78,0.90,0.82,0.03,-0.55,0.13,27.87,-12.00,-2.19
1505.172,355,147,29,47,6423.635,-0.06,-0.67,0.01,0.74,-9.94,0.69,0.76,0.02,-0.54,0.09,27.87,-12.69,-2.19
1505.188,355,147,29,47,6423.658,-0.06,-0.67,0.01,0.74,-9.94,0.83,0.91,0.06,-0.56,0.04,27.87,-12.69,-2.19
1505.214,355,144,31,51,6423.681,-0.06,-0.67,0.01,0.74,-9.80,0.92,1.28,0.10,-0.65,0.05,28.56,-13.00,-3.75
1505.231,355,144,31,51,6423.703,-0.06,-0.66,0.01,0.75,-9.74,1.12,1.07,0.06,-0.64,0.07,28.56,-13.00,-3.75
1505.263,352,144,35,55,6423.726,-0.06,-0.66,0.01,0.75,-9.70,1.04,1.42,0.03,-0.58,0.09,28.19,-13.38,-4.19
1505.285,354,146,31,50,6423.748,-0.06,-0.65,0.01,0.76,-9.70,0.92,1.48,0.03,-0.57,0.08,28.19,-13.38,-4.19
1505.315,352,146,34,53,6423.771,-0.06,-0.65,0.02,0.76,-9.77,0.92,1.84,0.09,-0.62,0.04,26.69,-14.50,-5.38
1505.331,352,146,34,53,6423.793,-0.06,-0.64,0.02,0.77,-9.64,1.19,1.73,0.11,-0.66,0.05,26.69,-14.50,-5.38
1505.352,353,147,30,50,6423.816,-0.06,-0.64,0.02,0.77,-9.40,1.25,1.70,0.07,-0.61,0.09,26.69,-14.50,-5.38
1505.374,353,146,32,53,6423.838,-0.06,-0.63,0.02,0.77,-9.45,0.88,1.93,0.00,-0.51,0.12,26.69,-14.19,-4.50
1505.391,353,146,32,53,6423.863,-0.06,-0.63,0.02,0.78,-9.57,1.05,2.29,0.04,-0.42,0.08,26.69,-14.19,-4.50
1505.418,353,147,32,50,6423.883,-0.06,-0.62,0.02,0.78,-9.59,1.11,2.43,0.05,-0.46,0.07,26.69,-14.50,-6.19
1505.443,355,148,29,50,6423.908,-0.06,-0.62,0.02,0.78,-9.38,1.24,2.05,0.02,-0.49,0.06,26.69,-14.50,-6.19
1505.474,355,148,29,50,6423.93,-0.06,-0.62,0.02,0.78,-9.29,1.35,1.97,-0.01,-0.32,0.11,26.06,-13.38,-6.88
1505.499,351,148,35,53,6423.953,-0.06,-0.61,0.03,0.79,-9.39,1.05,2.48,0.00,-0.24,0.13,26.06,-13.38,-6.88
1505.519,352,144,32,54,6423.973,-0.06,-0.61,0.03,0.79,-9.74,1.08,2.53,0.00,-0.26,0.14,26.69,-15.69,-5.69
1505.541,351,149,35,52,6423.998,-0.06,-0.61,0.03,0.79,-10.02,0.72,2.45,0.03,-0.36,0.10,26.69,-15.69,-5.69
1505.558,351,149,35,52,6424.02,-0.06,-0.61,0.03,0.79,-9.71,0.72,2.62,0.15,-0.60,0.04,26.00,-16.00,-6.19
1505.592,355,151,29,49,6424.043,-0.06,-0.60,0.03,0.80,-9.39,1.68,2.29,0.11,-0.58,0.13,26.00,-16.00,-6.19
1505.615,355,151,29,48,6424.064,-0.06,-0.59,0.04,0.80,-9.48,1.49,2.85,0.05,-0.50,0.27,26.00,-16.00,-6.19
1505.639,355,151,29,48,6424.088,-0.06,-0.59,0.04,0.80,-9.57,1.45,3.20,0.01,-0.56,0.36,24.75,-16.00,-8.50
1505.665,353,149,32,50,6424.111,-0.07,-0.58,0.04,0.81,-9.50,1.03,3.80,0.13,-0.94,0.36,24.75,-16.00,-8.50
1505.689,357,155,29,44,6424.133,-0.07,-0.57,0.05,0.82,-8.82,1.29,3.39,0.26,-1.19,0.30,25.19,-16.75,-8.19
1505.714,360,164,24,31,6424.158,-0.07,-0.56,0.05,0.82,-8.88,1.81,3.51,0.24,-1.22,0.27,25.19,-16.75,-8.19
1505.736,360,167,26,30,6424.18,-0.07,-0.55,0.06,0.83,-9.17,2.10,3.32,0.19,-1.33,0.42,24.50,-15.69,-7.38
1505.752,360,167,26,30,6424.203,-0.07,-0.54,0.06,0.84,-8.96,1.79,4.55,0.25,-1.41,0.52,24.50,-15.69,-7.38
1505.773,363,171,25,29,6424.223,-0.07,-0.52,0.07,0.85,-8.43,2.11,5.39,0.24,-1.63,0.55,23.25,-16.87,-8.56
1505.797,363,171,25,29,6424.248,-0.07,-0.51,0.08,0.85,-8.04,2.54,5.00,0.02,-1.79,0.55,23.25,-16.87,-8.56
1505.818,362,178,26,22,6424.268,-0.07,-0.49,0.08,0.86,-7.98,1.81,4.02,-0.02,-1.49,0.47,21.69,-17.25,-11.25
1505.837,363,180,26,22,6424.291,-0.08,-0.48,0.08,0.87,-8.06,1.95,4.91,0.13,-1.26,0.36,21.69,-17.25,-11.25
1505.853,363,180,26,22,6424.313,-0.08,-0.47,0.09,0.88,-8.02,2.34,6.01,0.15,-1.26,0.31,21.69,-17.25,-11.25
1505.872,362,183,29,20,6424.338,-0.08,-0.45,0.09,0.88,-7.91,2.41,5.83,0.03,-1.38,0.28,20.19,-16.87,-11.69
1505.894,361,186,30,20,6424.36,-0.08,-0.44,0.09,0.89,-7.68,2.65,5.01,-0.03,-1.24,0.30,20.19,-16.87,-11.69
1505.91,361,186,30,20,6424.383,-0.08,-0.43,0.10,0.89,-7.47,2.29,5.79,0.02,-1.06,0.28,17.87,-16.19,-13.75
1505.927,361,186,30,20,6424.408,-0.08,-0.42,0.10,0.90,-7.68,2.12,6.90,0.10,-1.08,0.20,17.87,-16.19,-13.75
1505.953,361,187,31,22,6424.428,-0.08,-0.41,0.10,0.90,-7.35,2.23,7.25,0.11,-1.42,0.15,18.25,-14.69,-15.00
1505.97,361,187,31,22,6424.451,-0.08,-0.40,0.10,0.91,-6.56,2.56,5.36,-0.01,-1.29,0.15,18.25,-14.69,-15.00
1505.994,360,191,32,19,6424.473,-0.08,-0.38,0.11,0.91,-6.22,2.82,4.56,-0.07,-0.69,0.17,16.75,-15.06,-16.19
1506.015,359,193,33,19,6424.498,-0.08,-0.38,0.11,0.91,-6.39,2.41,5.36,-0.10,-0.04,0.15,16.75,-15.06,-16.19
1506.033,359,193,33,19,6424.52,-0.09,-0.38,0.11,0.91,-6.81,2.13,7.06,-0.05,0.13,0.04,16.00,-14.69,-16.87
1506.057,357,195,35,18,6424.543,-0.09,-0.38,0.11,0.91,-7.03,2.35,6.57,-0.03,0.10,0.02,16.00,-14.69,-16.87
1506.077,357,195,35,19,6424.563,-0.09,-0.38,0.10,0.91,-7.09,2.48,7.01,-0.03,0.06,0.02,16.00,-14.69,-16.87
1506.1,357,195,35,19,6424.588,-0.09,-0.38,0.10,0.91,-6.77,2.71,6.67,-0.07,0.00,0.03,16.00,-14.06,-17.25
1506.127,359,194,32,21,6424.61,-0.09,-0.38,0.10,0.91,-7.04,2.36,6.65,-0.06,0.15,0.04,16.00,-14.06,-17.25
1506.147,357,194,34,20,6424.635,-0.09,-0.39,0.10,0.91,-7.31,2.53,6.90,-0.02,0.08,0.01,16.25,-15.19,-16.87
1506.17,358,194,34,18,6424.657,-0.09,-0.39,0.10,0.91,-7.30,2.63,6.71,-0.02,-0.09,0.00,16.25,-15.19,-16.87
1506.191,358,194,34,18,6424.68,-0.09,-0.38,0.10,0.91,-6.90,2.63,6.57,-0.04,-0.11,0.02,16.00,-16.25,-17.25
1506.215,356,194,36,19,6424.702,-0.09,-0.38,0.10,0.91,-6.45,2.70,6.62,-0.06,-0.04,0.03,16.00,-16.25,-17.25
1506.235,357,193,35,20,6424.725,-0.09,-0.38,0.10,0.91,-6.27,2.66,6.60,-0.08,0.10,0.04,17.06,-14.50,-16.56
1506.264,357,193,35,20,6424.75,-0.09,-0.39,0.10,0.91,-6.37,2.50,6.36,-0.10,0.37,0.01,17.06,-14.50,-16.56
1506.281,357,193,35,20,6424.77,-0.09,-0.39,0.10,0.91,-6.80,2.00,5.75,-0.12,0.56,-0.08,16.25,-15.06,-17.69
1506.305,357,193,34,21,6424.795,-0.09,-0.40,0.10,0.91,-6.95,2.01,5.24,-0.04,0.86,-0.21,16.25,-15.06,-17.69
1506.328,357,193,34,19,6424.815,-0.09,-0.41,0.10,0.90,-7.21,2.44,5.75,0.06,1.23,-0.28,16.25,-15.06,-17.69
1506.35,355,191,36,18,6424.84,-0.09,-0.42,0.09,0.90,-7.46,2.84,6.78,-0.01,1.24,-0.21,16.69,-14.69,-17.69
1506.372,355,191,36,18,6424.86,-0.09,-0.43,0.09,0.89,-8.10,2.69,7.17,-0.14,0.92,-0.10,16.69,-14.69,-17.69
1506.395,356,188,34,21,6424.885,-0.09,-0.44,0.09,0.89,-7.96,1.99,6.67,-0.22,0.52,-0.08,18.19,-15.19,-15.69
1506.426,357,186,33,18,6424.907,-0.09,-0.44,0.09,0.89,-7.89,1.99,5.95,-0.17,0.27,-0.18,18.19,-15.19,-15.69
1506.444,358,182,31,22,6424.93,-0.08,-0.44,0.08,0.89,-7.39,2.25,5.37,-0.17,0.42,-0.20,19.69,-13.69,-14.19
1506.464,358,182,31,22,6424.952,-0.08,-0.45,0.08,0.88,-7.51,2.31,5.09,-0.20,0.63,-0.18,19.69,-13.69,-14.19
1506.486,357,181,32,22,6424.975,-0.08,-0.46,0.08,0.88,-7.71,2.35,5.03,-0.18,0.82,-0.14,19.25,-15.19,-13.38
1506.51,356,180,32,20,6424.999,-0.08,-0.46,0.08,0.88,-8.04,2.12,5.43,-0.10,0.87,-0.10,19.25,-15.19,-13.38
1506.531,356,180,32,20,6425.02,-0.08,-0.47,0.07,0.87,-7.84,1.89,5.34,-0.14,0.81,-0.12,19.69,-14.38,-13.00
1506.555,356,178,32,23,6425.044,-0.08,-0.48,0.07,0.87,-7.82,1.87,4.46,-0.13,0.87,-0.16,19.69,-14.38,-13.00
1506.584,356,175,31,22,6425.067,-0.08,-0.49,0.07,0.87,-8.03,2.02,4.29,-0.13,1.06,-0.18,19.69,-14.38,-13.00
1506.604,355,173,31,22,6425.09,-0.08,-0.50,0.07,0.86,-8.75,1.63,4.08,-0.07,1.27,-0.20,20.75,-15.88,-12.56
1506.622,355,173,31,22,6425.11,-0.08,-0.52,0.06,0.85,-8.97,1.71,4.69,0.02,1.21,-0.23,20.75,-15.88,-12.56
1506.646,355,173,31,22,6425.135,-0.07,-0.52,0.06,0.85,-8.89,1.69,4.34,0.05,1.05,-0.25,22.69,-15.06,-10.69
1506.669,355,171,30,22,6425.159,-0.07,-0.53,0.06,0.84,-8.68,1.64,3.80,0.01,1.08,-0.26,22.69,-15.06,-10.69
1506.691,355,168,29,24,6425.18,-0.07,-0.54,0.06,0.84,-8.99,1.84,3.63,-0.01,1.22,-0.20,23.75,-15.06,-10.00
1506.715,355,166,28,21,6425.204,-0.07,-0.56,0.06,0.83,-9.23,1.62,3.84,0.03,1.19,-0.13,23.75,-15.06,-10.00
1506.737,355,166,28,21,6425.225,-0.06,-0.56,0.06,0.82,-9.31,1.62,4.18,0.01,0.99,-0.09,23.06,-15.88,-7.56
1506.76,357,162,23,28,6425.249,-0.06,-0.57,0.06,0.82,-9.12,1.46,3.60,-0.03,0.74,-0.11,23.06,-15.88,-7.56
1506.782,355,157,27,34,6425.27,-0.06,-0.58,0.06,0.81,-9.00,1.34,2.87,-0.02,0.80,-0.16,24.25,-16.19,-8.00
1506.805,355,157,27,34,6425.294,-0.06,-0.59,0.06,0.81,-9.24,1.61,2.67,0.02,0.92,-0.16,24.25,-16.19,-8.00
1506.827,355,155,26,37,6425.315,-0.06,-0.59,0.06,0.80,-9.35,1.44,2.95,0.05,0.94,-0.14,24.25,-16.19,-8.00
1506.85,356,148,27,43,6425.339,-0.06,-0.60,0.06,0.80,-9.26,1.41,2.92,0.06,0.81,-0.12,24.56,-16.56,-6.38
1506.872,354,146,30,46,6425.36,-0.06,-0.61,0.05,0.79,-9.14,1.42,2.49,0.08,0.80,-0.10,24.56,-16.56,-6.38
1506.904,354,146,30,46,6425.384,-0.06,-0.62,0.05,0.78,-9.28,1.30,2.06,0.08,0.91,-0.09,25.00,-17.37,-6.00
1506.924,354,147,29,41,6425.407,-0.06,-0.62,0.05,0.78,-9.46,1.30,1.76,0.05,1.04,-0.14,25.00,-17.37,-6.00
1506.943,355,144,28,44,6425.43,-0.05,-0.63,0.05,0.77,-9.72,1.36,1.78,0.10,1.04,-0.16,25.37,-16.56,-6.50
1506.965,355,144,28,44,6425.454,-0.05,-0.64,0.05,0.76,-9.66,1.33,1.47,0.13,1.03,-0.14,25.37,-16.56,-6.50
1506.987,353,144,30,44,6425.475,-0.05,-0.65,0.05,0.76,-9.82,1.45,1.46,0.12,1.01,-0.14,26.00,-17.00,-5.25
1507.01,353,144,30,44,6425.499,-0.05,-0.66,0.05,0.75,-9.66,1.51,1.72,0.07,0.89,-0.09,26.00,-17.00,-5.25
1507.031,354,143,29,43,6425.52,-0.05,-0.67,0.05,0.74,-9.63,1.21,1.17,0.03,0.83,-0.09,27.00,-17.00,-4.50
1507.064,353,140,31,49,6425.542,-0.05,-0.67,0.05,0.74,-9.58,1.03,0.73,0.02,0.82,-0.11,27.00,-17.00,-4.50
1507.081,353,140,31,49,6425.565,-0.05,-0.68,0.05,0.73,-9.72,1.33,0.60,0.11,0.88,-0.15,27.00,-17.00,-4.50
1507.102,353,140,33,47,6425.587,-0.05,-0.68,0.05,0.73,-10.01,1.56,0.53,0.08,0.84,-0.13,26.50,-16.19,-3.00
1507.122,355,140,28,45,6425.61,-0.05,-0.69,0.05,0.72,-9.99,1.11,0.60,0.01,0.73,-0.11,26.50,-16.19,-3.00
1507.144,354,140,30,44,6425.632,-0.05,-0.70,0.04,0.71,-9.70,1.19,0.24,0.03,0.62,-0.16,26.06,-15.06,-3.00
1507.169,354,140,30,44,6425.657,-0.04,-0.70,0.04,0.71,-9.59,1.24,-0.14,0.05,0.60,-0.17,26.06,-15.06,-3.00
1507.193,354,139,30,46,6425.679,-0.04,-0.71,0.04,0.71,-9.91,1.23,-0.04,0.02,0.74,-0.12,27.19,-14.69,-2.25
1507.219,353,137,33,51,6425.7,-0.04,-0.71,0.04,0.70,-9.77,1.30,-0.18,0.01,0.73,-0.11,27.19,-14.69,-2.25
1507.236,353,137,33,51,6425.722,-0.04,-0.72,0.04,0.69,-9.93,1.24,-0.43,0.01,0.68,-0.09,26.37,-14.38,-1.06
1507.267,352,137,34,47,6425.747,-0.04,-0.72,0.04,0.69,-9.94,1.06,-0.47,-0.01,0.69,-0.10,26.37,-14.38,-1.06
1507.291,355,137,32,45,6425.767,-0.04,-0.73,0.04,0.68,-9.67,1.20,-0.61,0.02,0.65,-0.13,26.75,-13.19,-1.06
1507.316,354,137,33,45,6425.79,-0.04,-0.73,0.03,0.68,-9.57,1.26,-0.80,0.02,0.67,-0.09,26.75,-13.19,-1.06
1507.332,354,137,33,45,6425.812,-0.04,-0.74,0.03,0.67,-9.64,1.05,-0.77,-0.03,0.71,-0.04,26.75,-13.19,-1.06
1507.352,356,138,28,42,6425.835,-0.04,-0.74,0.03,0.67,-9.71,1.09,-1.08,-0.02,0.75,-0.03,27.37,-13.06,-0.25
1507.377,356,138,28,42,6425.858,-0.04,-0.75,0.03,0.66,-9.70,1.01,-1.19,-0.00,0.76,-0.02,27.37,-13.06,-0.25
1507.4,356,138,30,40,6425.882,-0.04,-0.75,0.03,0.65,-9.82,1.22,-1.48,0.05,0.71,-0.05,27.37,-12.75,0.06
1507.422,355,137,33,43,6425.907,-0.04,-0.76,0.03,0.65,-9.77,1.09,-1.53,0.07,0.70,-0.05,27.37,-12.75,0.06
1507.44,355,137,33,43,6425.927,-0.04,-0.76,0.03,0.64,-9.62,1.19,-1.49,0.07,0.66,-0.01,26.56,-12.75,0.88
1507.463,356,137,30,43,6425.95,-0.04,-0.77,0.03,0.64,-9.21,0.98,-1.67,-0.00,0.67,0.00,26.56,-12.75,0.88
1507.486,355,137,32,45,6425.972,-0.04,-0.77,0.03,0.63,-9.39,0.57,-1.72,-0.02,0.75,-0.01,26.56,-12.50,2.88
1507.508,355,137,32,45,6425.997,-0.04,-0.78,0.03,0.63,-9.58,0.81,-1.89,-0.01,0.80,-0.08,26.56,-12.50,2.88
1507.536,357,137,31,41,6426.017,-0.04,-0.78,0.03,0.62,-9.40,1.05,-1.93,0.05,0.75,-0.09,26.56,-11.00,3.69
1507.556,357,138,30,40,6426.04,-0.04,-0.79,0.02,0.61,-9.11,1.03,-2.95,0.00,0.84,0.01,26.56,-11.00,3.69
1507.574,356,140,33,35,6426.06,-0.04,-0.80,0.02,0.60,-9.68,0.96,-2.70,-0.02,1.03,0.04,26.56,-11.00,3.69
1507.597,356,140,33,35,6426.085,-0.05,-0.80,0.02,0.60,-9.66,0.99,-2.29,-0.02,1.06,-0.03,26.56,-11.69,4.88
1507.625,358,143,29,28,6426.107,-0.05,-0.81,0.02,0.59,-9.44,1.28,-2.57,0.00,0.83,-0.05,26.56,-11.69,4.88
1507.648,358,146,31,27,6426.13,-0.05,-0.81,0.02,0.58,-9.06,1.31,-3.08,-0.05,0.70,-0.01,25.50,-11.25,4.38
1507.674,361,145,25,29,6426.155,-0.05,-0.82,0.02,0.57,-9.20,0.92,-3.43,-0.15,0.73,0.00,25.50,-11.25,4.38
1507.697,361,145,25,29,6426.175,-0.05,-0.82,0.01,0.57,-9.15,0.70,-3.21,-0.10,0.78,-0.07,25.37,-10.56,6.50
1507.715,361,145,25,29,6426.198,-0.05,-0.83,0.01,0.56,-8.99,1.03,-3.69,0.04,0.75,-0.14,25.37,-10.56,6.50
1507.735,358,146,31,29,6426.22,-0.05,-0.83,0.01,0.55,-8.64,1.26,-3.91,0.07,0.80,-0.14,25.06,-10.19,7.25
1507.757,359,150,27,24,6426.245,-0.05,-0.84,0.01,0.55,-9.04,1.48,-4.22,-0.05,0.90,-0.07,25.06,-10.19,7.25
1507.779,359,150,27,24,6426.265,-0.05,-0.84,0.01,0.54,-9.38,1.01,-4.11,-0.23,0.86,0.04,24.69,-10.56,7.25
1507.801,357,149,28,27,6426.288,-0.06,-0.84,0.00,0.53,-8.79,1.02,-4.06,-0.20,0.71,0.05,24.69,-10.56,7.25
1507.823,358,149,27,31,6426.31,-0.06,-0.85,0.00,0.52,-8.24,1.20,-4.81,-0.20,0.69,0.09,24.69,-10.56,7.25
1507.847,358,149,27,31,6426.333,-0.06,-0.85,-0.00,0.52,-8.68,0.56,-4.56,-0.25,0.87,0.07,23.87,-10.19,8.06
1507.873,357,149,29,32,6426.357,-0.06,-0.86,-0.01,0.51,-8.97,0.75,-4.47,-0.10,0.80,-0.12,23.87,-10.19,8.06
1507.897,352,147,36,39,6426.378,-0.06,-0.86,-0.01,0.50,-9.05,1.26,-4.66,-0.05,0.62,-0.12,23.56,-10.56,9.69
1507.917,354,153,31,32,6426.402,-0.06,-0.87,-0.01,0.50,-9.34,0.89,-4.69,-0.06,0.43,-0.11,23.56,-10.56,9.69
1507.937,354,153,31,32,6426.423,-0.06,-0.87,-0.02,0.50,-9.30,1.20,-4.74,-0.03,0.16,-0.19,23.19,-9.88,10.50
1507.964,350,156,35,31,6426.447,-0.06,-0.87,-0.02,0.50,-8.47,1.24,-5.58,-0.07,-0.09,0.03,23.19,-9.88,10.50
1507.986,349,156,35,30,6426.468,-0.07,-0.87,-0.02,0.50,-8.29,0.51,-4.95,-0.11,0.02,0.08,23.87,-10.25,9.75
1508.007,349,156,35,32,6426.492,-0.07,-0.87,-0.02,0.49,-8.67,0.66,-4.89,-0.05,0.10,-0.03,23.87,-10.25,9.75
1508.028,349,156,35,32,6426.513,-0.07,-0.87,-0.02,0.49,-8.98,0.98,-4.70,0.02,0.05,-0.07,23.87,-10.25,9.75
1508.05,348,157,35,31,6426.537,-0.07,-0.87,-0.02,0.49,-8.96,1.10,-4.82,0.03,-0.17,-0.09,22.69,-10.25,10.50
1508.072,348,157,35,31,6426.558,-0.07,-0.86,-0.02,0.50,-8.73,1.17,-4.92,0.05,-0.32,-0.09,22.69,-10.25,10.50
1508.095,347,156,35,31,6426.58,-0.07,-0.86,-0.03,0.50,-8.42,1.17,-5.13,-0.02,-0.35,-0.05,23.06,-9.88,10.50
1508.119,347,156,35,31,6426.605,-0.07,-0.86,-0.03,0.50,-9.00,0.68,-4.42,-0.02,-0.27,-0.05,23.06,-9.88,10.50
1508.141,347,155,35,31,6426.628,-0.07,-0.86,-0.03,0.51,-9.38,0.61,-4.17,0.07,-0.46,-0.11,23.50,-10.69,8.88
1508.169,346,154,35,30,6426.65,-0.07,-0.86,-0.03,0.51,-9.63,0.30,-3.85,0.15,-0.73,-0.16,23.50,-10.69,8.88
1508.202,345,154,35,29,6426.673,-0.07,-0.85,-0.03,0.52,-8.79,1.23,-4.04,0.21,-1.07,-0.23,24.19,-9.88,9.75
1508.219,345,154,35,29,6426.695,-0.07,-0.84,-0.03,0.53,-8.19,1.55,-5.28,0.06,-1.13,-0.04,24.19,-9.88,9.75
1508.25,347,152,30,27,6426.718,-0.07,-0.84,-0.03,0.54,-8.93,0.57,-4.18,-0.05,-0.69,0.07,25.00,-9.88,9.00
1508.272,346,149,33,29,6426.74,-0.07,-0.83,-0.03,0.55,-9.98,0.22,-2.63,-0.01,-0.62,0.04,25.00,-9.88,9.00
1508.294,346,149,33,27,6426.763,-0.07,-0.83,-0.03,0.55,-10.01,0.13,-2.76,0.18,-1.01,-0.04,25.00,-9.88,9.00
1508.314,345,146,33,28,6426.785,-0.07,-0.82,-0.03,0.56,-9.21,0.96,-2.52,0.13,-1.64,-0.24,25.56,-9.56,7.00
1508.33,345,146,33,28,6426.808,-0.07,-0.81,-0.03,0.58,-9.06,1.66,-4.64,0.13,-1.62,-0.04,25.56,-9.56,7.00
1508.357,345,145,33,28,6426.83,-0.07,-0.80,-0.03,0.59,-9.52,1.11,-3.75,0.04,-1.21,0.20,25.00,-10.25,6.19
1508.373,345,145,33,28,6426.855,-0.07,-0.80,-0.03,0.60,-10.23,0.43,-1.61,0.27,-1.20,0.33,25.00,-10.25,6.19
1508.394,346,144,33,27,6426.877,-0.07,-0.79,-0.03,0.61,-9.82,-0.43,-0.65,0.12,-1.60,0.17,26.00,-10.69,4.25
1508.416,347,145,31,25,6426.9,-0.07,-0.77,-0.03,0.63,-8.63,1.57,-2.74,-0.13,-1.94,-0.16,26.00,-10.69,4.25
1508.436,347,145,31,25,6426.923,-0.08,-0.76,-0.03,0.64,-9.13,2.05,-3.99,-0.01,-1.79,-0.12,27.06,-13.19,1.88
1508.46,347,145,31,25,6426.945,-0.08,-0.75,-0.03,0.65,-9.50,1.19,-2.11,0.03,-0.83,0.30,27.06,-13.19,1.88
1508.481,348,143,30,25,6426.968,-0.08,-0.75,-0.03,0.66,-9.84,-0.20,-0.08,0.07,-0.84,0.33,27.06,-12.19,1.50
1508.505,349,143,30,25,6426.99,-0.08,-0.74,-0.02,0.67,-9.45,0.54,-0.86,0.08,-1.07,0.13,27.06,-12.19,1.50
1508.532,349,141,31,27,6427.013,-0.08,-0.73,-0.02,0.67,-9.51,1.12,-1.09,0.12,-1.03,0.03,27.06,-12.19,1.50
1508.55,349,141,31,27,6427.035,-0.08,-0.73,-0.02,0.68,-9.60,1.15,-0.28,0.10,-0.86,0.07,26.75,-12.56,0.00
1508.572,350,141,30,27,6427.058,-0.08,-0.72,-0.02,0.69,-9.74,1.03,-0.10,0.08,-0.91,0.10,26.75,-12.56,0.00
1508.594,349,142,32,25,6427.08,-0.08,-0.71,-0.02,0.70,-9.68,0.64,-0.11,0.05,-0.95,0.10,26.37,-13.56,-1.06
1508.619,349,142,32,25,6427.105,-0.08,-0.71,-0.02,0.70,-9.70,0.57,-0.03,0.05,-0.94,0.05,26.37,-13.56,-1.06
1508.641,352,142,28,25,6427.125,-0.09,-0.70,-0.02,0.71,-9.78,1.28,0.32,0.13,-0.97,0.03,26.37,-13.19,-2.25
1508.663,353,143,26,24,6427.148,-0.09,-0.69,-0.01,0.72,-9.80,1.45,0.31,0.09,-1.00,0.12,26.37,-13.19,-2.25
1508.688,354,144,22,29,6427.17,-0.09,-0.68,-0.01,0.72,-9.70,1.36,0.55,0.02,-0.98,0.24,26.37,-13.56,-3.50
1508.709,354,144,22,29,6427.195,-0.09,-0.68,-0.01,0.73,-9.50,1.04,0.70,0.01,-0.91,0.22,26.37,-13.56,-3.50
1508.731,351,139,30,38,6427.215,-0.09,-0.67,-0.01,0.74,-9.65,1.25,1.15,0.02,-0.85,0.15,26.37,-14.69,-4.56
1508.754,352,140,29,42,6427.238,-0.09,-0.66,-0.00,0.74,-10.00,1.06,1.50,0.07,-0.87,0.12,26.37,-14.69,-4.56
1508.775,352,140,29,42,6427.26,-0.09,-0.66,-0.00,0.75,-9.91,1.27,1.40,0.08,-0.98,0.11,26.37,-14.69,-4.56
1508.799,352,140,29,42,6427.285,-0.10,-0.65,-0.00,0.76,-9.62,1.16,1.59,0.03,-1.01,0.14,26.00,-15.06,-5.50
1508.822,351,139,33,48,6427.305,-0.10,-0.64,0.00,0.76,-9.37,1.21,1.73,0.00,-0.93,0.11,26.00,-15.06,-5.50
1508.856,352,141,31,49,6427.33,-0.10,-0.63,0.00,0.77,-9.33,1.14,1.73,-0.01,-0.79,0.13,25.25,-15.88,-5.75
1508.889,352,143,28,46,6427.355,-0.10,-0.63,0.01,0.77,-9.52,1.22,2.03,0.04,-0.65,0.16,25.25,-15.88,-5.75
1508.91,351,142,32,46,6427.375,-0.10,-0.62,0.01,0.78,-9.47,1.42,2.30,0.05,-0.63,0.23,24.19,-15.88,-7.00
1508.934,351,144,30,47,6427.398,-0.10,-0.61,0.01,0.78,-9.46,1.49,2.22,0.01,-0.64,0.26,24.19,-15.88,-7.00
1508.954,353,146,28,44,6427.42,-0.10,-0.61,0.01,0.79,-9.37,1.46,2.55,-0.00,-0.62,0.24,24.50,-16.56,-7.00
1508.97,353,146,28,44,6427.443,-0.10,-0.61,0.02,0.79,-9.47,1.60,2.52,0.03,-0.61,0.23,24.50,-16.56,-7.00
1508.994,353,148,30,40,6427.465,-0.11,-0.60,0.02,0.79,-9.45,1.58,3.06,0.05,-0.64,0.24,23.00,-18.06,-7.38
1509.022,356,148,28,43,6427.488,-0.11,-0.59,0.02,0.80,-9.22,1.48,2.72,0.02,-0.71,0.22,23.00,-18.06,-7.38
1509.038,356,148,28,43,6427.51,-0.11,-0.59,0.02,0.80,-9.25,1.34,2.91,0.03,-0.70,0.18,23.00,-18.06,-7.38
1509.06,357,148,25,42,6427.533,-0.11,-0.58,0.03,0.80,-9.23,1.61,3.04,0.06,-0.63,0.12,23.00,-18.06,-8.69
1509.08,356,148,29,44,6427.555,-0.11,-0.58,0.03,0.81,-9.04,1.73,3.36,0.05,-0.59,0.14,23.00,-18.06,-8.69
1509.099,356,148,29,44,6427.578,-0.11,-0.57,0.03,0.81,-9.13,1.46,3.56,0.01,-0.58,0.13,22.56,-17.69,-9.88
1509.121,357,150,27,43,6427.602,-0.11,-0.57,0.03,0.82,-8.99,1.34,3.70,0.03,-0.64,0.10,22.56,-17.69,-9.88
1509.14,357,150,27,43,6427.625,-0.11,-0.56,0.03,0.82,-9.00,1.67,3.43,0.06,-0.62,0.03,22.19,-17.37,-9.88
1509.162,357,150,27,43,6427.648,-0.11,-0.55,0.03,0.82,-9.34,1.87,4.21,0.10,-0.62,0.06,22.19,-17.37,-9.88
1509.189,357,152,25,43,6427.668,-0.11,-0.55,0.04,0.83,-9.07,2.20,4.48,0.13,-0.84,0.14,21.87,-17.69,-11.06
1509.209,356,149,29,46,6427.693,-0.11,-0.54,0.04,0.83,-8.67,2.02,3.40,0.07,-0.99,0.22,21.87,-17.69,-11.06
1509.23,357,150,29,46,6427.715,-0.11,-0.53,0.04,0.84,-8.93,1.98,4.46,0.03,-0.81,0.17,21.06,-18.50,-11.06
1509.253,357,150,29,46,6427.738,-0.11,-0.52,0.04,0.84,-8.66,2.19,4.60,0.06,-0.88,0.13,21.06,-18.50,-11.06
1509.275,355,166,28,24,6427.758,-0.11,-0.52,0.05,0.85,-8.29,1.84,4.34,-0.02,-0.94,0.14,21.06,-18.50,-11.06
1509.299,357,168,26,23,6427.783,-0.11,-0.51,0.05,0.85,-8.27,1.67,4.47,-0.05,-0.80,0.09,20.00,-18.50,-11.38
1509.321,357,168,26,23,6427.805,-0.11,-0.50,0.05,0.86,-8.45,2.16,5.50,0.01,-0.85,0.07,20.00,-18.50,-11.38
1509.348,356,171,27,21,6427.828,-0.11,-0.49,0.05,0.86,-7.74,2.44,4.91,-0.07,-0.97,0.09,19.19,-18.50,-11.75
1509.373,358,172,25,20,6427.852,-0.11,-0.48,0.05,0.87,-8.08,2.11,5.21,-0.06,-0.85,0.11,19.19,-18.50,-11.75
1509.394,355,173,28,22,6427.875,-0.11,-0.48,0.05,0.87,-8.52,1.81,6.81,0.11,-1.05,0.05,17.56,-17.37,-12.69
1509.416,354,176,30,20,6427.897,-0.11,-0.46,0.06,0.88,-8.03,2.54,5.51,0.17,-1.56,0.05,17.56,-17.37,-12.69
1509.435,354,176,30,20,6427.92,-0.11,-0.45,0.06,0.88,-6.70,2.26,4.02,-0.18,-1.44,0.17,17.25,-16.69,-13.50
1509.459,353,178,30,21,6427.942,-0.12,-0.44,0.06,0.89,-7.20,1.90,4.62,-0.17,-0.55,0.20,17.25,-16.69,-13.50
1509.481,353,178,30,21,6427.965,-0.12,-0.44,0.06,0.89,-7.22,1.56,6.62,-0.11,-0.51,0.14,16.87,-16.00,-14.69
1509.509,353,181,31,19,6427.987,-0.12,-0.43,0.06,0.89,-6.62,1.79,6.03,-0.10,-0.52,0.01,16.87,-16.00,-14.69
1509.526,353,181,31,19,6428.01,-0.12,-0.43,0.06,0.90,-6.73,1.96,5.67,-0.07,-0.27,-0.03,16.87,-16.00,-14.69
1509.55,352,182,32,19,6428.033,-0.12,-0.43,0.06,0.90,-7.36,2.16,6.11,-0.04,0.18,0.10,15.38,-14.75,-14.69
1509.572,351,184,32,19,6428.055,-0.12,-0.43,0.06,0.89,-7.50,1.71,6.29,-0.07,0.23,0.15,15.38,-14.75,-14.69
1509.595,353,183,31,20,6428.08,-0.12,-0.43,0.06,0.89,-7.74,1.73,6.11,-0.08,0.31,0.09,16.37,-15.19,-14.75
1509.62,353,183,31,20,6428.104,-0.12,-0.43,0.06,0.89,-7.95,1.99,6.25,-0.04,0.32,0.04,16.37,-15.19,-14.75
1509.642,352,183,33,18,6428.127,-0.12,-0.44,0.06,0.89,-7.70,2.11,6.10,-0.02,0.25,0.06,16.37,-14.75,-15.19
1509.669,352,183,33,19,6428.149,-0.13,-0.44,0.06,0.89,-7.41,2.16,5.93,-0.05,0.27,0.07,16.37,-14.75,-15.19
1509.688,352,183,33,19,6428.172,-0.13,-0.44,0.06,0.89,-7.29,2.06,5.97,-0.08,0.38,0.08,16.75,-14.75,-14.75
1509.711,352,182,32,20,6428.194,-0.13,-0.45,0.05,0.88,-8.41,1.94,6.29,-0.03,0.39,0.02,16.75,-14.75,-14.75
1509.733,355,181,29,21,6428.217,-0.13,-0.45,0.05,0.88,-7.88,2.17,6.26,-0.03,0.10,-0.04,16.37,-15.19,-13.56
1509.757,357,180,27,20,6428.241,-0.13,-0.45,0.05,0.88,-7.23,2.32,5.24,-0.06,0.07,-0.02,16.37,-15.19,-13.56
1509.779,357,180,27,20,6428.262,-0.13,-0.45,0.05,0.88,-7.21,1.92,5.68,-0.09,0.32,0.03,17.37,-15.19,-12.75
1509.802,354,179,30,20,6428.284,-0.13,-0.45,0.05,0.88,-8.33,1.84,5.66,-0.05,0.53,0.00,17.37,-15.19,-12.75
1509.835,354,179,30,19,6428.307,-0.13,-0.46,0.05,0.88,-8.11,1.88,5.85,-0.02,0.38,-0.07,17.37,-15.19,-12.75
1509.856,353,179,33,19,6428.332,-0.13,-0.46,0.05,0.88,-7.50,1.92,5.24,-0.02,0.33,-0.12,17.37,-15.50,-13.19
1509.873,353,179,33,19,6428.354,-0.13,-0.47,0.05,0.87,-7.27,1.77,4.46,-0.08,0.86,-0.12,17.37,-15.50,-13.19
1509.893,355,176,30,21,6428.377,-0.12,-0.48,0.05,0.87,-7.96,1.90,4.09,-0.08,1.41,-0.13,17.75,-15.06,-12.75
1509.917,355,176,30,21,6428.401,-0.12,-0.49,0.04,0.86,-9.10,1.97,4.45,0.05,1.62,-0.08,17.75,-15.06,-12.75
1509.939,356,175,28,21,6428.422,-0.12,-0.51,0.04,0.85,-9.10,2.06,5.21,0.14,1.44,-0.06,17.75,-14.69,-12.75
1509.962,358,170,25,22,6428.444,-0.12,-0.52,0.04,0.85,-8.43,1.99,5.14,0.03,1.09,-0.11,17.75,-14.69,-12.75
1509.986,358,170,25,22,6428.467,-0.12,-0.53,0.04,0.84,-8.75,1.92,3.99,-0.05,1.08,-0.13,19.69,-16.19,-10.88
1510.02,356,169,28,20,6428.491,-0.12,-0.54,0.04,0.83,-8.87,2.16,3.75,-0.11,1.17,-0.15,19.69,-16.19,-10.88
1510.045,360,165,22,24,6428.514,-0.12,-0.55,0.04,0.83,-9.33,1.90,4.11,-0.04,0.98,-0.14,20.06,-17.00,-8.88
1510.07,356,163,28,20,6428.536,-0.11,-0.56,0.03,0.82,-8.97,1.88,3.45,0.01,0.76,-0.15,20.06,-17.00,-8.88
1510.095,358,160,24,26,6428.557,-0.11,-0.56,0.03,0.82,-8.70,1.80,2.68,-0.01,0.80,-0.18,20.06,-17.00,-8.88
1510.113,358,160,24,26,6428.581,-0.11,-0.57,0.03,0.81,-8.87,1.59,2.66,-0.02,1.05,-0.22,21.19,-17.69,-8.88
1510.142,358,157,23,29,6428.604,-0.11,-0.58,0.03,0.81,-9.43,1.72,3.35,0.10,1.24,-0.24,21.19,-17.69,-8.88
1510.166,358,150,25,36,6428.626,-0.10,-0.59,0.03,0.80,-9.40,1.58,3.23,0.06,1.06,-0.21,21.56,-17.69,-8.88
1510.188,354,144,30,43,6428.651,-0.10,-0.60,0.03,0.79,-9.40,1.75,2.87,0.05,0.86,-0.18,21.56,-17.69,-8.88
1510.217,354,144,30,43,6428.674,-0.10,-0.61,0.02,0.79,-9.30,1.52,2.21,-0.01,0.83,-0.05,22.25,-18.06,-6.88
1510.234,354,146,29,40,6428.696,-0.10,-0.62,0.02,0.78,-9.32,1.22,2.24,0.01,0.88,-0.03,22.25,-18.06,-6.88
1510.251,354,146,29,40,6428.717,-0.10,-0.62,0.02,0.78,-9.43,1.33,2.10,0.06,0.89,-0.07,23.75,-17.69,-6.56
1510.27,356,144,27,43,6428.741,-0.10,-0.63,0.02,0.77,-9.26,1.41,1.85,0.06,0.91,-0.08,23.75,-17.69,-6.56
1510.293,356,144,27,43,6428.764,-0.10,-0.64,0.02,0.76,-9.63,1.83,1.64,0.09,0.99,-0.04,23.37,-18.06,-7.00
1510.317,356,143,29,42,6428.786,-0.10,-0.65,0.02,0.75,-9.73,1.70,1.70,0.05,1.02,0.01,23.37,-18.06,-7.00
1510.341,355,140,29,44,6428.807,-0.10,-0.65,0.02,0.75,-9.84,1.33,1.82,0.03,0.91,0.03,23.37,-18.06,-7.00
1510.362,354,138,33,47,6428.831,-0.10,-0.66,0.02,0.74,-9.79,1.42,1.21,0.05,0.77,-0.01,23.25,-18.50,-5.50
1510.379,354,138,33,47,6428.854,-0.10,-0.67,0.02,0.74,-9.46,1.39,0.76,0.06,0.77,-0.08,23.25,-18.50,-5.50
1510.399,356,138,29,46,6428.876,-0.10,-0.67,0.02,0.73,-9.52,1.54,0.94,0.07,0.88,-0.08,25.06,-17.69,-4.69
1510.418,356,138,29,46,6428.901,-0.10,-0.68,0.02,0.73,-9.55,1.70,0.91,0.02,0.90,-0.08,25.06,-17.69,-4.69
1510.44,355,138,30,43,6428.923,-0.10,-0.69,0.01,0.72,-9.80,1.63,0.68,0.01,0.84,-0.06,24.50,-18.06,-4.69
1510.469,356,137,28,42,6428.946,-0.10,-0.69,0.01,0.71,-9.82,1.55,0.61,0.00,0.68,-0.06,24.50,-18.06,-4.69
1510.485,356,137,28,42,6428.966,-0.10,-0.70,0.01,0.71,-9.60,1.57,-0.08,0.02,0.58,-0.08,24.69,-17.00,-3.19
1510.509,355,133,32,50,6428.991,-0.09,-0.70,0.01,0.70,-9.55,1.47,-0.25,0.01,0.66,-0.10,24.69,-17.00,-3.19
1510.532,355,134,32,47,6429.014,-0.09,-0.71,0.01,0.70,-9.89,1.26,-0.05,0.01,0.80,-0.13,24.37,-16.19,-2.50
1510.553,355,135,31,40,6429.034,-0.09,-0.72,0.01,0.69,-9.95,1.34,-0.13,0.05,0.74,-0.15,24.37,-16.19,-2.50
1510.58,355,135,31,40,6429.057,-0.09,-0.72,0.01,0.69,-9.65,1.51,-0.17,0.02,0.63,-0.14,24.37,-16.19,-2.50
1510.598,355,135,31,40,6429.079,-0.09,-0.72,0.00,0.68,-9.53,1.48,-0.62,-0.02,0.66,-0.06,25.25,-16.19,-1.56
1510.627,355,134,31,40,6429.104,-0.09,-0.73,0.00,0.68,-9.62,1.26,-0.69,-0.06,0.79,-0.02,25.25,-16.19,-1.56
1510.652,355,135,30,38,6429.124,-0.09,-0.74,0.00,0.67,-9.50,1.22,-0.74,-0.04,0.82,-0.01,24.87,-15.88,-2.00
1510.675,358,137,26,33,6429.147,-0.09,-0.74,-0.00,0.66,-9.70,1.08,-0.87,-0.01,0.87,-0.03,24.87,-15.88,-2.00
1510.696,356,139,28,26,6429.169,-0.09,-0.75,-0.00,0.66,-9.57,1.43,-1.07,0.02,0.85,-0.07,26.06,-15.06,-1.56
1510.712,356,139,28,26,6429.192,-0.09,-0.75,-0.01,0.65,-9.61,1.44,-1.58,-0.01,0.90,-0.04,26.06,-15.06,-1.56
1510.733,356,139,30,24,6429.214,-0.09,-0.76,-0.01,0.64,-9.51,1.37,-1.56,-0.05,0.95,-0.02,24.75,-14.38,1.06
1510.756,356,139,30,24,6429.237,-0.09,-0.77,-0.01,0.63,-9.60,1.31,-1.83,0.01,0.96,-0.00,24.75,-14.38,1.06
1510.786,355,138,32,25,6429.259,-0.09,-0.77,-0.01,0.63,-9.72,1.50,-2.21,0.05,0.98,-0.01,24.75,-14.38,1.06
1510.809,355,138,32,26,6429.282,-0.09,-0.78,-0.01,0.62,-9.39,1.24,-2.30,0.05,1.06,0.05,25.19,-15.06,1.06
1510.831,353,139,34,25,6429.304,-0.09,-0.79,-0.01,0.61,-9.51,1.15,-1.77,0.03,1.09,0.04,25.19,-15.06,1.06
1510.848,353,139,34,25,6429.327,-0.10,-0.79,-0.01,0.60,-9.24,1.26,-1.95,-0.01,0.97,-0.02,25.56,-14.00,2.25
1510.875,354,138,34,26,6429.351,-0.10,-0.80,-0.02,0.59,-9.05,1.57,-2.72,-0.08,0.93,0.01,25.56,-14.00,2.25
1510.895,354,138,32,28,6429.372,-0.10,-0.80,-0.02,0.59,-9.22,1.17,-2.67,-0.11,0.96,-0.00,24.50,-14.00,3.88
1510.914,354,138,32,28,6429.396,-0.10,-0.81,-0.02,0.58,-9.47,1.07,-2.95,-0.05,0.87,-0.07,24.50,-14.00,3.88
1510.943,354,140,32,28,6429.417,-0.10,-0.82,-0.02,0.57,-9.20,1.53,-3.31,-0.02,0.76,-0.11,24.50,-12.88,5.00
1510.96,354,140,32,28,6429.442,-0.10,-0.82,-0.02,0.56,-8.76,1.55,-3.61,-0.12,0.81,-0.01,24.50,-12.88,5.00
1510.981,354,140,32,28,6429.462,-0.10,-0.82,-0.03,0.56,-9.06,1.29,-3.56,-0.14,0.89,-0.02,23.37,-12.56,6.56
1511.004,354,142,30,28,6429.485,-0.10,-0.83,-0.03,0.55,-8.92,1.30,-3.67,-0.12,0.89,-0.04,23.37,-12.56,6.56
1511.026,354,142,30,28,6429.507,-0.10,-0.84,-0.03,0.54,-8.82,1.17,-3.91,-0.09,0.89,-0.03,23.37,-12.56,6.56
1511.049,355,145,29,26,6429.532,-0.10,-0.84,-0.03,0.53,-8.68,1.12,-3.98,-0.05,0.95,-0.07,24.50,-12.88,6.56
1511.072,354,147,27,25,6429.552,-0.10,-0.85,-0.04,0.52,-8.95,1.29,-4.44,-0.01,0.97,-0.07,24.50,-12.88,6.56
1511.094,354,147,27,25,6429.575,-0.10,-0.85,-0.04,0.51,-8.71,1.71,-3.87,0.00,0.92,-0.11,22.69,-11.06,8.50
1511.119,349,146,35,32,6429.599,-0.10,-0.86,-0.04,0.51,-8.81,1.81,-4.54,-0.07,0.74,-0.00,22.69,-11.06,8.50
1511.141,348,149,35,31,6429.622,-0.10,-0.86,-0.04,0.50,-8.80,1.12,-5.03,-0.12,0.78,0.07,22.25,-12.19,8.88
1511.163,350,153,31,26,6429.644,-0.10,-0.86,-0.04,0.49,-8.76,1.25,-4.67,-0.10,0.73,0.02,22.25,-12.19,8.88
1511.185,350,153,31,26,6429.667,-0.10,-0.87,-0.04,0.49,-8.56,1.38,-4.95,-0.10,0.62,0.03,21.87,-11.75,10.50
1511.209,347,154,34,31,6429.689,-0.10,-0.87,-0.04,0.48,-8.27,1.34,-5.45,-0.11,0.66,0.07,21.87,-11.75,10.50
1511.231,345,157,36,31,6429.712,-0.10,-0.87,-0.04,0.47,-8.86,1.29,-4.90,-0.04,0.60,-0.08,21.19,-11.38,11.00
1511.256,345,157,36,31,6429.734,-0.10,-0.88,-0.05,0.47,-8.79,1.72,-5.26,-0.00,0.37,-0.10,21.19,-11.38,11.00
1511.276,344,158,36,32,6429.757,-0.10,-0.88,-0.05,0.47,-8.53,1.60,-5.43,-0.02,0.22,-0.06,21.19,-11.38,11.00
1511.3,344,158,36,32,6429.782,-0.10,-0.88,-0.05,0.47,-8.56,1.35,-5.52,-0.04,0.10,-0.07,21.25,-10.69,11.75
1511.322,343,159,36,32,6429.802,-0.10,-0.88,-0.05,0.46,-8.33,1.38,-5.41,-0.08,0.03,-0.05,21.25,-10.69,11.75
1511.345,343,161,36,31,6429.825,-0.10,-0.88,-0.05,0.46,-8.64,1.00,-5.23,-0.05,-0.02,-0.04,20.50,-11.06,12.19
1511.369,342,161,36,33,6429.849,-0.10,-0.88,-0.05,0.47,-8.53,1.26,-5.10,0.02,-0.16,-0.08,20.50,-11.06,12.19
1511.391,342,161,36,33,6429.872,-0.10,-0.88,-0.05,0.47,-8.23,1.63,-5.67,0.00,-0.30,-0.03,20.50,-10.69,11.00
1511.418,341,160,36,33,6429.894,-0.10,-0.87,-0.05,0.47,-8.28,1.23,-5.54,-0.04,-0.24,0.03,20.50,-10.69,11.00
1511.439,341,160,36,32,6429.917,-0.10,-0.87,-0.05,0.47,-8.33,1.15,-5.00,0.00,-0.25,-0.01,20.50,-11.06,12.19
1511.459,341,160,36,32,6429.939,-0.10,-0.87,-0.05,0.48,-8.51,1.34,-5.20,0.06,-0.34,-0.10,20.50,-11.06,12.19
1511.481,342,158,35,32,6429.962,-0.10,-0.87,-0.05,0.48,-8.57,1.29,-4.92,0.06,-0.41,-0.10,20.50,-10.25,10.56
1511.504,341,158,36,30,6429.984,-0.10,-0.87,-0.05,0.48,-8.69,1.16,-5.01,0.09,-0.50,-0.07,20.50,-10.25,10.56
1511.526,341,158,36,30,6430.007,-0.10,-0.86,-0.05,0.49,-8.52,1.16,-5.00,0.14,-0.58,-0.09,20.50,-10.25,10.56
1511.549,340,157,36,31,6430.029,-0.10,-0.86,-0.05,0.49,-8.76,1.18,-4.89,0.14,-0.64,-0.08,22.00,-11.06,10.56
1511.582,341,155,35,31,6430.052,-0.10,-0.86,-0.05,0.50,-9.14,0.91,-4.54,0.16,-0.79,-0.02,22.00,-11.06,10.56
1511.603,341,153,36,30,6430.074,-0.10,-0.85,-0.05,0.51,-9.07,0.57,-4.37,0.16,-0.94,-0.02,22.75,-11.06,11.00
1511.626,341,150,36,33,6430.099,-0.10,-0.85,-0.05,0.52,-8.75,1.36,-4.23,0.19,-1.09,-0.07,22.75,-11.06,11.00
1511.643,341,150,36,33,6430.119,-0.10,-0.84,-0.05,0.53,-8.73,1.49,-4.35,0.14,-1.07,0.05,22.37,-11.06,9.50
1511.662,341,150,36,33,6430.142,-0.10,-0.84,-0.04,0.54,-9.32,0.78,-3.85,0.16,-1.01,0.13,22.37,-11.06,9.50
1511.684,342,146,37,34,6430.164,-0.09,-0.83,-0.04,0.55,-9.51,0.58,-3.10,0.20,-1.06,0.09,23.06,-11.06,8.56
1511.708,346,148,32,27,6430.189,-0.09,-0.82,-0.04,0.56,-9.32,0.77,-2.62,0.18,-1.33,-0.03,23.06,-11.06,8.56
1511.731,346,148,32,27,6430.21,-0.09,-0.81,-0.04,0.57,-9.19,1.22,-3.21,0.02,-1.55,-0.15,23.50,-11.06,6.69
1511.754,346,144,34,30,6430.232,-0.09,-0.80,-0.04,0.59,-9.45,0.99,-3.24,0.06,-1.43,-0.14,23.50,-11.06,6.69
1511.779,348,145,32,27,6430.255,-0.09,-0.79,-0.04,0.60,-10.01,1.02,-2.04,0.10,-1.43,-0.15,23.50,-11.06,6.69
1511.798,348,141,34,30,6430.277,-0.09,-0.78,-0.04,0.61,-10.24,0.94,-1.41,0.08,-1.65,-0.18,24.87,-11.75,4.69
1511.821,348,141,34,30,6430.302,-0.09,-0.77,-0.04,0.63,-8.67,2.29,-3.15,-0.03,-1.86,-0.13,24.87,-11.75,4.69
1511.844,351,142,30,26,6430.324,-0.09,-0.76,-0.04,0.64,-8.88,1.44,-3.04,-0.13,-1.35,0.03,25.69,-12.19,3.56
1511.868,352,141,30,26,6430.349,-0.10,-0.75,-0.04,0.65,-9.44,1.05,-1.64,-0.01,-0.90,0.17,25.69,-12.19,3.56
1511.89,352,141,30,26,6430.369,-0.10,-0.75,-0.04,0.66,-10.13,0.56,0.04,0.02,-1.14,0.03,26.06,-13.19,0.88
1511.912,353,140,30,26,6430.392,-0.10,-0.73,-0.04,0.67,-9.87,0.47,0.30,-0.04,-1.54,-0.21,26.06,-13.19,0.88
1511.934,355,141,27,24,6430.414,-0.10,-0.72,-0.04,0.68,-9.43,0.80,-0.43,-0.08,-1.75,-0.41,26.06,-13.00,0.06
1511.959,355,141,27,24,6430.439,-0.10,-0.71,-0.04,0.69,-9.27,2.58,-2.31,0.09,-1.49,-0.19,26.06,-13.00,0.06
1511.98,353,141,30,25,6430.459,-0.10,-0.71,-0.04,0.70,-9.97,1.13,0.28,-0.04,-0.81,0.27,26.06,-13.00,-1.37
1512.003,352,140,31,28,6430.482,-0.10,-0.70,-0.03,0.71,-9.99,0.45,1.14,-0.04,-0.94,0.28,26.06,-13.00,-1.37
1512.025,352,140,31,28,6430.504,-0.10,-0.69,-0.03,0.72,-9.63,0.55,0.92,-0.18,-1.20,0.09,26.06,-13.00,-1.37
1512.058,354,144,28,25,6430.529,-0.10,-0.68,-0.03,0.72,-9.36,0.16,0.77,-0.15,-1.22,-0.11,26.37,-13.00,-2.88
1512.094,355,143,27,27,6430.552,-0.10,-0.67,-0.03,0.73,-9.85,1.78,0.51,0.05,-1.11,-0.17,26.37,-13.00,-2.88
1512.119,355,142,27,32,6430.574,-0.10,-0.66,-0.03,0.74,-9.76,1.63,0.97,-0.10,-1.02,-0.01,26.06,-14.06,-4.75
1512.141,353,141,27,42,6430.599,-0.11,-0.65,-0.03,0.75,-9.89,0.76,1.71,-0.24,-0.99,0.05,26.06,-14.06,-4.75
1512.158,353,141,27,42,6430.621,-0.11,-0.65,-0.03,0.75,-9.56,-0.22,1.83,-0.33,-1.12,-0.23,25.69,-14.06,-5.69
1512.182,350,140,32,48,6430.644,-0.11,-0.63,-0.04,0.77,-9.53,0.33,1.60,-0.05,-1.11,-0.36,25.69,-14.06,-5.69
1512.212,349,141,32,46,6430.664,-0.11,-0.63,-0.04,0.77,-9.53,1.98,1.42,0.06,-0.99,-0.21,25.25,-14.50,-6.75
1512.229,349,141,32,46,6430.689,-0.11,-0.62,-0.04,0.78,-9.21,1.87,1.69,-0.10,-0.77,0.29,25.25,-14.50,-6.75
1512.27,349,144,29,47,6430.711,-0.11,-0.61,-0.04,0.78,-9.41,0.26,2.64,-0.17,-0.73,0.32,24.87,-14.06,-8.38
1512.294,349,146,30,43,6430.734,-0.11,-0.61,-0.03,0.79,-9.47,0.08,2.73,-0.11,-0.77,0.13,24.87,-14.06,-8.38
1512.317,350,148,28,40,6430.754,-0.11,-0.60,-0.03,0.79,-9.33,0.99,2.78,0.03,-0.80,-0.03,24.87,-14.06,-8.38
1512.34,351,149,27,42,6430.779,-0.11,-0.59,-0.03,0.80,-9.27,2.00,2.36,0.09,-0.69,0.16,24.25,-14.75,-8.00
1512.365,351,150,27,38,6430.801,-0.11,-0.59,-0.03,0.80,-9.33,0.95,2.87,0.05,-0.57,0.32,24.25,-14.75,-8.00
1512.381,351,150,27,38,6430.824,-0.12,-0.58,-0.02,0.80,-9.41,0.39,3.46,0.00,-0.58,0.24,23.87,-14.75,-9.56
1512.398,351,150,27,38,6430.849,-0.12,-0.58,-0.02,0.81,-9.27,0.26,3.44,0.08,-0.70,0.03,23.87,-14.75,-9.56
1512.419,352,148,28,43,6430.871,-0.12,-0.57,-0.02,0.81,-9.14,1.09,3.42,0.09,-0.68,-0.07,23.87,-15.19,-9.19
1512.44,351,148,27,45,6430.894,-0.11,-0.56,-0.02,0.82,-9.06,1.50,3.41,0.07,-0.67,-0.02,23.87,-15.19,-9.19
1512.456,351,148,27,45,6430.914,-0.11,-0.56,-0.02,0.82,-9.01,1.17,3.68,-0.01,-0.62,0.09,22.69,-14.69,-10.00
1512.474,351,154,26,39,6430.939,-0.12,-0.56,-0.01,0.82,-9.12,0.65,3.69,0.05,-0.59,0.09,22.69,-14.69,-10.00
1512.493,351,154,26,39,6430.961,-0.12,-0.55,-0.01,0.83,-9.24,1.13,4.01,0.13,-0.66,0.07,22.25,-15.88,-10.75
1512.514,352,159,25,30,6430.984,-0.11,-0.54,-0.01,0.83,-9.08,1.03,4.20,0.09,-0.74,0.05,22.25,-15.88,-10.75
1512.549,351,161,26,31,6431.006,-0.11,-0.54,-0.01,0.84,-8.60,1.35,4.46,0.05,-0.82,0.03,22.25,-15.88,-10.75
1512.566,351,161,26,31,6431.029,-0.11,-0.53,-0.01,0.84,-8.53,1.26,3.41,0.01,-0.57,0.14,21.19,-14.69,-10.75
1512.587,354,165,21,22,6431.051,-0.12,-0.52,-0.00,0.84,-8.59,1.00,4.22,0.05,-0.39,0.15,21.19,-14.69,-10.75
1512.609,351,166,24,24,6431.074,-0.11,-0.52,-0.00,0.85,-8.76,1.21,4.80,0.05,-0.45,0.11,21.50,-14.69,-12.00
1512.63,350,167,26,25,6431.098,-0.12,-0.52,0.00,0.85,-8.36,1.48,4.31,0.02,-0.45,0.14,21.50,-14.69,-12.00
1512.65,350,167,26,25,6431.121,-0.11,-0.51,0.00,0.85,-8.70,1.31,4.41,0.00,-0.33,0.16,20.37,-15.06,-11.19
1512.68,348,168,28,24,6431.143,-0.12,-0.51,0.00,0.85,-9.18,1.30,5.03,0.07,-0.47,0.14,20.37,-15.06,-11.19
1512.706,349,171,28,22,6431.164,-0.11,-0.50,0.01,0.86,-8.29,1.10,5.04,0.08,-0.71,0.16,20.69,-14.00,-11.56
1512.723,349,171,28,22,6431.188,-0.12,-0.50,0.01,0.86,-8.13,1.08,4.79,0.08,-0.65,0.10,20.69,-14.00,-11.56
1512.748,350,172,27,20,6431.211,-0.12,-0.49,0.01,0.86,-8.87,1.26,5.42,0.10,-0.75,0.01,20.69,-14.69,-13.19
1512.77,350,172,27,20,6431.234,-0.11,-0.48,0.02,0.87,-8.08,2.03,6.08,0.18,-1.04,0.06,20.69,-14.69,-13.19
1512.802,349,174,28,20,6431.256,-0.11,-0.47,0.02,0.87,-8.19,1.37,4.79,0.02,-1.11,0.15,20.69,-14.69,-13.19
1512.822,348,176,30,20,6431.279,-0.12,-0.47,0.02,0.88,-7.54,1.26,4.98,-0.05,-0.60,0.14,18.75,-14.00,-13.56
1512.845,346,179,32,19,6431.301,-0.12,-0.46,0.02,0.88,-7.56,1.29,5.58,-0.02,-0.43,0.08,18.75,-14.00,-13.56
1512.884,346,179,32,19,6431.324,-0.12,-0.46,0.02,0.88,-7.64,1.11,5.71,0.00,-0.29,0.02,17.25,-14.00,-14.38
1512.909,346,181,32,19,6431.348,-0.12,-0.46,0.02,0.88,-7.87,1.39,5.73,0.02,-0.06,0.02,17.25,-14.00,-14.38
1512.935,348,180,30,21,6431.371,-0.12,-0.45,0.02,0.88,-8.10,1.34,5.82,-0.03,0.02,0.07,18.06,-14.06,-14.75
1512.955,346,181,33,19,6431.393,-0.12,-0.46,0.02,0.88,-8.29,1.23,5.74,-0.04,0.03,0.06,18.06,-14.06,-14.75
1512.977,347,180,31,20,6431.416,-0.12,-0.46,0.02,0.88,-7.89,1.37,5.75,-0.03,0.06,0.07,16.56,-13.69,-14.38
1512.995,347,180,31,20,6431.438,-0.12,-0.46,0.02,0.88,-7.81,1.38,5.58,-0.03,0.23,0.12,16.56,-13.69,-14.38
1513.026,345,181,34,19,6431.461,-0.12,-0.46,0.02,0.88,-8.22,1.33,5.70,-0.05,0.25,0.09,17.69,-13.69,-14.75
1513.048,347,180,32,20,6431.483,-0.12,-0.46,0.02,0.88,-8.30,1.29,5.70,-0.03,0.18,0.02,17.69,-13.69,-14.75
1513.068,349,179,30,19,6431.506,-0.12,-0.46,0.02,0.88,-7.83,1.44,5.45,-0.00,0.17,-0.01,17.25,-13.69,-14.38
1513.084,349,179,30,19,6431.528,-0.12,-0.46,0.02,0.88,-7.59,1.52,5.18,-0.05,0.39,0.06,17.25,-13.69,-14.38
1513.1,349,179,30,19,6431.551,-0.12,-0.47,0.02,0.87,-7.67,1.40,5.06,-0.06,0.60,0.11,17.25,-13.69,-14.38
1513.12,349,179,30,19,6431.574,-0.12,-0.48,0.02,0.87,-8.29,1.28,5.24,-0.01,0.73,0.11,18.37,-13.00,-13.19
1513.139,349,176,31,21,6431.598,-0.12,-0.48,0.02,0.87,-8.44,1.45,5.46,0.03,0.54,0.02,18.37,-13.00,-13.19
1513.158,349,176,31,21,6431.619,-0.12,-0.49,0.02,0.87,-8.00,1.67,4.82,0.01,0.56,0.02,19.19,-14.50,-12.75
1513.183,347,176,34,19,6431.641,-0.12,-0.49,0.02,0.86,-7.73,1.25,4.50,-0.01,0.83,0.04,19.19,-14.50,-12.75
1513.2,347,176,34,19,6431.664,-0.12,-0.50,0.02,0.86,-8.11,1.23,4.68,-0.01,1.12,0.02,19.56,-14.75,-13.56
1513.222,350,174,31,20,6431.688,-0.12,-0.51,0.02,0.85,-9.36,1.37,4.95,0.10,0.85,-0.03,19.56,-14.75,-13.56
1513.245,352,172,29,21,6431.709,-0.12,-0.52,0.02,0.85,-8.92,1.87,4.53,0.09,0.56,0.02,19.87,-15.19,-11.25
1513.261,352,172,29,21,6431.733,-0.12,-0.53,0.02,0.84,-8.25,1.59,4.01,0.05,0.64,0.07,19.87,-15.19,-11.25
1513.284,354,168,24,24,6431.754,-0.12,-0.53,0.02,0.84,-7.87,1.39,4.01,0.02,1.00,0.08,19.87,-15.19,-11.25
1513.304,354,167,27,25,6431.778,-0.12,-0.54,0.02,0.83,-8.99,1.65,3.46,-0.02,1.36,0.03,19.87,-16.69,-11.69
1513.322,354,167,27,25,6431.799,-0.12,-0.56,0.02,0.82,-9.51,1.49,3.94,0.13,1.23,-0.05,19.87,-16.69,-11.69
1513.353,357,164,22,26,6431.823,-0.11,-0.57,0.02,0.82,-9.21,1.97,3.80,0.16,1.04,-0.10,21.75,-16.25,-10.19
1513.37,357,164,22,26,6431.846,-0.11,-0.57,0.02,0.81,-8.73,1.82,3.12,0.08,1.14,-0.00,21.75,-16.25,-10.19
1513.391,356,162,24,27,6431.868,-0.11,-0.58,0.02,0.80,-9.12,1.82,2.71,0.05,1.39,0.04,21.75,-16.56,-7.75
1513.415,357,157,25,32,6431.891,-0.11,-0.60,0.02,0.79,-9.55,1.72,2.74,0.04,1.44,0.03,21.75,-16.56,-7.75
1513.438,354,148,30,42,6431.913,-0.11,-0.61,0.02,0.78,-9.75,1.47,2.75,0.09,1.25,-0.05,21.06,-17.69,-7.38
1513.46,354,148,30,42,6431.936,-0.11,-0.62,0.02,0.78,-9.64,1.26,2.03,0.22,1.12,-0.18,21.06,-17.69,-7.38
1513.482,354,148,30,42,6431.959,-0.11,-0.63,0.02,0.77,-9.64,1.62,1.90,0.28,1.13,-0.23,22.19,-18.06,-7.00
1513.511,354,148,28,39,6431.981,-0.10,-0.64,0.02,0.76,-9.81,1.99,2.05,0.23,1.13,-0.21,22.19,-18.06,-7.00
1513.535,355,145,29,43,6432.004,-0.10,-0.65,0.02,0.75,-9.75,1.54,2.52,0.06,1.02,-0.09,22.19,-18.06,-7.00
1513.559,355,143,28,42,6432.026,-0.10,-0.65,0.02,0.75,-9.41,1.33,1.74,-0.01,0.72,-0.00,24.37,-17.69,-5.88
1513.578,354,144,28,41,6432.049,-0.10,-0.66,0.01,0.75,-9.61,1.03,1.06,-0.04,0.76,-0.03,24.37,-17.69,-5.88
1513.596,354,144,28,41,6432.073,-0.10,-0.67,0.01,0.74,-9.75,1.14,1.01,0.00,0.84,-0.13,23.56,-18.06,-5.50
1513.619,354,142,29,46,6432.096,-0.10,-0.67,0.01,0.73,-9.79,1.65,0.70,0.10,0.88,-0.15,23.56,-18.06,-5.50
1513.641,354,139,30,49,6432.118,-0.10,-0.68,0.01,0.73,-9.67,1.56,0.84,0.10,0.93,-0.06,24.00,-18.50,-5.00
1513.664,354,139,30,49,6432.141,-0.09,-0.69,0.01,0.72,-9.67,1.50,0.49,0.03,0.93,-0.05,24.00,-18.50,-5.00
1513.685,352,140,32,45,6432.161,-0.09,-0.70,0.01,0.71,-9.77,1.19,0.25,-0.01,0.91,-0.04,25.37,-17.37,-3.06
1513.709,355,139,28,47,6432.186,-0.09,-0.70,0.01,0.71,-9.85,1.40,0.32,0.07,0.87,-0.05,25.37,-17.37,-3.06
1513.731,355,139,28,47,6432.208,-0.09,-0.71,0.01,0.70,-9.75,1.87,-0.41,0.12,0.75,-0.01,24.19,-17.00,-2.75
1513.754,353,138,31,46,6432.231,-0.09,-0.71,0.01,0.69,-9.77,1.99,-0.86,0.08,0.76,0.04,24.19,-17.00,-2.75
1513.775,352,136,35,46,6432.251,-0.09,-0.72,0.01,0.69,-9.77,1.36,-0.51,0.06,0.89,0.09,24.19,-17.00,-2.75
1513.799,352,136,35,46,6432.276,-0.09,-0.73,0.01,0.68,-9.89,1.10,-0.24,0.11,0.97,0.06,24.50,-15.38,-2.00
1513.827,355,136,30,45,6432.299,-0.09,-0.73,0.01,0.67,-9.79,1.48,-0.33,0.19,0.85,-0.07,24.50,-15.38,-2.00
1513.844,355,136,30,45,6432.319,-0.09,-0.74,0.01,0.67,-9.53,1.37,-0.64,0.15,0.75,-0.05,24.87,-15.38,-1.25
1513.868,354,136,30,44,6432.344,-0.09,-0.75,0.01,0.66,-9.54,1.40,-0.93,0.08,0.75,-0.02,24.87,-15.38,-1.25
1513.889,356,137,28,39,6432.366,-0.09,-0.75,0.00,0.65,-9.88,1.09,-1.11,0.00,0.80,-0.07,24.37,-15.38,-0.88
1513.912,357,136,29,39,6432.389,-0.09,-0.76,0.00,0.65,-9.56,1.41,-1.37,0.04,0.78,-0.08,24.37,-15.38,-0.88
1513.933,357,136,29,39,6432.409,-0.09,-0.76,0.00,0.64,-9.58,1.35,-1.69,0.09,0.79,-0.02,24.75,-14.56,1.50
1513.957,356,137,28,37,6432.434,-0.09,-0.77,-0.00,0.63,-9.67,1.38,-1.86,0.07,0.83,-0.03,24.75,-14.56,1.50
1513.984,357,138,26,33,6432.456,-0.09,-0.77,-0.00,0.63,-9.70,1.27,-1.88,0.14,0.82,-0.06,25.19,-14.56,1.50
1514.002,357,138,26,33,6432.479,-0.09,-0.78,-0.00,0.62,-9.59,1.43,-2.05,0.11,0.78,-0.09,25.19,-14.56,1.50
1514.024,356,140,30,27,6432.499,-0.08,-0.78,-0.00,0.61,-9.43,1.26,-2.44,0.14,0.71,-0.04,25.19,-14.56,1.50
1514.048,355,139,33,29,6432.524,-0.08,-0.79,-0.00,0.61,-9.50,1.06,-2.26,0.13,0.77,-0.02,24.37,-14.56,2.69
1514.071,355,139,33,29,6432.546,-0.08,-0.79,-0.00,0.60,-9.41,1.25,-2.29,0.13,0.76,-0.09,24.37,-14.56,2.69
1514.093,356,140,31,27,6432.569,-0.08,-0.80,-0.00,0.59,-9.12,1.29,-2.79,0.14,0.72,-0.09,24.75,-12.75,3.50
1514.116,356,140,31,26,6432.593,-0.08,-0.80,-0.00,0.59,-9.11,1.21,-3.02,0.14,0.82,-0.06,24.75,-12.75,3.50
1514.143,355,140,33,27,6432.614,-0.08,-0.81,-0.00,0.58,-9.21,0.96,-2.66,0.13,0.95,-0.07,24.25,-12.06,4.69
1514.161,355,140,33,27,6432.636,-0.07,-0.81,-0.00,0.57,-9.10,1.28,-2.91,0.17,0.87,-0.13,24.25,-12.06,4.69
1514.183,355,140,33,27,6432.659,-0.07,-0.82,-0.00,0.57,-9.18,1.26,-3.12,0.13,0.81,-0.15,24.00,-11.69,6.19
1514.207,354,140,33,29,6432.684,-0.07,-0.83,-0.01,0.56,-8.99,1.66,-3.56,0.09,0.76,-0.19,24.00,-11.69,6.19
1514.229,354,140,33,29,6432.704,-0.07,-0.83,-0.01,0.55,-8.87,1.45,-3.80,0.02,0.73,-0.12,23.75,-11.25,6.56
1514.251,354,141,32,29,6432.727,-0.07,-0.83,-0.01,0.55,-8.90,0.91,-3.88,-0.05,0.83,-0.08,23.75,-11.25,6.56
1514.273,354,141,32,29,6432.749,-0.07,-0.84,-0.01,0.54,-8.74,0.69,-4.13,0.02,0.86,-0.11,23.75,-11.25,6.56
1514.302,355,143,29,27,6432.774,-0.07,-0.85,-0.01,0.53,-8.50,1.03,-3.90,0.10,0.95,-0.17,23.00,-10.19,7.75
1514.33,353,144,30,26,6432.796,-0.07,-0.85,-0.02,0.52,-8.85,1.38,-4.04,0.07,0.94,-0.16,23.00,-10.19,7.75
1514.35,350,143,34,32,6432.819,-0.06,-0.86,-0.02,0.51,-8.42,0.97,-4.64,-0.09,0.88,-0.05,23.00,-10.19,9.06
1514.368,350,143,34,32,6432.843,-0.07,-0.86,-0.02,0.50,-8.65,0.63,-4.76,-0.12,0.92,-0.01,23.00,-10.19,9.06
1514.39,348,146,36,31,6432.866,-0.07,-0.87,-0.02,0.50,-8.76,0.93,-4.48,-0.04,0.81,-0.10,22.25,-9.75,11.75
1514.412,347,148,36,31,6432.888,-0.07,-0.87,-0.02,0.49,-8.35,1.11,-5.21,-0.06,0.71,-0.08,22.25,-9.75,11.75
1514.434,347,148,36,31,6432.909,-0.07,-0.87,-0.02,0.48,-8.00,1.15,-5.25,-0.09,0.75,-0.05,22.25,-9.06,11.75
1514.461,348,149,33,32,6432.933,-0.07,-0.88,-0.03,0.47,-8.38,0.68,-5.40,-0.14,0.83,0.04,22.25,-9.06,11.75
1514.484,348,154,30,27,6432.956,-0.07,-0.88,-0.03,0.47,-8.19,1.04,-5.11,-0.10,0.85,0.03,22.56,-9.75,13.38
1514.504,345,156,36,31,6432.978,-0.07,-0.88,-0.03,0.46,-8.16,0.78,-5.59,-0.10,0.76,0.06,22.56,-9.75,13.38
1514.524,345,156,36,31,6432.999,-0.07,-0.89,-0.03,0.45,-7.76,0.92,-5.96,-0.08,0.75,0.07,22.56,-9.75,13.38
1514.548,345,156,36,31,6433.024,-0.07,-0.89,-0.03,0.44,-7.84,0.90,-6.19,-0.06,0.83,0.06,20.87,-10.25,13.00
1514.572,345,157,35,32,6433.046,-0.07,-0.90,-0.03,0.44,-8.10,1.06,-5.73,0.04,0.88,-0.03,20.87,-10.25,13.00
1514.594,346,160,35,32,6433.069,-0.07,-0.90,-0.03,0.43,-8.17,1.38,-6.03,0.03,0.72,-0.03,20.87,-9.88,14.06
1514.625,344,162,36,35,6433.091,-0.07,-0.90,-0.03,0.42,-7.51,1.43,-6.20,-0.06,0.58,0.03,20.87,-9.88,14.06
1514.652,344,162,36,35,6433.114,-0.07,-0.91,-0.03,0.42,-7.36,0.85,-6.62,-0.11,0.53,0.14,19.69,-10.25,14.56
1514.675,345,166,35,33,6433.136,-0.07,-0.91,-0.03,0.41,-8.19,0.92,-5.97,0.04,0.59,0.01,19.69,-10.25,14.56
1514.697,345,167,37,36,6433.159,-0.07,-0.91,-0.03,0.41,-8.06,1.49,-6.10,0.08,0.31,-0.08,18.56,-10.25,15.25
1514.716,344,170,37,35,6433.181,-0.07,-0.91,-0.03,0.40,-7.94,1.40,-6.75,0.02,0.01,-0.06,18.56,-10.25,15.25
1514.733,344,170,37,35,6433.204,-0.07,-0.91,-0.03,0.41,-7.67,1.31,-6.71,-0.05,-0.14,-0.04,18.56,-9.56,14.56
1514.755,343,171,39,35,6433.226,-0.07,-0.91,-0.03,0.41,-7.80,1.01,-6.60,-0.05,-0.25,-0.01,18.56,-9.56,14.56
1514.789,342,171,39,35,6433.249,-0.07,-0.91,-0.03,0.41,-7.69,1.13,-6.26,-0.00,-0.33,-0.04,18.56,-9.56,14.56
1514.82,342,171,39,35,6433.271,-0.07,-0.91,-0.03,0.41,-7.49,1.25,-6.56,0.03,-0.38,-0.02,19.00,-9.19,15.75
1514.844,343,170,37,35,6433.294,-0.07,-0.91,-0.03,0.42,-7.62,0.82,-6.16,-0.02,-0.31,0.04,19.00,-9.19,15.75
1514.867,342,169,38,33,6433.316,-0.07,-0.90,-0.03,0.42,-7.78,0.50,-5.74,0.00,-0.35,-0.03,17.87,-8.06,14.06
1514.887,344,168,35,33,6433.339,-0.07,-0.90,-0.03,0.43,-7.69,1.27,-6.02,0.05,-0.45,-0.12,17.87,-8.06,14.06
1514.904,344,168,35,33,6433.361,-0.07,-0.90,-0.03,0.43,-7.62,1.29,-6.41,0.05,-0.47,-0.06,19.00,-9.88,15.75
1514.936,343,165,37,34,6433.384,-0.07,-0.90,-0.03,0.43,-7.99,0.98,-6.25,0.06,-0.36,-0.04,19.00,-9.88,15.75
1514.967,344,164,35,33,6433.406,-0.07,-0.90,-0.03,0.44,-8.51,0.52,-5.12,0.09,-0.53,-0.09,19.37,-9.19,14.19
1514.983,344,164,35,33,6433.429,-0.07,-0.89,-0.03,0.45,-8.68,0.14,-4.50,-0.01,-0.89,-0.19,19.37,-9.19,14.19
1515.005,343,162,35,32,6433.452,-0.07,-0.89,-0.03,0.46,-7.90,1.76,-6.05,0.03,-1.29,-0.26,19.37,-9.19,14.19
1515.026,342,161,36,31,6433.474,-0.07,-0.88,-0.03,0.47,-8.09,1.68,-7.12,0.04,-0.94,0.08,19.69,-8.38,13.88
1515.049,344,158,35,30,6433.497,-0.07,-0.88,-0.03,0.47,-8.90,0.39,-4.21,-0.03,-0.75,0.14,19.69,-8.38,13.88
1515.073,344,158,35,30,6433.519,-0.07,-0.87,-0.03,0.48,-9.35,0.14,-3.56,0.03,-1.00,0.04,20.87,-9.19,12.69
1515.102,344,156,35,31,6433.544,-0.07,-0.87,-0.03,0.50,-8.82,0.32,-3.18,-0.04,-1.77,-0.25,20.87,-9.19,12.69
1515.147,345,152,34,30,6433.566,-0.07,-0.86,-0.03,0.51,-8.13,2.28,-6.78,0.02,-1.82,-0.16,21.56,-9.19,12.25
1515.167,347,151,32,29,6433.589,-0.07,-0.85,-0.03,0.53,-8.50,1.56,-5.99,-0.08,-1.16,0.12,21.56,-9.19,12.25
1515.186,347,149,34,29,6433.611,-0.07,-0.84,-0.03,0.54,-9.58,0.58,-2.61,-0.04,-0.76,0.25,22.69,-9.56,10.25
1515.206,349,148,32,27,6433.634,-0.07,-0.84,-0.02,0.54,-9.62,-0.69,-2.26,0.14,-1.32,0.19,22.69,-9.56,10.25
1515.221,349,148,32,27,6433.656,-0.07,-0.83,-0.02,0.55,-8.26,2.05,-4.46,-0.15,-1.77,-0.19,23.87,-10.25,8.69
1515.238,349,148,32,27,6433.679,-0.07,-0.82,-0.02,0.57,-8.80,2.13,-5.23,0.04,-1.58,-0.15,23.87,-10.25,8.69
1515.266,348,143,35,32,6433.701,-0.07,-0.81,-0.02,0.58,-9.53,1.55,-3.32,-0.03,-1.05,0.06,23.87,-10.25,8.69
1515.296,347,143,36,30,6433.724,-0.07,-0.80,-0.02,0.59,-9.64,0.86,-2.02,-0.10,-0.98,0.22,24.19,-11.75,8.38
1515.313,347,143,36,30,6433.746,-0.08,-0.79,-0.02,0.60,-9.71,-0.51,-0.73,-0.14,-1.33,0.03,24.19,-11.75,8.38
1515.337,350,145,32,26,6433.769,-0.08,-0.78,-0.02,0.61,-8.82,1.58,-2.61,-0.16,-1.66,-0.30,24.50,-12.19,6.00
1515.356,348,144,34,29,6433.794,-0.08,-0.78,-0.02,0.63,-8.92,2.15,-3.68,0.01,-1.26,-0.10,24.50,-12.19,6.00
1515.373,348,144,34,29,6433.816,-0.08,-0.77,-0.02,0.64,-10.09,1.44,-1.08,0.06,-1.02,0.17,25.69,-12.19,4.38
1515.391,350,144,31,26,6433.839,-0.08,-0.76,-0.02,0.65,-9.82,0.17,-0.63,-0.09,-1.19,0.27,25.69,-12.19,4.38
1515.407,350,144,31,26,6433.861,-0.08,-0.75,-0.02,0.66,-9.77,-0.32,-0.62,-0.12,-1.39,0.12,26.00,-13.19,2.56
1515.43,352,147,29,23,6433.884,-0.08,-0.74,-0.02,0.67,-9.69,0.55,-0.62,-0.09,-1.55,-0.29,26.00,-13.19,2.56
1515.457,350,146,30,26,6433.906,-0.08,-0.73,-0.02,0.68,-9.62,2.66,-1.81,0.07,-1.52,-0.16,25.69,-14.00,0.56
1515.473,350,146,30,26,6433.929,-0.08,-0.72,-0.02,0.69,-9.74,2.13,-1.47,0.05,-1.17,0.25,25.69,-14.00,0.56
1515.497,349,146,32,29,6433.951,-0.08,-0.71,-0.01,0.70,-9.73,0.66,0.24,-0.02,-0.88,0.44,25.69,-14.00,0.56
1515.523,354,145,25,34,6433.974,-0.09,-0.71,-0.01,0.70,-9.76,0.28,1.09,-0.13,-0.97,0.23,27.19,-13.56,-0.50
1515.558,353,147,26,34,6433.996,-0.09,-0.69,-0.01,0.71,-9.73,1.19,0.81,-0.09,-1.14,-0.04,27.19,-13.56,-0.50
1515.583,350,144,31,42,6434.021,-0.09,-0.69,-0.01,0.72,-9.59,1.96,0.60,0.09,-1.26,-0.09,24.87,-15.50,-0.50
1515.606,350,144,31,42,6434.043,-0.09,-0.68,-0.01,0.73,-9.88,1.65,0.08,0.02,-1.13,0.20,24.87,-15.50,-0.50
1515.631,349,144,31,50,6434.066,-0.09,-0.67,-0.00,0.74,-9.87,0.64,0.80,-0.08,-0.87,0.27,26.37,-15.50,-2.88
1515.647,349,144,31,50,6434.091,-0.09,-0.66,-0.00,0.74,-9.88,0.35,1.68,-0.05,-0.75,0.21,26.37,-15.50,-2.88
1515.667,349,145,31,52,6434.113,-0.09,-0.66,-0.00,0.75,-10.02,0.50,2.35,0.03,-0.96,-0.06,25.87,-15.50,-2.75
1515.693,349,145,31,51,6434.136,-0.09,-0.65,-0.00,0.76,-10.02,1.94,0.85,0.13,-1.14,-0.07,25.87,-15.50,-2.75
1515.709,349,145,31,51,6434.158,-0.09,-0.64,0.00,0.77,-9.84,1.78,1.19,0.10,-1.02,0.10,25.19,-15.88,-2.75
1515.73,350,147,29,51,6434.181,-0.09,-0.63,0.01,0.77,-9.52,1.24,1.98,0.08,-0.87,0.27,25.19,-15.88,-2.75
1515.752,351,149,29,48,6434.203,-0.10,-0.62,0.01,0.78,-9.59,1.02,2.59,-0.03,-0.86,0.21,24.25,-16.19,-4.38
1515.776,351,149,29,48,6434.226,-0.10,-0.62,0.01,0.78,-9.27,1.05,2.69,-0.04,-0.93,0.13,24.25,-16.19,-4.38
1515.797,347,150,34,51,6434.248,-0.10,-0.61,0.01,0.79,-8.97,1.80,2.23,-0.03,-0.95,0.07,24.25,-16.19,-4.38
1515.819,350,152,29,46,6434.273,-0.10,-0.60,0.01,0.79,-9.22,2.07,2.39,0.01,-0.79,0.18,23.69,-16.19,-5.56
1515.836,350,152,29,46,6434.295,-0.10,-0.60,0.02,0.80,-9.40,1.44,3.18,-0.06,-0.61,0.35,23.69,-16.19,-5.56
1515.856,352,162,24,33,6434.318,-0.10,-0.59,0.02,0.80,-9.31,0.68,3.39,-0.01,-0.72,0.29,22.87,-16.56,-6.00
1515.875,353,162,25,35,6434.342,-0.10,-0.58,0.02,0.81,-9.24,1.38,3.23,0.06,-0.78,0.10,22.87,-16.56,-6.00
1515.891,353,162,25,35,6434.363,-0.10,-0.58,0.03,0.81,-9.24,1.91,3.28,0.06,-0.77,0.06,22.19,-17.00,-6.50
1515.944,353,164,24,33,6434.385,-0.10,-0.57,0.03,0.82,-9.32,1.38,3.64,0.01,-0.80,0.10,22.19,-17.00,-6.50
1515.995,352,165,26,34,6434.408,-0.10,-0.56,0.03,0.82,-8.86,2.13,3.49,0.09,-0.87,0.11,22.50,-16.19,-8.00
1516.012,352,165,26,34,6434.433,-0.10,-0.55,0.03,0.83,-8.98,1.66,3.66,0.15,-0.83,0.21,22.50,-16.19,-8.00
1516.088,352,169,27,27,6434.453,-0.10,-0.55,0.04,0.83,-8.59,1.75,4.63,0.11,-0.90,0.24,20.87,-16.19,-8.38
1516.111,354,172,24,25,6434.476,-0.10,-0.54,0.04,0.84,-8.53,1.26,3.88,0.04,-0.98,0.22,20.87,-16.19,-8.38
1516.168,352,177,28,22,6434.498,-0.10,-0.53,0.04,0.84,-8.71,1.27,4.37,-0.02,-0.87,0.07,20.87,-16.19,-8.38
1516.198,352,179,29,20,6434.523,-0.10,-0.52,0.05,0.85,-8.26,2.50,5.30,0.03,-0.91,-0.02,20.19,-15.06,-8.75
1516.226,354,179,26,22,6434.545,-0.10,-0.51,0.05,0.85,-7.71,1.98,3.51,-0.11,-0.82,0.17,20.19,-15.06,-8.75
1516.26,354,179,27,22,6434.568,-0.10,-0.51,0.05,0.86,-8.00,1.54,4.33,-0.04,-0.40,0.22,19.37,-15.19,-9.69
1516.302,352,180,31,21,6434.592,-0.10,-0.50,0.05,0.86,-8.21,1.53,5.28,-0.03,-0.27,0.14,19.37,-15.19,-9.69
1516.352,354,179,27,22,6434.613,-0.10,-0.50,0.05,0.86,-8.30,1.36,5.03,-0.04,-0.28,0.00,19.75,-15.56,-9.25
1516.404,355,178,27,22,6434.635,-0.10,-0.50,0.05,0.86,-8.14,1.69,4.94,-0.05,-0.16,-0.05,19.75,-15.56,-9.25
1516.429,353,178,29,21,6434.658,-0.10,-0.50,0.05,0.86,-8.39,2.14,4.87,-0.04,-0.03,0.01,18.25,-16.00,-11.25
1516.446,353,178,29,21,6434.682,-0.10,-0.50,0.05,0.86,-8.17,1.82,4.78,-0.06,0.04,0.11,18.25,-16.00,-11.25
1516.468,352,177,30,23,6434.703,-0.10,-0.50,0.05,0.86,-8.67,1.70,5.22,-0.01,0.14,0.06,17.87,-14.75,-10.88
1516.5,355,174,25,25,6434.727,-0.10,-0.50,0.05,0.86,-8.72,1.92,5.04,0.01,0.05,-0.04,17.87,-14.75,-10.88
1516.516,355,174,25,25,6434.748,-0.10,-0.50,0.05,0.86,-8.46,2.35,4.89,0.01,-0.05,-0.06,17.87,-14.75,-10.88
1516.538,356,172,25,24,6434.772,-0.10,-0.50,0.05,0.86,-8.22,2.10,5.02,-0.03,-0.03,0.05,17.87,-15.56,-11.00
1516.558,355,170,25,25,6434.795,-0.10,-0.50,0.05,0.86,-8.23,1.71,4.85,-0.03,0.04,0.03,17.87,-15.56,-11.00
1516.576,355,170,25,25,6434.818,-0.10,-0.50,0.05,0.86,-8.56,1.78,4.99,-0.04,0.09,-0.04,18.69,-16.00,-11.00
1516.596,355,165,24,30,6434.842,-0.10,-0.50,0.05,0.86,-8.39,1.78,4.84,-0.03,0.04,-0.09,18.69,-16.00,-11.00
1516.616,353,163,28,31,6434.865,-0.09,-0.50,0.05,0.86,-8.04,1.92,4.68,-0.01,0.19,-0.05,19.37,-15.56,-10.56
1516.632,353,163,28,31,6434.887,-0.09,-0.50,0.05,0.86,-7.74,1.75,4.62,-0.03,0.39,0.03,19.37,-15.56,-10.56
1516.661,353,158,28,38,6434.908,-0.09,-0.51,0.05,0.85,-7.69,1.69,4.36,-0.07,0.63,0.09,19.06,-16.00,-11.00
1516.678,353,158,28,38,6434.932,-0.09,-0.51,0.05,0.85,-8.42,1.55,4.03,-0.04,0.96,-0.02,19.06,-16.00,-11.00
1516.698,353,152,28,44,6434.955,-0.10,-0.52,0.05,0.85,-8.56,2.16,3.43,0.03,1.04,-0.10,19.06,-15.19,-9.75
1516.714,353,152,28,44,6434.977,-0.09,-0.54,0.05,0.84,-8.58,1.96,3.30,0.04,1.31,-0.09,19.06,-15.19,-9.75
1516.734,354,147,27,47,6434.998,-0.09,-0.55,0.05,0.83,-8.51,1.85,4.13,0.03,1.61,-0.03,19.06,-15.19,-9.75
1516.751,354,147,27,47,6435.022,-0.09,-0.56,0.05,0.82,-9.39,1.83,4.09,0.00,1.55,0.02,19.69,-16.25,-7.88
1516.779,350,145,32,50,6435.045,-0.09,-0.57,0.05,0.81,-9.61,1.73,3.19,-0.01,1.37,0.05,19.69,-16.25,-7.88
1516.797,352,142,30,50,6435.067,-0.09,-0.59,0.05,0.80,-9.46,1.71,2.92,0.02,1.27,0.00,20.56,-17.50,-7.00
1516.82,352,142,30,50,6435.092,-0.09,-0.60,0.05,0.80,-9.12,1.75,2.26,0.12,1.24,-0.05,20.56,-17.50,-7.00
1516.842,353,143,27,46,6435.112,-0.09,-0.61,0.05,0.79,-9.26,1.75,1.93,0.15,1.56,-0.10,21.25,-19.25,-5.88
1516.863,353,144,25,41,6435.137,-0.09,-0.63,0.05,0.77,-9.65,1.25,2.60,0.10,1.78,-0.12,21.25,-19.25,-5.88
1516.879,353,144,25,41,6435.158,-0.09,-0.64,0.04,0.76,-9.59,1.53,3.12,0.09,1.58,-0.19,22.06,-20.06,-5.50
1516.901,352,143,26,41,6435.182,-0.08,-0.65,0.04,0.75,-9.47,1.97,1.91,-0.03,1.20,-0.15,22.06,-20.06,-5.50
1516.921,352,143,27,38,6435.205,-0.08,-0.66,0.04,0.75,-9.55,1.81,0.50,-0.04,1.29,-0.12,22.69,-19.25,-3.50
1516.937,352,143,27,38,6435.227,-0.08,-0.67,0.04,0.73,-9.50,1.60,0.55,0.00,1.46,-0.11,22.69,-19.25,-3.50
1516.969,351,144,29,37,6435.248,-0.08,-0.68,0.04,0.72,-9.77,1.31,0.62,0.10,1.59,-0.12,22.69,-19.25,-3.50
1516.994,351,144,28,34,6435.272,-0.08,-0.69,0.04,0.71,-10.21,1.73,0.46,0.11,1.47,-0.20,22.25,-18.56,-1.50
1517.01,351,144,28,34,6435.295,-0.08,-0.70,0.03,0.70,-9.91,2.28,0.09,0.09,1.21,-0.13,22.25,-18.56,-1.50
1517.03,350,147,29,24,6435.317,-0.08,-0.72,0.03,0.69,-9.63,1.43,-0.30,0.05,1.06,-0.03,23.75,-18.56,-0.37
1517.047,350,147,29,24,6435.342,-0.08,-0.72,0.03,0.69,-9.80,1.54,-0.31,0.00,1.08,-0.07,23.75,-18.56,-0.37
1517.069,350,147,28,24,6435.362,-0.08,-0.73,0.03,0.68,-9.80,1.48,-0.55,0.01,1.00,-0.06,23.06,-17.75,0.25
1517.086,350,147,28,24,6435.385,-0.08,-0.74,0.03,0.67,-9.82,1.34,-1.05,0.05,0.98,-0.05,23.06,-17.75,0.25
1517.108,349,146,31,25,6435.407,-0.08,-0.75,0.03,0.66,-9.78,1.42,-0.95,0.07,0.98,-0.13,23.50,-16.69,-0.50
1517.13,348,146,32,26,6435.432,-0.08,-0.75,0.03,0.66,-9.87,1.63,-0.86,0.13,0.78,-0.08,23.50,-16.69,-0.50
1517.152,348,146,32,26,6435.452,-0.08,-0.76,0.03,0.65,-9.18,1.41,-1.31,0.10,0.69,-0.08,23.37,-17.06,2.69
1517.173,350,146,29,26,6435.475,-0.07,-0.76,0.03,0.64,-9.37,1.43,-1.79,0.09,0.77,-0.06,23.37,-17.06,2.69
1517.19,350,147,26,24,6435.497,-0.07,-0.77,0.02,0.64,-9.67,1.58,-1.58,0.01,0.84,-0.09,23.37,-17.06,2.69
1517.207,350,147,26,24,6435.522,-0.07,-0.77,0.02,0.63,-9.82,1.46,-1.48,-0.02,0.67,-0.02,24.37,-16.25,1.50
1517.226,347,147,32,28,6435.543,-0.07,-0.78,0.02,0.63,-9.28,1.41,-2.13,-0.05,0.62,0.01,24.37,-16.25,1.50
1517.242,347,147,32,28,6435.567,-0.08,-0.78,0.02,0.62,-9.42,1.13,-2.33,-0.02,0.73,-0.04,23.87,-15.19,2.69
1517.262,349,148,29,26,6435.592,-0.07,-0.79,0.02,0.61,-9.21,1.48,-2.57,0.08,0.88,-0.14,23.87,-15.19,2.69
1517.278,349,148,29,26,6435.614,-0.07,-0.79,0.02,0.61,-9.40,1.49,-2.53,0.10,0.96,-0.07,23.87,-15.50,4.19
1517.3,348,148,31,28,6435.637,-0.07,-0.80,0.02,0.59,-9.45,1.38,-2.56,0.08,0.98,-0.03,23.87,-15.50,4.19
1517.33,346,148,34,30,6435.657,-0.07,-0.81,0.02,0.59,-9.54,1.41,-2.94,0.07,0.91,-0.04,22.06,-14.38,4.19
1517.347,346,148,34,30,6435.682,-0.07,-0.81,0.02,0.58,-9.47,1.30,-2.92,0.07,0.82,-0.01,22.06,-14.38,4.19
1517.368,346,147,35,33,6435.702,-0.07,-0.81,0.02,0.58,-9.33,1.29,-3.43,0.11,0.83,0.02,22.50,-14.38,6.19
1517.394,344,148,38,33,6435.727,-0.07,-0.82,0.02,0.57,-9.42,1.35,-3.23,0.11,0.85,-0.00,22.50,-14.38,6.19
1517.41,344,148,38,33,6435.747,-0.07,-0.83,0.02,0.56,-9.25,1.34,-3.31,0.10,0.77,-0.02,22.50,-14.38,6.19
1517.438,347,152,32,27,6435.772,-0.07,-0.83,0.02,0.55,-8.81,1.31,-3.29,-0.02,0.70,-0.03,22.87,-13.56,7.75
1517.454,347,152,32,27,6435.792,-0.07,-0.83,0.01,0.55,-8.66,0.95,-3.97,-0.02,0.82,-0.05,22.87,-13.56,7.75
1517.503,345,152,35,31,6435.817,-0.07,-0.84,0.01,0.54,-9.05,0.91,-3.98,0.08,0.96,-0.14,22.50,-12.69,7.75
1517.523,344,153,36,32,6435.842,-0.07,-0.85,0.01,0.53,-8.93,1.52,-3.79,0.17,0.88,-0.14,22.50,-12.69,7.75
1517.543,345,156,35,31,6435.862,-0.06,-0.85,0.01,0.52,-8.58,1.39,-4.59,0.15,0.83,-0.01,22.06,-11.88,8.88
1517.566,344,158,36,32,6435.887,-0.06,-0.86,0.01,0.51,-8.43,1.44,-4.76,0.07,0.88,0.03,22.06,-11.88,8.88
1517.583,344,158,36,32,6435.907,-0.06,-0.86,0.01,0.51,-8.24,1.37,-4.40,-0.06,0.94,0.03,21.00,-12.25,9.38
1517.613,344,161,36,33,6435.932,-0.06,-0.87,0.01,0.50,-8.33,1.20,-4.80,-0.06,0.96,0.02,21.00,-12.25,9.38
1517.653,345,165,34,32,6435.952,-0.07,-0.87,0.01,0.49,-8.19,1.31,-5.34,0.00,0.99,-0.01,21.00,-12.25,9.69
1517.678,346,168,35,33,6435.975,-0.06,-0.88,0.01,0.48,-8.15,1.12,-5.37,0.08,1.03,0.02,21.00,-12.25,9.69
1517.699,343,172,38,35,6435.997,-0.06,-0.88,0.01,0.47,-7.72,1.83,-5.61,0.03,1.04,0.02,21.00,-12.25,9.69
1517.725,342,175,39,36,6436.022,-0.07,-0.89,0.01,0.46,-7.72,1.60,-6.08,-0.05,1.22,0.20,19.37,-11.50,11.69
1517.742,342,175,39,36,6436.042,-0.07,-0.89,0.01,0.45,-7.92,1.10,-5.44,-0.11,1.27,0.19,19.37,-11.50,11.69
1517.764,343,181,37,35,6436.067,-0.07,-0.90,0.01,0.43,-7.65,1.22,-5.61,-0.08,1.16,0.14,19.06,-10.00,11.69
1517.79,343,181,37,35,6436.089,-0.07,-0.90,0.01,0.42,-7.49,1.27,-6.03,-0.08,1.10,0.08,19.06,-10.00,11.69
1517.811,341,184,40,37,6436.112,-0.07,-0.91,0.01,0.41,-7.41,1.39,-6.19,-0.04,1.07,0.04,17.87,-11.19,13.00
1517.831,340,186,41,38,6436.136,-0.07,-0.91,0.01,0.40,-7.30,1.76,-6.47,-0.06,1.00,0.01,17.87,-11.19,13.00
1517.848,340,186,41,38,6436.157,-0.07,-0.92,0.01,0.39,-7.06,1.65,-7.07,-0.10,0.97,0.05,17.50,-11.50,14.50
1517.869,339,189,41,39,6436.182,-0.08,-0.92,0.01,0.38,-7.13,1.54,-6.64,-0.13,0.98,0.10,17.50,-11.50,14.50
1517.885,339,189,41,39,6436.202,-0.08,-0.93,0.01,0.37,-7.14,1.96,-6.64,-0.04,0.81,0.06,16.75,-11.88,15.25
1517.906,339,190,41,38,6436.227,-0.08,-0.93,0.01,0.36,-6.94,1.64,-6.94,-0.06,0.67,0.12,16.75,-11.88,15.25
1517.925,338,191,42,38,6436.249,-0.08,-0.93,0.01,0.36,-6.95,1.16,-6.80,-0.08,0.60,0.07,16.75,-11.88,15.25
1517.949,338,191,42,38,6436.272,-0.08,-0.93,0.01,0.35,-6.86,1.65,-7.29,-0.03,0.37,-0.05,16.00,-13.00,15.25
1517.989,339,191,42,38,6436.292,-0.08,-0.93,0.00,0.35,-6.83,1.80,-7.44,-0.06,0.25,-0.06,16.00,-13.00,15.25
1518.016,339,190,41,38,6436.317,-0.08,-0.93,0.00,0.35,-6.83,1.46,-7.44,-0.07,0.15,0.02,14.88,-11.19,16.50
1518.039,338,189,42,37,6436.339,-0.08,-0.93,0.00,0.35,-6.40,1.61,-7.48,-0.09,0.04,0.10,14.88,-11.19,16.50
1518.065,339,186,40,37,6436.362,-0.08,-0.93,0.00,0.35,-6.63,1.36,-7.31,-0.06,0.05,0.03,15.25,-11.19,17.25
1518.083,339,183,41,37,6436.384,-0.08,-0.93,0.00,0.35,-6.83,1.40,-7.01,-0.03,-0.03,-0.05,15.25,-11.19,17.25
1518.107,339,183,41,37,6436.407,-0.08,-0.93,0.00,0.35,-6.83,1.56,-6.82,-0.05,-0.20,-0.12,16.00,-11.50,16.50
1518.128,339,183,41,37,6436.429,-0.08,-0.93,0.00,0.35,-6.68,1.97,-7.36,0.02,-0.37,-0.09,16.00,-11.50,16.50
1518.149,339,180,40,36,6436.452,-0.08,-0.93,0.00,0.36,-7.09,1.27,-7.05,0.02,-0.42,-0.08,15.69,-12.25,15.69
1518.179,339,177,40,36,6436.476,-0.08,-0.93,-0.00,0.36,-6.86,1.71,-6.65,-0.08,-0.67,-0.17,15.69,-12.25,15.69
1518.196,339,177,40,36,6436.497,-0.08,-0.93,-0.00,0.37,-6.59,2.15,-7.58,-0.09,-0.81,-0.13,15.69,-12.25,15.69
1518.229,340,173,38,36,6436.521,-0.08,-0.92,-0.00,0.38,-7.02,1.62,-7.34,-0.03,-0.55,-0.01,15.69,-11.88,16.87
1518.254,340,171,38,35,6436.542,-0.08,-0.92,-0.00,0.38,-7.58,1.15,-5.83,0.04,-0.60,-0.07,15.69,-11.88,16.87
1518.284,342,169,36,33,6436.564,-0.08,-0.92,-0.00,0.39,-7.14,1.60,-6.38,0.07,-0.91,-0.20,16.00,-12.25,15.00
1518.306,342,166,37,33,6436.589,-0.08,-0.91,-0.00,0.40,-6.88,1.98,-7.56,-0.00,-0.90,-0.12,16.00,-12.25,15.00
1518.325,342,162,37,33,6436.612,-0.08,-0.91,-0.00,0.41,-7.30,1.29,-6.75,0.01,-0.55,0.01,16.37,-12.25,13.75
1518.342,342,162,37,33,6436.634,-0.08,-0.91,-0.00,0.41,-8.04,1.02,-5.70,0.07,-0.56,-0.04,16.37,-12.25,13.75
1518.361,342,160,37,31,6436.657,-0.08,-0.90,-0.00,0.42,-8.06,1.56,-5.84,0.10,-0.81,-0.14,17.50,-12.25,13.75
1518.378,342,160,37,31,6436.679,-0.08,-0.90,-0.00,0.43,-7.62,1.89,-6.44,0.07,-0.93,0.10,17.50,-12.25,13.75
1518.395,343,157,35,31,6436.702,-0.08,-0.90,-0.00,0.44,-7.48,0.88,-5.73,0.01,-0.85,0.03,19.00,-11.50,13.38
1518.411,343,157,35,31,6436.724,-0.08,-0.89,-0.00,0.45,-7.80,1.08,-5.68,0.06,-0.80,-0.12,19.00,-11.50,13.38
1518.44,344,155,34,30,6436.747,-0.08,-0.89,-0.00,0.45,-8.16,1.55,-5.50,0.11,-0.83,-0.14,19.00,-11.50,13.38
1518.461,347,155,31,26,6436.769,-0.08,-0.88,-0.00,0.46,-8.40,1.52,-5.32,0.13,-0.93,-0.02,19.00,-12.25,11.75
1518.478,347,155,31,26,6436.792,-0.08,-0.88,-0.00,0.47,-8.17,1.06,-4.77,0.03,-1.06,-0.05,19.00,-12.25,11.75
1518.495,347,155,31,26,6436.814,-0.08,-0.87,-0.01,0.48,-8.58,1.15,-4.46,-0.03,-1.18,-0.15,19.75,-12.25,11.38
1518.519,346,151,32,28,6436.839,-0.08,-0.87,-0.01,0.49,-8.40,2.21,-5.38,0.00,-1.31,-0.02,19.75,-12.25,11.38
1518.539,349,151,30,26,6436.861,-0.08,-0.86,-0.01,0.50,-8.71,1.01,-4.60,0.03,-1.22,0.13,19.37,-11.88,11.00
1518.555,349,151,30,26,6436.884,-0.08,-0.85,-0.00,0.52,-9.05,0.60,-3.76,0.04,-1.33,-0.00,19.37,-11.88,11.00
1518.577,348,147,35,31,6436.907,-0.08,-0.84,-0.00,0.53,-9.26,0.59,-3.18,-0.05,-1.53,-0.17,21.69,-12.25,9.50
1518.603,348,147,34,28,6436.929,-0.08,-0.84,-0.01,0.54,-8.67,1.52,-3.90,0.10,-1.70,-0.19,21.69,-12.25,9.50
1518.619,348,147,34,28,6436.952,-0.08,-0.83,-0.00,0.56,-9.10,1.40,-4.82,0.17,-1.36,0.10,22.00,-12.25,8.25
1518.637,351,149,30,23,6436.974,-0.08,-0.82,-0.00,0.57,-9.87,0.79,-2.17,0.17,-1.27,0.12,22.00,-12.25,8.25
1518.654,351,149,30,23,6436.997,-0.07,-0.81,0.00,0.58,-10.06,0.19,-1.26,0.07,-1.67,-0.03,22.00,-12.25,8.25
1518.68,352,147,29,27,6437.019,-0.07,-0.80,-0.00,0.60,-9.19,1.00,-2.13,-0.04,-2.25,-0.43,23.50,-13.69,5.88
1518.7,352,147,30,26,6437.042,-0.07,-0.78,-0.00,0.62,-9.50,1.90,-4.00,0.16,-1.93,-0.27,23.50,-13.69,5.88
1518.717,352,147,30,26,6437.064,-0.07,-0.77,-0.00,0.64,-9.85,1.82,-2.60,0.26,-1.54,-0.04,23.19,-13.25,4.06
1518.739,352,147,31,26,6437.089,-0.07,-0.76,-0.00,0.65,-10.08,0.81,-0.86,0.15,-1.56,0.10,23.19,-13.25,4.06
1518.767,355,147,25,27,6437.109,-0.07,-0.75,-0.00,0.66,-9.14,0.72,-0.95,-0.23,-1.79,-0.22,25.06,-13.69,2.88
1518.784,355,147,25,27,6437.134,-0.07,-0.73,-0.00,0.68,-8.59,1.64,-2.13,0.03,-1.57,-0.31,25.06,-13.69,2.88
1518.81,356,147,23,31,6437.154,-0.07,-0.73,-0.00,0.69,-9.52,2.25,-1.78,0.20,-1.02,0.02,25.00,-14.56,0.50
1518.831,354,145,24,32,6437.179,-0.07,-0.72,-0.00,0.69,-9.90,0.91,-0.05,-0.03,-0.68,0.23,25.00,-14.56,0.50
1518.847,354,145,24,32,6437.199,-0.07,-0.72,-0.00,0.69,-10.22,0.07,0.91,0.02,-0.90,0.04,24.56,-14.19,-0.50
1518.871,354,145,24,32,6437.224,-0.07,-0.71,-0.00,0.70,-9.58,0.15,0.07,0.10,-1.09,-0.18,24.56,-14.19,-0.50
1518.892,355,145,25,36,6437.244,-0.07,-0.70,0.00,0.71,-9.37,2.04,-0.73,0.20,-0.97,-0.14,24.56,-14.19,-0.50
1518.919,351,142,30,44,6437.269,-0.07,-0.69,0.00,0.72,-9.61,1.65,-0.33,-0.01,-0.48,0.18,24.19,-14.88,-1.25
1518.936,351,142,30,44,6437.292,-0.07,-0.69,0.00,0.72,-10.10,0.28,1.24,0.07,-0.59,0.15,24.19,-14.88,-1.25
1518.955,352,142,31,47,6437.314,-0.07,-0.68,0.00,0.73,-9.94,0.45,0.83,0.15,-0.80,0.01,24.56,-14.56,-2.88
1518.979,350,142,32,49,6437.339,-0.07,-0.68,0.01,0.73,-9.55,0.58,0.79,0.08,-0.86,-0.12,24.56,-14.56,-2.88
1519.001,353,143,27,47,6437.359,-0.07,-0.67,0.01,0.74,-9.54,1.68,0.34,0.09,-0.71,-0.10,25.00,-15.25,-3.25
1519.018,353,143,27,47,6437.382,-0.07,-0.67,0.01,0.74,-9.68,1.31,1.21,0.07,-0.59,0.05,25.00,-15.25,-3.25
1519.043,352,144,30,42,6437.404,-0.07,-0.66,0.01,0.75,-9.66,0.73,1.72,0.07,-0.65,0.09,24.19,-14.56,-4.50
1519.074,353,147,27,40,6437.429,-0.07,-0.66,0.01,0.75,-9.67,1.00,1.46,0.13,-0.73,0.02,24.19,-14.56,-4.50
1519.091,353,147,27,40,6437.449,-0.07,-0.65,0.01,0.76,-9.81,0.99,1.77,0.06,-0.80,-0.08,23.75,-15.69,-5.25
1519.111,351,149,30,40,6437.472,-0.07,-0.64,0.01,0.76,-9.65,1.26,1.88,0.08,-0.93,-0.14,23.75,-15.69,-5.25
1519.133,351,146,31,47,6437.494,-0.06,-0.63,0.01,0.77,-9.14,1.52,1.62,0.08,-0.96,-0.00,23.75,-15.69,-5.25
1519.151,351,146,31,47,6437.517,-0.07,-0.63,0.01,0.77,-9.33,1.27,1.47,0.00,-0.64,0.17,23.75,-15.25,-6.00
1519.172,353,148,26,42,6437.539,-0.07,-0.62,0.01,0.78,-9.44,0.79,2.74,0.03,-0.67,0.10,23.75,-15.25,-6.00
1519.189,353,148,26,42,6437.562,-0.07,-0.62,0.01,0.78,-9.24,0.82,2.45,0.05,-0.77,0.03,24.19,-16.06,-6.00
1519.212,351,149,30,45,6437.586,-0.07,-0.61,0.01,0.79,-9.24,1.19,2.63,0.05,-0.77,-0.01,24.19,-16.06,-6.00
1519.234,351,149,30,45,6437.609,-0.07,-0.60,0.02,0.79,-8.97,1.41,2.64,0.02,-0.72,0.09,23.50,-14.88,-7.19
1519.26,350,150,32,47,6437.632,-0.07,-0.60,0.02,0.80,-9.29,1.20,2.43,-0.01,-0.57,0.20,23.50,-14.88,-7.19
1519.283,354,156,27,41,6437.652,-0.07,-0.59,0.02,0.80,-9.72,1.03,3.10,0.05,-0.66,0.20,23.19,-16.06,-8.00
1519.301,353,163,26,33,6437.677,-0.07,-0.59,0.02,0.81,-9.53,1.03,2.93,0.13,-0.88,0.19,23.19,-16.06,-8.00
1519.318,353,163,26,33,6437.699,-0.07,-0.58,0.02,0.81,-8.91,1.44,3.02,0.16,-0.87,0.26,22.37,-15.69,-7.19
1519.337,357,167,21,27,6437.722,-0.07,-0.57,0.03,0.82,-8.97,1.34,3.64,0.12,-0.79,0.34,22.37,-15.69,-7.19
1519.353,357,167,21,27,6437.742,-0.07,-0.56,0.03,0.82,-9.19,1.48,3.56,0.15,-0.86,0.36,22.37,-15.69,-7.19
1519.373,356,170,23,27,6437.767,-0.07,-0.56,0.04,0.83,-8.96,1.13,3.99,0.20,-0.97,0.36,21.69,-15.69,-7.56
1519.394,356,170,23,27,6437.789,-0.07,-0.55,0.04,0.83,-9.04,2.00,4.16,0.22,-1.04,0.29,21.69,-15.69,-7.56
1519.415,355,172,25,28,6437.812,-0.08,-0.53,0.05,0.84,-9.27,2.03,4.99,0.24,-1.15,0.37,20.87,-17.19,-8.75
1519.436,355,178,24,23,6437.836,-0.08,-0.52,0.05,0.85,-8.30,1.91,5.45,0.23,-1.32,0.30,20.87,-17.19,-8.75
1519.453,355,178,24,23,6437.859,-0.08,-0.51,0.06,0.85,-8.28,2.07,4.58,0.16,-1.45,0.27,19.69,-17.19,-9.19
1519.473,357,179,22,24,6437.881,-0.08,-0.50,0.06,0.86,-7.94,2.21,3.76,0.02,-0.88,0.31,19.69,-17.19,-9.19
1519.494,354,182,27,22,6437.902,-0.08,-0.49,0.07,0.86,-8.09,1.98,5.15,0.00,-0.51,0.29,18.56,-16.19,-10.75
1519.511,354,182,27,22,6437.926,-0.08,-0.49,0.07,0.87,-7.96,1.52,5.29,-0.04,-0.43,0.14,18.56,-16.19,-10.75
1519.53,351,184,28,21,6437.949,-0.08,-0.49,0.07,0.87,-8.30,1.69,5.00,-0.04,-0.23,-0.04,18.56,-16.19,-11.19
1519.552,351,184,28,21,6437.971,-0.08,-0.48,0.07,0.87,-8.32,1.94,5.09,-0.09,-0.19,-0.05,18.56,-16.19,-11.19
1519.569,351,184,28,21,6437.992,-0.08,-0.48,0.07,0.87,-8.41,1.55,4.82,-0.09,-0.05,0.01,18.56,-16.19,-11.19
1519.59,349,185,31,21,6438.017,-0.08,-0.48,0.07,0.87,-8.59,1.38,5.40,-0.04,0.04,0.05,18.19,-15.75,-12.75
1519.629,350,185,29,21,6438.039,-0.08,-0.48,0.07,0.87,-8.85,1.57,5.25,-0.03,-0.15,0.05,18.19,-15.75,-12.75
1519.653,349,184,30,21,6438.062,-0.08,-0.48,0.07,0.87,-8.65,1.70,5.22,-0.03,-0.23,-0.01,18.19,-15.00,-11.19
1519.683,350,185,30,21,6438.086,-0.08,-0.48,0.07,0.87,-8.18,2.02,4.83,-0.01,-0.22,-0.03,18.19,-15.00,-11.19
1519.733,353,185,25,21,6438.109,-0.08,-0.48,0.07,0.87,-8.11,2.09,5.23,-0.02,-0.03,0.06,18.56,-16.87,-11.56
1519.759,351,183,29,22,6438.131,-0.08,-0.48,0.07,0.87,-8.16,1.80,5.62,-0.01,-0.10,0.05,18.56,-16.87,-11.56
1519.788,351,184,29,22,6438.154,-0.08,-0.47,0.07,0.87,-7.88,1.75,5.01,-0.01,-0.15,0.02,18.56,-15.38,-10.50
1519.809,351,184,29,22,6438.176,-0.08,-0.47,0.07,0.87,-7.93,1.85,5.21,0.01,-0.08,-0.02,18.56,-15.38,-10.50
1519.829,352,184,28,22,6438.199,-0.08,-0.47,0.07,0.87,-8.24,1.96,5.47,0.02,-0.14,-0.04,17.69,-15.75,-11.56
1519.847,352,184,28,22,6438.221,-0.07,-0.47,0.07,0.88,-7.99,2.04,5.02,0.01,-0.13,-0.03,17.69,-15.75,-11.56
1519.876,350,185,31,21,6438.242,-0.07,-0.47,0.07,0.88,-7.96,2.23,5.20,0.01,-0.06,0.01,17.69,-15.75,-11.56
1519.896,350,185,31,21,6438.266,-0.08,-0.47,0.07,0.88,-7.90,1.83,5.44,-0.02,-0.04,0.07,17.25,-15.00,-12.06
1519.92,351,185,30,21,6438.289,-0.08,-0.47,0.07,0.88,-7.94,1.62,5.38,-0.00,-0.02,0.02,17.25,-15.00,-12.06
1519.943,352,184,28,24,6438.311,-0.07,-0.47,0.07,0.88,-8.10,1.71,5.61,0.02,-0.02,-0.06,17.00,-15.00,-11.25
1519.959,352,184,28,24,6438.336,-0.07,-0.47,0.07,0.88,-8.02,2.14,5.18,-0.01,-0.05,-0.04,17.00,-15.00,-11.25
1519.982,352,185,29,21,6438.359,-0.07,-0.47,0.07,0.88,-7.93,2.08,5.24,-0.03,0.01,0.06,17.69,-15.50,-12.38
1520,352,185,29,21,6438.381,-0.08,-0.47,0.07,0.88,-8.17,1.71,5.33,-0.05,0.00,0.04,17.69,-15.50,-12.38
1520.036,351,185,31,21,6438.402,-0.08,-0.47,0.07,0.88,-8.02,1.70,5.24,-0.07,-0.02,-0.01,17.00,-15.50,-12.38
1520.057,352,184,31,22,6438.426,-0.08,-0.47,0.07,0.88,-8.07,1.63,5.02,-0.08,0.04,-0.06,17.00,-15.50,-12.38
1520.074,352,185,31,21,6438.447,-0.08,-0.47,0.07,0.88,-8.11,2.01,5.42,-0.08,0.07,-0.03,17.00,-15.88,-12.38
1520.091,352,185,31,21,6438.469,-0.08,-0.47,0.07,0.88,-7.87,1.58,5.30,-0.08,0.07,0.00,17.00,-15.88,-12.38
1520.117,355,184,27,21,6438.492,-0.08,-0.47,0.07,0.88,-7.61,1.44,5.76,-0.04,0.09,-0.01,17.00,-15.88,-12.38
1520.142,357,184,27,21,6438.514,-0.08,-0.47,0.07,0.88,-7.57,1.44,5.49,-0.03,0.18,-0.04,17.00,-15.06,-12.75
1520.159,357,184,27,21,6438.539,-0.08,-0.48,0.07,0.87,-7.87,2.03,5.71,0.04,0.43,0.01,17.00,-15.06,-12.75
1520.187,358,182,27,22,6438.559,-0.08,-0.48,0.07,0.87,-7.74,2.08,5.95,0.04,0.43,0.11,17.69,-16.25,-12.06
1520.206,358,181,27,22,6438.584,-0.08,-0.48,0.07,0.87,-7.90,2.04,5.33,0.03,0.43,0.09,17.69,-16.25,-12.06
1520.223,358,181,27,22,6438.606,-0.08,-0.49,0.07,0.87,-8.20,2.12,5.11,0.01,0.47,-0.02,18.06,-15.88,-11.25
1520.247,357,180,28,22,6438.629,-0.08,-0.49,0.07,0.86,-8.40,2.37,5.02,0.02,0.49,-0.07,18.06,-15.88,-11.25
1520.27,359,179,24,23,6438.649,-0.07,-0.50,0.07,0.86,-8.41,2.15,4.93,-0.02,0.49,-0.05,18.06,-15.88,-11.25
1520.287,359,179,24,23,6438.674,-0.07,-0.50,0.07,0.86,-8.21,2.06,4.48,-0.04,0.51,-0.03,18.06,-15.88,-11.25
1520.304,359,179,24,23,6438.696,-0.08,-0.51,0.06,0.86,-8.12,2.13,4.03,-0.12,0.95,-0.04,18.75,-15.88,-10.06
1520.331,358,175,26,25,6438.719,-0.07,-0.52,0.06,0.85,-8.13,1.66,3.73,-0.11,1.11,-0.09,18.75,-15.88,-10.06
1520.368,359,172,24,29,6438.739,-0.07,-0.53,0.06,0.84,-9.11,1.82,4.22,-0.06,1.34,-0.20,18.75,-15.88,-10.06
1520.385,358,169,24,29,6438.764,-0.07,-0.54,0.06,0.84,-8.99,2.52,3.86,-0.04,1.27,-0.28,19.56,-16.25,-9.69
1520.405,356,165,24,33,6438.787,-0.07,-0.55,0.06,0.83,-8.86,1.22,3.51,-0.09,1.18,-0.14,19.56,-16.25,-9.69
1520.425,356,165,24,33,6438.809,-0.07,-0.56,0.05,0.82,-8.64,0.46,3.64,-0.11,1.37,-0.23,20.25,-17.00,-7.75
1520.446,354,161,26,34,6438.834,-0.07,-0.58,0.05,0.81,-9.26,1.12,3.74,-0.11,1.57,-0.39,20.25,-17.00,-7.75
1520.466,354,161,26,34,6438.856,-0.06,-0.59,0.05,0.80,-9.55,0.94,3.67,-0.14,1.63,-0.41,21.75,-16.50,-6.88
1520.501,353,157,29,38,6438.879,-0.06,-0.60,0.04,0.80,-10.01,1.07,2.82,-0.11,1.34,-0.40,21.75,-16.50,-6.88
1520.533,352,148,33,51,6438.899,-0.06,-0.61,0.04,0.79,-9.75,1.39,2.25,-0.07,1.13,-0.37,21.75,-16.25,-5.75
1520.556,353,147,31,48,6438.924,-0.05,-0.62,0.04,0.78,-9.71,1.82,1.99,-0.02,1.11,-0.25,21.75,-16.25,-5.75
1520.579,353,143,32,50,6438.946,-0.05,-0.63,0.03,0.77,-9.46,1.67,2.16,-0.14,1.13,0.00,23.00,-15.88,-4.19
1520.599,353,143,34,51,6438.969,-0.05,-0.64,0.04,0.77,-9.54,0.80,1.55,-0.15,1.11,0.07,23.00,-15.88,-4.19
1520.615,353,143,34,51,6438.989,-0.06,-0.65,0.03,0.76,-9.55,1.14,1.61,-0.08,1.10,-0.03,23.00,-15.88,-4.19
1520.632,353,143,34,51,6439.014,-0.05,-0.66,0.03,0.75,-9.62,1.55,1.23,-0.02,1.03,-0.09,24.06,-16.56,-3.00
1520.65,354,139,35,50,6439.036,-0.05,-0.67,0.03,0.74,-9.66,1.46,0.68,-0.02,0.97,0.03,24.06,-16.56,-3.00
1520.666,354,139,35,50,6439.059,-0.05,-0.68,0.03,0.73,-9.90,1.27,0.82,-0.07,1.01,0.15,25.06,-16.25,-1.88
1520.697,356,140,32,50,6439.081,-0.05,-0.68,0.03,0.73,-9.63,0.91,1.01,-0.06,0.91,0.16,25.06,-16.25,-1.88
1520.714,356,140,32,50,6439.104,-0.05,-0.69,0.04,0.72,-9.43,1.85,0.16,0.01,0.80,0.14,25.06,-16.56,-1.50
1520.735,359,139,31,51,6439.127,-0.06,-0.69,0.04,0.72,-9.41,1.26,0.06,-0.09,0.90,0.25,25.06,-16.56,-1.50
1520.759,360,141,31,49,6439.147,-0.06,-0.70,0.04,0.71,-9.83,1.45,0.37,-0.05,0.86,0.17,25.06,-17.00,-1.56
1520.78,360,139,33,51,6439.172,-0.06,-0.71,0.04,0.70,-9.85,1.84,-0.09,-0.01,0.69,0.11,25.06,-17.00,-1.56
1520.809,360,139,33,51,6439.192,-0.06,-0.71,0.04,0.70,-9.41,1.43,0.00,-0.08,0.69,0.14,25.06,-17.00,-1.56
1520.836,362,138,33,49,6439.217,-0.06,-0.72,0.04,0.69,-9.24,1.33,-0.07,-0.07,0.77,0.18,25.06,-17.00,-0.06
1520.867,363,140,31,45,6439.239,-0.07,-0.72,0.04,0.68,-10.02,1.45,-0.38,-0.00,0.85,0.18,25.06,-17.00,-0.06
1520.891,365,140,31,41,6439.262,-0.07,-0.73,0.04,0.68,-10.15,1.33,-0.39,0.00,0.77,0.11,24.75,-17.75,1.88
1520.91,363,141,34,38,6439.284,-0.07,-0.73,0.04,0.68,-10.03,1.52,-0.74,0.06,0.58,0.03,24.75,-17.75,1.88
1520.926,363,141,34,38,6439.307,-0.07,-0.74,0.04,0.67,-9.49,1.94,-0.75,0.07,0.54,0.08,24.75,-17.37,1.88
1520.948,366,141,32,36,6439.329,-0.07,-0.74,0.04,0.67,-9.60,1.85,-1.08,-0.02,0.66,0.20,24.75,-17.37,1.88
1520.972,369,142,29,33,6439.352,-0.07,-0.75,0.05,0.66,-9.59,1.04,-1.17,-0.08,0.81,0.18,24.37,-18.06,3.00
1520.989,369,142,29,33,6439.374,-0.07,-0.75,0.05,0.65,-9.85,1.79,-1.36,0.11,0.89,0.02,24.37,-18.06,3.00
1521.012,369,142,29,33,6439.397,-0.07,-0.76,0.05,0.65,-10.17,2.39,-1.09,0.10,0.72,-0.04,23.56,-17.75,3.25
1521.037,368,145,30,27,6439.419,-0.07,-0.76,0.05,0.64,-10.22,2.20,-2.10,0.04,0.48,0.00,23.56,-17.75,3.25
1521.062,368,141,33,32,6439.44,-0.07,-0.77,0.05,0.64,-9.68,2.01,-1.55,-0.03,0.37,0.04,23.56,-17.75,3.25
1521.081,370,143,30,27,6439.464,-0.07,-0.77,0.05,0.64,-9.42,2.06,-1.76,-0.02,0.33,0.11,24.75,-19.56,5.00
1521.098,370,143,30,27,6439.487,-0.07,-0.77,0.05,0.63,-9.59,1.34,-1.23,-0.10,0.45,0.14,24.75,-19.56,5.00
1521.115,368,141,33,30,6439.51,-0.07,-0.77,0.05,0.63,-9.52,1.71,-1.52,-0.10,0.35,-0.02,25.06,-18.50,4.88
1521.132,368,141,33,30,6439.534,-0.07,-0.77,0.05,0.63,-9.33,1.94,-2.04,-0.04,0.19,-0.10,25.06,-18.50,4.88
1521.15,367,142,32,28,6439.557,-0.07,-0.78,0.05,0.63,-9.10,1.90,-2.11,-0.06,0.25,-0.08,24.37,-19.25,6.88
1521.172,367,142,32,28,6439.579,-0.07,-0.78,0.05,0.62,-9.04,1.54,-2.28,-0.09,0.31,-0.05,24.37,-19.25,6.88
1521.193,369,143,29,26,6439.6,-0.07,-0.78,0.05,0.62,-9.32,1.75,-2.14,-0.06,0.33,-0.09,24.75,-18.37,6.50
1521.213,368,144,28,26,6439.624,-0.07,-0.78,0.04,0.62,-9.37,1.76,-1.95,-0.04,0.18,-0.08,24.75,-18.37,6.50
1521.229,368,144,28,26,6439.647,-0.07,-0.78,0.04,0.62,-9.03,1.45,-2.20,-0.06,-0.09,-0.03,24.00,-18.75,6.06
1521.252,368,146,26,24,6439.669,-0.07,-0.78,0.04,0.62,-8.71,1.61,-2.84,-0.08,-0.03,-0.05,24.00,-18.75,6.06
1521.272,366,147,30,27,6439.69,-0.07,-0.78,0.04,0.62,-9.20,1.65,-2.43,-0.04,0.16,-0.02,24.00,-18.75,6.06
1521.289,366,147,30,27,6439.714,-0.07,-0.78,0.04,0.62,-9.56,1.63,-2.08,-0.07,0.22,-0.01,25.06,-17.25,6.50
1521.313,368,148,26,26,6439.737,-0.07,-0.78,0.04,0.62,-9.62,1.21,-2.34,-0.09,0.04,-0.05,25.06,-17.25,6.50
1521.342,368,150,25,27,6439.759,-0.07,-0.78,0.04,0.62,-9.76,1.32,-2.35,-0.01,-0.00,-0.10,24.37,-18.75,7.69
1521.359,368,150,25,27,6439.784,-0.07,-0.78,0.04,0.62,-9.83,1.64,-1.87,0.04,0.01,-0.03,24.37,-18.75,7.69
1521.375,368,150,25,27,6439.804,-0.07,-0.78,0.05,0.62,-9.82,1.58,-2.00,-0.05,0.04,0.06,23.25,-18.37,7.19
1521.396,365,148,31,33,6439.827,-0.07,-0.78,0.05,0.62,-9.82,1.75,-2.27,-0.05,0.10,0.04,23.25,-18.37,7.19
1521.417,365,148,33,35,6439.847,-0.07,-0.78,0.05,0.61,-9.86,1.52,-2.08,-0.03,0.10,0.04,23.00,-17.69,7.25
1521.433,365,148,33,35,6439.872,-0.07,-0.78,0.05,0.61,-9.67,1.63,-2.15,-0.04,0.06,0.00,23.00,-17.69,7.25
1521.46,366,149,33,34,6439.895,-0.07,-0.78,0.05,0.61,-9.58,1.74,-2.01,-0.02,0.04,0.03,23.25,-18.75,5.69
1521.481,366,150,33,34,6439.917,-0.07,-0.78,0.05,0.61,-9.48,2.09,-2.06,-0.05,0.04,0.04,23.25,-18.75,5.69
1521.503,366,150,33,34,6439.938,-0.07,-0.78,0.05,0.61,-9.60,2.01,-2.12,-0.03,0.01,0.07,23.25,-18.75,5.69
1521.526,369,153,26,28,6439.96,-0.07,-0.78,0.05,0.61,-9.42,1.89,-2.01,-0.08,-0.02,0.02,22.56,-18.75,7.25
1521.547,367,154,33,29,6439.985,-0.07,-0.78,0.05,0.61,-9.33,1.62,-2.15,-0.09,-0.03,-0.02,22.56,-18.75,7.25
1521.564,367,154,33,29,6440.007,-0.07,-0.78,0.05,0.62,-9.28,1.51,-1.99,-0.06,-0.02,-0.01,23.25,-18.75,7.25
1521.585,367,151,30,33,6440.03,-0.07,-0.78,0.05,0.62,-9.41,1.44,-2.04,-0.02,0.00,0.01,23.25,-18.75,7.25
1521.606,366,149,33,37,6440.052,-0.07,-0.78,0.05,0.62,-9.44,1.63,-2.09,-0.03,0.01,0.01,22.56,-18.75,7.25
1521.622,366,149,33,37,6440.075,-0.07,-0.78,0.05,0.62,-9.45,1.50,-2.17,-0.03,0.02,0.02,22.56,-18.75,7.25
1521.642,366,149,33,37,6440.097,-0.07,-0.78,0.05,0.62,-9.55,1.82,-2.35,-0.01,0.03,-0.01,21.75,-18.75,6.50
1521.664,366,149,33,37,6440.12,-0.07,-0.78,0.05,0.62,-9.55,1.95,-2.18,-0.02,0.07,-0.01,21.75,-18.75,6.50
1521.686,370,156,26,25,6440.14,-0.07,-0.78,0.05,0.62,-9.44,1.95,-2.27,-0.04,0.03,0.00,21.75,-18.75,6.50
1521.705,366,154,33,30,6440.165,-0.07,-0.78,0.05,0.62,-9.39,1.48,-2.10,-0.08,0.03,-0.00,23.00,-19.19,6.06
1521.723,366,154,33,30,6440.185,-0.07,-0.78,0.05,0.61,-9.44,1.38,-2.11,-0.03,0.01,-0.03,23.00,-19.19,6.06
1521.746,366,154,33,30,6440.208,-0.07,-0.78,0.05,0.62,-9.46,1.55,-2.10,-0.00,0.00,-0.03,22.56,-18.75,6.50
1521.77,366,154,33,30,6440.232,-0.07,-0.78,0.05,0.62,-9.40,1.68,-2.41,0.01,-0.01,0.01,22.56,-18.75,6.50
1521.792,369,154,27,28,6440.255,-0.07,-0.78,0.05,0.61,-9.43,1.60,-2.31,-0.02,0.05,0.00,23.56,-18.00,6.50
1521.814,369,154,27,28,6440.278,-0.07,-0.78,0.05,0.61,-9.54,1.64,-2.16,0.00,0.05,-0.04,23.56,-18.00,6.50
1521.842,366,154,33,29,6440.298,-0.07,-0.78,0.05,0.61,-9.60,1.63,-2.17,0.01,-0.01,-0.04,23.00,-18.75,5.25
1521.865,366,154,33,30,6440.323,-0.07,-0.78,0.05,0.61,-9.36,1.74,-2.25,-0.00,-0.04,-0.01,23.00,-18.75,5.25
1521.886,366,154,33,30,6440.343,-0.07,-0.78,0.05,0.62,-9.37,1.63,-2.34,-0.01,-0.03,0.02,23.00,-18.37,6.88
1521.903,366,154,33,30,6440.366,-0.07,-0.78,0.05,0.62,-9.52,1.79,-2.13,-0.00,0.00,0.00,23.00,-18.37,6.88
1521.925,365,154,34,30,6440.388,-0.07,-0.78,0.05,0.62,-9.44,1.86,-2.11,-0.01,-0.03,-0.02,23.00,-18.37,6.88
1521.955,365,154,34,30,6440.409,-0.06,-0.78,0.06,0.62,-9.39,1.65,-2.18,-0.01,-0.05,-0.02,23.25,-18.00,8.06
1521.979,366,154,33,30,6440.433,-0.06,-0.78,0.06,0.62,-9.24,1.76,-2.12,-0.00,-0.03,-0.01,23.25,-18.00,8.06
1522.004,366,154,33,30,6440.456,-0.06,-0.78,0.06,0.62,-9.42,1.69,-2.12,-0.03,0.01,-0.00,23.00,-18.37,5.25
1522.035,370,156,25,25,6440.478,-0.06,-0.78,0.06,0.62,-9.47,1.64,-2.09,-0.03,0.03,0.01,23.00,-18.37,5.25
1522.066,365,155,33,29,6440.499,-0.06,-0.78,0.06,0.62,-9.50,1.40,-2.10,-0.03,0.00,0.01,22.19,-19.19,6.88
1522.084,365,155,33,29,6440.523,-0.06,-0.78,0.06,0.62,-9.54,1.67,-2.23,0.01,-0.02,-0.04,22.19,-19.19,6.88
1522.118,365,154,33,30,6440.546,-0.06,-0.78,0.06,0.62,-9.54,1.73,-2.18,0.01,-0.06,-0.02,22.56,-19.19,5.69
1522.147,365,154,33,30,6440.568,-0.06,-0.78,0.06,0.62,-9.17,1.91,-2.43,-0.03,-0.07,-0.03,22.56,-19.19,5.69
1522.178,365,150,33,34,6440.589,-0.06,-0.78,0.06,0.62,-9.37,1.63,-2.26,0.01,-0.02,0.01,22.56,-19.19,5.69
1522.202,365,149,33,36,6440.613,-0.06,-0.78,0.06,0.62,-9.46,1.59,-1.91,-0.01,0.01,-0.01,22.56,-19.50,6.50
1522.225,364,147,33,39,6440.636,-0.06,-0.78,0.06,0.62,-9.44,1.72,-2.07,0.01,-0.03,-0.03,22.56,-19.50,6.50
1522.248,364,150,33,36,6440.656,-0.06,-0.78,0.06,0.62,-9.30,1.74,-2.18,-0.02,-0.03,-0.02,23.00,-18.00,6.06
1522.265,364,150,33,36,6440.681,-0.06,-0.78,0.06,0.62,-9.39,1.56,-2.24,-0.04,0.01,0.00,23.00,-18.00,6.06
1522.29,364,149,33,36,6440.704,-0.06,-0.78,0.06,0.62,-9.56,1.52,-2.00,-0.01,0.03,-0.02,22.56,-18.00,6.88
1522.314,365,150,31,35,6440.726,-0.06,-0.78,0.06,0.62,-9.55,1.58,-2.10,-0.01,-0.02,-0.02,22.56,-18.00,6.88
1522.341,365,150,31,35,6440.747,-0.06,-0.78,0.06,0.62,-9.38,1.72,-2.12,-0.00,-0.05,-0.02,23.56,-18.37,5.69
1522.364,364,150,32,34,6440.771,-0.06,-0.78,0.06,0.62,-9.37,1.78,-2.33,-0.01,-0.05,-0.00,23.56,-18.37,5.69
1522.386,365,150,31,35,6440.792,-0.06,-0.78,0.06,0.62,-9.47,1.55,-2.08,-0.03,-0.02,0.01,23.00,-17.69,6.50
1522.405,364,148,33,37,6440.814,-0.06,-0.78,0.06,0.62,-9.53,1.41,-2.06,-0.02,-0.01,-0.02,23.00,-17.69,6.50
1522.421,364,148,33,37,6440.837,-0.06,-0.78,0.06,0.62,-9.46,1.54,-1.86,0.00,-0.04,-0.04,23.00,-17.69,6.50
1522.445,364,148,33,37,6440.859,-0.06,-0.78,0.06,0.62,-9.38,1.71,-2.16,0.01,-0.07,-0.03,23.00,-18.00,5.69
1522.467,364,150,33,34,6440.884,-0.06,-0.78,0.06,0.62,-9.33,1.93,-2.32,-0.02,-0.03,-0.00,23.00,-18.00,5.69
1522.503,364,150,32,34,6440.904,-0.06,-0.78,0.06,0.62,-9.45,1.36,-1.93,-0.05,0.05,0.03,23.25,-19.19,6.06
1522.526,364,150,32,34,6440.927,-0.06,-0.78,0.06,0.62,-9.38,1.64,-1.82,-0.02,0.05,-0.01,23.25,-19.19,6.06
1522.554,365,151,30,33,6440.951,-0.06,-0.78,0.06,0.62,-9.35,1.70,-1.99,-0.02,0.01,-0.02,22.56,-18.75,6.06
1522.576,364,150,33,35,6440.974,-0.06,-0.78,0.06,0.62,-9.43,1.69,-2.25,-0.04,0.04,0.00,22.56,-18.75,6.06
1522.611,365,153,28,28,6440.996,-0.06,-0.78,0.06,0.62,-9.63,1.66,-2.25,-0.03,0.03,-0.01,23.25,-18.00,4.88
1522.635,364,153,30,29,6441.019,-0.06,-0.78,0.06,0.62,-9.71,1.55,-2.44,-0.01,0.02,-0.02,23.25,-18.00,4.88
1522.663,364,151,31,33,6441.041,-0.06,-0.78,0.06,0.62,-9.84,1.40,-2.17,0.01,-0.01,-0.03,23.25,-18.00,4.88
1522.685,367,154,27,27,6441.064,-0.06,-0.78,0.05,0.62,-9.86,1.52,-2.18,0.01,-0.08,-0.03,23.25,-18.00,5.25
1522.702,367,154,27,27,6441.084,-0.06,-0.78,0.05,0.62,-9.77,1.59,-1.97,0.02,-0.12,-0.02,23.25,-18.00,5.25
1522.742,365,151,28,29,6441.107,-0.06,-0.78,0.06,0.62,-9.77,1.82,-2.11,0.02,-0.08,-0.00,22.19,-18.00,6.50
