1260.586,348,163,34,31,6176.966,-0.53,-0.52,-0.47,0.48,-9.73,0.68,0.08,-0.01,0.14,-0.13,45.25,-0.50,-2.06
1260.6,348,163,34,31,6176.991,-0.53,-0.52,-0.47,0.48,-9.79,0.52,-0.07,-0.02,0.12,-0.08,45.25,-0.50,-2.06
1260.63,348,163,34,31,6177.011,-0.53,-0.52,-0.47,0.48,-9.88,0.36,-0.03,0.01,0.14,-0.06,45.69,0.25,-2.50
1260.653,349,164,33,29,6177.034,-0.53,-0.52,-0.47,0.48,-10.02,0.45,-0.06,0.06,0.15,-0.05,45.69,0.25,-2.50
1260.67,349,163,33,30,6177.056,-0.52,-0.52,-0.48,0.48,-10.01,0.57,-0.02,0.06,0.08,-0.03,45.69,0.25,-2.50
1260.687,349,163,33,30,6177.079,-0.52,-0.52,-0.48,0.48,-9.94,0.61,0.04,0.04,0.03,0.00,45.69,-0.75,-1.25
1260.706,348,163,34,31,6177.103,-0.52,-0.52,-0.48,0.48,-9.85,0.69,0.13,0.05,0.02,0.02,45.69,-0.75,-1.25
1260.722,348,163,34,31,6177.124,-0.52,-0.52,-0.48,0.48,-9.57,0.71,0.11,0.06,0.02,0.01,45.25,-0.06,-1.25
1260.742,348,163,33,30,6177.146,-0.52,-0.52,-0.48,0.48,-9.59,0.93,0.11,0.05,0.06,0.00,45.25,-0.06,-1.25
1260.758,348,163,33,30,6177.169,-0.52,-0.52,-0.48,0.48,-9.57,1.01,0.04,0.04,0.05,0.02,45.69,0.69,-0.50
1260.779,348,163,33,30,6177.191,-0.52,-0.52,-0.48,0.48,-9.71,0.98,0.03,0.02,0.08,0.04,45.69,0.69,-0.50
1260.801,349,164,32,29,6177.214,-0.52,-0.52,-0.48,0.48,-9.94,1.14,0.04,0.02,0.10,0.02,45.69,-0.06,-1.69
1260.822,348,163,34,31,6177.236,-0.52,-0.52,-0.48,0.48,-10.13,1.08,-0.09,0.00,0.09,0.02,45.69,-0.06,-1.69
1260.838,348,163,34,31,6177.259,-0.52,-0.52,-0.48,0.48,-10.10,0.93,-0.09,-0.01,0.06,0.02,45.69,-0.06,-1.69
1260.857,349,163,33,30,6177.282,-0.52,-0.52,-0.48,0.48,-10.01,0.88,-0.17,0.00,0.03,-0.02,45.25,0.25,-0.50
1260.873,349,163,33,30,6177.304,-0.52,-0.52,-0.48,0.48,-9.98,0.92,-0.09,0.01,0.03,-0.01,45.25,0.25,-0.50
1260.897,348,163,34,31,6177.327,-0.52,-0.52,-0.48,0.48,-9.90,0.81,-0.02,-0.00,0.00,-0.02,45.00,-0.06,-0.50
1260.915,348,163,34,31,6177.351,-0.52,-0.52,-0.48,0.48,-9.79,0.70,-0.01,0.00,-0.02,-0.02,45.00,-0.06,-0.50
1260.938,348,163,34,31,6177.372,-0.52,-0.52,-0.48,0.48,-9.74,0.71,0.04,0.02,-0.00,-0.02,45.00,-0.06,-0.75
1260.958,349,163,33,31,6177.394,-0.52,-0.52,-0.48,0.48,-9.74,0.88,0.00,0.02,0.01,-0.01,45.00,-0.06,-0.75
1260.976,348,162,33,30,6177.417,-0.52,-0.52,-0.48,0.48,-9.69,0.96,0.00,0.01,0.00,0.01,45.25,0.69,-0.50
1260.994,348,162,33,30,6177.439,-0.52,-0.52,-0.48,0.48,-9.77,0.98,-0.06,0.01,0.00,0.01,45.25,0.69,-0.50
1261.022,348,164,33,29,6177.462,-0.52,-0.52,-0.48,0.48,-9.79,0.94,0.08,0.00,0.01,-0.02,45.25,0.69,-0.50
1261.042,348,163,34,31,6177.484,-0.52,-0.52,-0.48,0.48,-9.82,0.95,-0.06,-0.01,0.02,-0.03,45.25,0.69,-0.50
1261.058,348,163,34,31,6177.505,-0.52,-0.52,-0.48,0.48,-9.85,0.83,-0.03,-0.03,0.03,-0.01,45.25,0.69,-0.50
1261.077,348,163,34,31,6177.527,-0.52,-0.52,-0.48,0.48,-9.81,0.79,-0.01,-0.03,0.00,-0.02,45.25,-0.50,0.25
1261.1,348,163,34,31,6177.552,-0.52,-0.52,-0.48,0.48,-9.74,0.74,-0.08,-0.02,0.01,-0.02,45.25,-0.50,0.25
1261.119,350,163,34,30,6177.574,-0.52,-0.52,-0.48,0.48,-9.76,0.60,0.00,-0.02,0.03,-0.02,44.69,-0.06,-0.06
1261.136,350,163,34,30,6177.597,-0.52,-0.52,-0.48,0.48,-9.80,0.71,-0.08,-0.00,0.02,-0.01,44.69,-0.06,-0.06
1261.154,351,163,34,30,6177.619,-0.52,-0.52,-0.48,0.48,-9.92,0.74,-0.06,-0.01,0.02,0.01,45.06,0.69,-0.50
1261.17,351,163,34,30,6177.642,-0.52,-0.52,-0.48,0.48,-9.91,0.67,-0.08,0.02,0.01,0.01,45.06,0.69,-0.50
1261.188,353,164,32,29,6177.665,-0.52,-0.52,-0.48,0.48,-9.78,0.66,0.15,0.04,0.01,-0.01,44.69,0.69,-1.69
1261.205,353,164,32,29,6177.687,-0.52,-0.52,-0.48,0.48,-9.75,1.03,0.14,-0.01,-0.01,0.01,44.69,0.69,-1.69
1261.223,353,163,34,31,6177.71,-0.52,-0.52,-0.48,0.48,-9.45,0.78,-0.05,-0.04,-0.05,0.06,44.69,0.69,-1.69
1261.24,353,163,34,31,6177.732,-0.52,-0.52,-0.48,0.48,-9.47,0.94,-0.09,0.04,0.08,-0.01,44.19,-0.06,-0.06
1261.268,353,163,34,31,6177.755,-0.52,-0.52,-0.48,0.48,-9.94,1.22,-0.06,0.04,0.09,-0.04,44.19,-0.06,-0.06
1261.287,354,163,34,31,6177.777,-0.52,-0.52,-0.48,0.48,-10.10,1.01,-0.20,-0.00,0.05,0.00,44.19,0.25,-0.06
1261.304,354,163,34,31,6177.802,-0.52,-0.52,-0.48,0.48,-10.12,0.83,-0.22,-0.00,0.04,-0.02,44.19,0.25,-0.06
1261.326,356,162,33,30,6177.824,-0.52,-0.52,-0.48,0.48,-10.15,0.95,-0.20,0.02,0.03,-0.06,45.06,-0.50,-0.88
1261.347,355,162,34,31,6177.847,-0.52,-0.52,-0.48,0.48,-10.02,0.88,-0.17,0.01,-0.01,-0.06,45.06,-0.50,-0.88
1261.363,355,162,34,31,6177.867,-0.52,-0.52,-0.48,0.48,-9.87,0.79,-0.11,0.01,-0.05,-0.06,45.69,0.69,-0.06
1261.383,356,163,32,29,6177.892,-0.52,-0.52,-0.48,0.48,-9.71,0.68,-0.10,0.03,-0.03,-0.08,45.69,0.69,-0.06
1261.4,356,163,32,29,6177.912,-0.52,-0.52,-0.48,0.48,-9.75,0.74,-0.01,0.04,-0.01,-0.08,44.56,1.00,-1.69
1261.434,355,163,32,29,6177.935,-0.52,-0.52,-0.48,0.48,-9.77,0.72,-0.13,0.04,-0.01,-0.07,44.56,1.00,-1.69
1261.457,355,162,33,30,6177.957,-0.52,-0.52,-0.48,0.48,-9.85,0.69,-0.09,0.05,0.01,-0.08,44.56,1.00,-1.69
1261.475,354,162,34,30,6177.98,-0.51,-0.52,-0.48,0.48,-9.85,0.74,-0.11,0.04,0.00,-0.09,44.56,-0.06,-0.50
1261.491,354,162,34,30,6178.002,-0.51,-0.52,-0.48,0.48,-9.83,0.67,-0.07,0.05,-0.01,-0.07,44.56,-0.06,-0.50
1261.508,354,162,34,30,6178.025,-0.51,-0.52,-0.48,0.48,-9.83,0.64,-0.06,0.06,0.01,-0.07,44.56,1.75,-0.50
1261.529,356,161,33,30,6178.048,-0.51,-0.52,-0.48,0.48,-9.78,0.75,-0.05,0.06,0.00,-0.09,44.56,1.75,-0.50
1261.546,356,161,33,30,6178.07,-0.51,-0.52,-0.48,0.48,-9.64,0.73,0.03,0.03,-0.02,-0.07,45.06,1.00,-0.06
1261.566,356,161,34,30,6178.093,-0.51,-0.52,-0.48,0.48,-9.55,0.49,-0.03,0.01,0.00,-0.06,45.06,1.00,-0.06
1261.597,356,161,33,30,6178.113,-0.51,-0.52,-0.48,0.49,-9.65,0.46,0.27,0.04,0.04,-0.07,46.19,1.37,-0.50
1261.613,356,161,33,30,6178.136,-0.51,-0.52,-0.48,0.49,-9.69,0.46,-0.05,0.04,0.03,-0.06,46.19,1.37,-0.50
1261.636,355,161,34,31,6178.158,-0.51,-0.52,-0.48,0.49,-9.79,0.42,0.04,0.04,0.04,-0.05,46.19,1.37,-0.50
1261.673,355,161,34,31,6178.181,-0.51,-0.52,-0.48,0.49,-9.86,0.44,-0.01,0.02,0.01,-0.02,45.06,1.00,-1.25
1261.703,356,160,34,31,6178.203,-0.51,-0.52,-0.48,0.49,-9.77,0.35,0.03,0.01,0.02,-0.01,45.06,1.00,-1.25
1261.739,357,159,35,32,6178.226,-0.51,-0.52,-0.48,0.49,-9.74,0.37,0.03,0.01,0.03,-0.00,45.69,1.37,-0.06
1261.77,358,159,34,31,6178.248,-0.51,-0.52,-0.48,0.49,-9.63,0.63,0.00,0.02,0.01,0.01,45.69,1.37,-0.06
1261.797,358,159,35,31,6178.271,-0.51,-0.52,-0.48,0.49,-9.56,0.62,-0.04,-0.01,0.01,0.04,45.00,1.75,-2.00
1261.823,358,158,36,32,6178.293,-0.51,-0.52,-0.48,0.49,-9.85,0.70,-0.15,-0.01,0.07,0.04,45.00,1.75,-2.00
1261.847,360,158,35,32,6178.314,-0.51,-0.52,-0.48,0.49,-10.13,0.70,-0.21,-0.00,0.09,0.01,45.00,1.37,-1.25
1261.873,360,158,35,32,6178.338,-0.51,-0.52,-0.48,0.49,-10.18,0.75,-0.41,-0.00,0.05,-0.02,45.00,1.37,-1.25
1261.889,360,158,35,32,6178.361,-0.51,-0.52,-0.48,0.49,-10.11,0.72,-0.29,-0.02,0.00,0.01,45.00,1.00,0.25
1261.914,360,159,35,31,6178.383,-0.51,-0.52,-0.48,0.49,-10.05,0.47,-0.42,-0.01,-0.00,0.01,45.00,1.00,0.25
1261.951,361,159,35,31,6178.404,-0.51,-0.52,-0.48,0.49,-10.07,0.46,-0.28,0.02,-0.02,-0.03,45.00,1.00,0.25
1261.973,362,157,35,32,6178.428,-0.51,-0.52,-0.48,0.49,-9.96,0.55,-0.24,0.03,-0.06,-0.05,45.69,1.00,-0.06
1261.997,362,157,36,33,6178.451,-0.51,-0.52,-0.48,0.49,-9.85,0.34,-0.07,0.01,-0.07,0.00,45.69,1.00,-0.06
1262.027,362,157,35,32,6178.471,-0.51,-0.52,-0.48,0.49,-9.66,0.36,0.00,0.03,-0.06,0.01,45.00,1.00,0.25
1262.043,362,157,35,32,6178.494,-0.51,-0.52,-0.48,0.49,-9.62,0.50,-0.02,0.04,-0.05,0.01,45.00,1.00,0.25
1262.064,362,156,36,32,6178.516,-0.51,-0.52,-0.48,0.49,-9.71,0.66,0.04,0.04,-0.04,0.01,45.00,1.37,1.06
1262.093,363,156,37,33,6178.539,-0.51,-0.52,-0.48,0.49,-9.77,0.76,-0.06,0.02,-0.04,0.02,45.00,1.37,1.06
1262.109,363,156,37,33,6178.562,-0.51,-0.52,-0.48,0.49,-9.79,0.83,-0.01,0.02,-0.02,0.01,45.00,1.75,-0.06
1262.128,363,156,35,33,6178.584,-0.51,-0.52,-0.48,0.49,-9.81,0.80,0.01,0.00,-0.02,0.00,45.00,1.75,-0.06
1262.149,362,156,36,33,6178.607,-0.51,-0.52,-0.48,0.49,-9.77,0.71,0.02,-0.02,-0.02,-0.00,45.00,1.75,-0.06
1262.165,362,156,36,33,6178.629,-0.51,-0.52,-0.48,0.49,-9.70,0.63,-0.02,-0.01,-0.02,-0.02,44.56,0.69,-0.50
1262.185,361,155,36,33,6178.652,-0.51,-0.52,-0.48,0.49,-9.75,0.62,-0.02,-0.01,0.01,-0.01,44.56,0.69,-0.50
1262.202,361,155,36,33,6178.674,-0.51,-0.52,-0.48,0.49,-9.77,0.53,0.00,-0.02,0.01,-0.00,45.25,0.69,-0.06
1262.218,361,155,36,33,6178.699,-0.51,-0.52,-0.48,0.49,-9.89,0.43,-0.07,-0.01,0.00,-0.01,45.25,0.69,-0.06
1262.249,360,155,36,33,6178.721,-0.51,-0.52,-0.48,0.49,-9.87,0.59,-0.10,0.01,-0.00,-0.01,45.00,1.75,-1.25
1262.272,359,154,36,33,6178.742,-0.51,-0.52,-0.48,0.49,-9.87,0.58,-0.20,0.01,0.00,-0.01,45.00,1.75,-1.25
1262.294,359,154,35,32,6178.764,-0.51,-0.52,-0.48,0.49,-9.89,0.55,-0.02,0.01,0.01,-0.01,46.50,1.75,-2.75
1262.31,359,154,35,32,6178.789,-0.51,-0.52,-0.48,0.49,-9.84,0.65,-0.19,0.01,-0.01,-0.02,46.50,1.75,-2.75
1262.328,357,154,37,33,6178.811,-0.51,-0.52,-0.48,0.49,-9.84,0.59,-0.07,0.00,-0.00,-0.00,45.00,1.37,-0.50
1262.345,357,154,37,33,6178.834,-0.51,-0.52,-0.48,0.49,-9.82,0.54,-0.09,0.01,-0.01,-0.02,45.00,1.37,-0.50
1262.367,357,154,36,33,6178.854,-0.51,-0.52,-0.48,0.49,-9.82,0.61,-0.06,0.02,-0.01,-0.02,45.00,1.37,-0.50
1262.396,356,154,36,32,6178.879,-0.51,-0.52,-0.48,0.49,-9.79,0.51,-0.06,0.01,-0.00,-0.02,45.25,1.37,-0.75
1262.412,356,154,36,32,6178.902,-0.51,-0.52,-0.48,0.49,-9.81,0.57,-0.02,0.01,-0.01,-0.01,45.25,1.37,-0.75
1262.435,356,154,36,33,6178.924,-0.51,-0.52,-0.48,0.49,-9.82,0.49,-0.04,0.01,-0.01,0.00,45.00,1.00,-0.88
1262.456,356,154,36,33,6178.947,-0.51,-0.52,-0.48,0.49,-9.77,0.52,-0.05,0.01,-0.00,-0.02,45.00,1.00,-0.88
1262.472,356,154,36,33,6178.971,-0.51,-0.52,-0.48,0.49,-9.78,0.53,0.07,-0.00,-0.01,-0.01,45.25,1.00,-0.88
1262.5,356,154,37,33,6178.992,-0.51,-0.52,-0.48,0.49,-9.66,0.56,-0.09,-0.00,-0.00,0.02,45.25,1.00,-0.88
1262.518,355,154,36,33,6179.014,-0.51,-0.52,-0.48,0.49,-9.76,0.57,-0.05,0.00,0.03,0.01,45.00,1.75,-1.69
1262.542,355,154,36,33,6179.037,-0.51,-0.52,-0.48,0.49,-9.93,0.58,-0.07,0.00,0.02,-0.00,45.00,1.75,-1.69
1262.56,354,155,37,33,6179.059,-0.51,-0.52,-0.48,0.49,-9.97,0.65,-0.08,-0.00,-0.00,0.00,46.19,1.75,-0.88
1262.577,354,155,37,33,6179.082,-0.51,-0.52,-0.48,0.49,-9.93,0.67,-0.12,-0.01,-0.00,0.00,46.19,1.75,-0.88
1262.594,353,155,37,33,6179.102,-0.51,-0.52,-0.48,0.49,-9.88,0.58,-0.07,-0.02,-0.02,-0.01,46.19,1.75,-0.88
1262.61,353,155,37,33,6179.127,-0.51,-0.52,-0.48,0.49,-9.76,0.54,-0.10,-0.01,-0.03,-0.02,45.06,0.69,-1.69
1262.634,353,155,37,33,6179.149,-0.51,-0.52,-0.48,0.49,-9.80,0.52,-0.11,-0.01,-0.00,-0.02,45.06,0.69,-1.69
1262.65,353,155,37,33,6179.172,-0.51,-0.52,-0.48,0.49,-9.83,0.53,-0.04,-0.00,-0.01,-0.01,46.19,1.75,-1.25
1262.67,352,156,37,33,6179.194,-0.51,-0.52,-0.48,0.49,-9.87,0.53,-0.05,-0.01,-0.02,0.00,46.19,1.75,-1.25
1262.695,351,155,38,34,6179.219,-0.51,-0.52,-0.48,0.49,-9.81,0.54,0.02,-0.01,-0.02,0.00,44.69,2.75,-0.50
1262.711,351,155,38,34,6179.241,-0.51,-0.52,-0.48,0.49,-9.75,0.59,-0.05,0.00,-0.01,-0.00,44.69,2.75,-0.50
1262.728,352,156,37,33,6179.264,-0.51,-0.52,-0.48,0.49,-9.75,0.61,-0.04,-0.00,0.00,-0.00,45.75,1.00,-0.88
1262.745,352,156,37,33,6179.287,-0.51,-0.52,-0.48,0.49,-9.87,0.54,-0.09,-0.01,0.03,-0.00,45.75,1.00,-0.88
1262.764,353,156,36,33,6179.309,-0.51,-0.52,-0.48,0.49,-9.96,0.46,-0.09,0.00,0.01,-0.02,45.75,1.00,-2.06
1262.787,354,156,36,33,6179.332,-0.51,-0.52,-0.48,0.49,-9.92,0.55,-0.15,0.00,-0.02,-0.00,45.75,1.00,-2.06
1262.804,354,156,36,33,6179.354,-0.51,-0.52,-0.48,0.49,-9.84,0.42,-0.07,-0.01,-0.03,0.01,45.75,1.00,-2.06
1262.831,355,156,37,33,6179.377,-0.51,-0.52,-0.48,0.49,-9.77,0.38,-0.01,0.01,-0.03,-0.00,46.19,2.19,-0.88
1262.86,356,156,37,33,6179.399,-0.51,-0.52,-0.48,0.49,-9.75,0.46,-0.06,0.02,-0.01,-0.01,46.19,2.19,-0.88
1262.876,356,156,37,33,6179.422,-0.51,-0.52,-0.48,0.49,-9.78,0.60,0.08,0.01,-0.02,0.02,45.38,1.75,-0.50
1262.897,356,156,36,33,6179.444,-0.51,-0.52,-0.48,0.49,-9.72,0.62,-0.02,-0.01,-0.03,0.05,45.38,1.75,-0.50
1262.916,357,156,35,32,6179.467,-0.51,-0.52,-0.48,0.49,-9.74,0.62,0.05,-0.00,0.00,0.04,44.69,1.00,-0.50
1262.933,357,156,35,32,6179.489,-0.51,-0.52,-0.48,0.49,-9.82,0.72,-0.03,0.00,0.01,0.00,44.69,1.00,-0.50
1262.949,357,156,35,32,6179.512,-0.51,-0.52,-0.48,0.49,-9.84,0.76,-0.07,-0.02,0.01,0.01,45.75,1.75,-0.50
1262.972,356,155,37,34,6179.534,-0.51,-0.52,-0.48,0.49,-9.92,0.55,-0.08,-0.03,0.02,0.00,45.75,1.75,-0.50
1262.989,356,155,37,34,6179.555,-0.51,-0.52,-0.48,0.49,-9.91,0.50,-0.02,-0.02,0.01,-0.01,45.75,1.75,-0.50
1263.023,355,156,36,32,6179.579,-0.51,-0.52,-0.48,0.49,-9.88,0.35,-0.07,-0.00,-0.00,-0.01,45.75,1.00,-2.00
1263.042,355,156,37,33,6179.602,-0.51,-0.52,-0.48,0.49,-9.79,0.55,-0.11,-0.00,-0.01,0.00,45.75,1.00,-2.00
1263.063,355,156,36,33,6179.624,-0.51,-0.52,-0.48,0.49,-9.86,0.43,-0.02,-0.01,0.01,0.02,45.75,1.75,-1.69
1263.08,355,156,36,33,6179.647,-0.51,-0.52,-0.48,0.49,-9.86,0.43,-0.05,-0.00,-0.01,0.00,45.75,1.75,-1.69
1263.101,354,156,36,33,6179.67,-0.51,-0.52,-0.48,0.49,-9.82,0.65,-0.08,0.01,-0.01,0.01,45.38,2.19,-2.50
1263.121,357,155,37,33,6179.692,-0.51,-0.52,-0.48,0.49,-9.81,0.70,-0.12,-0.01,-0.00,0.02,45.38,2.19,-2.50
1263.137,357,155,37,33,6179.717,-0.51,-0.52,-0.48,0.49,-9.86,0.67,-0.01,-0.00,-0.01,0.01,45.06,1.00,-0.50
1263.155,359,155,36,32,6179.739,-0.51,-0.52,-0.48,0.49,-9.87,0.68,-0.12,0.00,-0.01,-0.01,45.06,1.00,-0.50
1263.175,359,155,36,32,6179.762,-0.51,-0.52,-0.48,0.49,-10.01,0.57,-0.03,0.00,-0.00,-0.02,44.69,1.75,-0.50
1263.196,360,155,35,33,6179.784,-0.51,-0.52,-0.48,0.49,-10.01,0.57,-0.08,0.01,-0.02,-0.03,44.69,1.75,-0.50
1263.215,361,155,37,33,6179.805,-0.51,-0.52,-0.48,0.49,-9.92,0.57,-0.08,0.01,-0.03,-0.03,44.69,1.75,-0.50
1263.231,361,155,37,33,6179.829,-0.51,-0.52,-0.48,0.49,-9.86,0.48,-0.04,0.02,-0.03,-0.05,45.75,1.75,-1.69
1263.248,362,155,37,33,6179.852,-0.51,-0.52,-0.48,0.49,-9.78,0.29,-0.10,0.05,-0.03,-0.07,45.75,1.75,-1.69
1263.264,362,155,37,33,6179.872,-0.51,-0.52,-0.48,0.49,-9.69,0.18,0.05,0.06,-0.06,-0.05,45.06,0.69,-0.88
1263.284,364,155,36,33,6179.897,-0.51,-0.52,-0.48,0.49,-9.61,0.24,0.02,0.06,-0.08,-0.04,45.06,0.69,-0.88
1263.3,364,155,36,33,6179.917,-0.51,-0.52,-0.48,0.49,-9.71,0.26,-0.07,0.09,-0.04,-0.07,45.38,1.75,-0.88
1263.317,364,155,36,33,6179.94,-0.51,-0.52,-0.48,0.49,-9.86,0.75,0.06,0.02,-0.03,0.01,45.38,1.75,-0.88
1263.345,366,154,36,34,6179.962,-0.51,-0.52,-0.48,0.49,-9.82,0.59,0.02,-0.08,-0.03,0.12,44.69,2.19,-1.25
1263.364,367,154,37,34,6179.987,-0.51,-0.52,-0.48,0.49,-9.84,0.15,0.07,-0.12,-0.03,0.16,44.69,2.19,-1.25
1263.38,367,154,37,34,6180.007,-0.51,-0.52,-0.48,0.49,-9.98,0.30,0.58,-0.15,-0.10,0.08,45.75,1.00,-0.06
1263.406,367,154,37,34,6180.03,-0.51,-0.52,-0.48,0.49,-9.64,1.09,-0.09,-0.51,-0.07,0.14,45.75,1.00,-0.06
1263.426,366,155,37,33,6180.05,-0.52,-0.51,-0.48,0.49,-9.21,0.47,-0.08,-0.68,0.03,0.19,45.75,1.00,-0.06
1263.442,366,155,37,33,6180.075,-0.52,-0.51,-0.49,0.48,-9.92,0.32,-0.09,-0.52,0.17,0.10,45.00,1.00,-1.69
1263.462,365,156,36,32,6180.1,-0.52,-0.51,-0.49,0.48,-9.76,0.75,-0.31,-0.29,0.19,-0.05,45.00,1.00,-1.69
1263.478,365,156,36,32,6180.122,-0.52,-0.51,-0.49,0.48,-10.02,1.37,-0.33,-0.35,0.14,-0.02,45.38,0.69,-0.88
1263.517,363,156,35,33,6180.147,-0.52,-0.51,-0.49,0.47,-9.94,0.93,-0.04,-0.43,0.11,0.13,45.38,0.69,-0.88
1263.54,359,156,36,33,6180.167,-0.53,-0.51,-0.50,0.47,-9.80,0.35,0.42,-0.20,0.01,0.13,45.25,1.00,-1.25
1263.564,356,156,37,33,6180.19,-0.53,-0.51,-0.50,0.47,-9.70,0.59,0.11,0.13,0.03,-0.06,45.25,1.00,-1.25
1263.587,355,156,36,33,6180.21,-0.53,-0.51,-0.49,0.47,-10.04,1.02,0.35,0.20,-0.00,-0.05,45.06,0.25,-2.06
1263.604,355,156,36,33,6180.235,-0.53,-0.51,-0.49,0.47,-10.02,0.97,0.03,0.09,-0.04,-0.03,45.06,0.25,-2.06
1263.623,354,157,36,33,6180.257,-0.53,-0.51,-0.49,0.47,-9.78,0.82,0.09,-0.07,-0.03,0.01,45.06,0.88,-1.69
1263.64,354,157,36,33,6180.28,-0.53,-0.51,-0.49,0.47,-9.56,1.21,0.09,-0.29,0.00,-0.05,45.06,0.88,-1.69
1263.662,354,157,36,33,6180.3,-0.53,-0.50,-0.50,0.47,-9.89,0.45,-0.12,-0.42,-0.02,0.02,45.06,0.88,-1.69
1263.694,353,157,36,33,6180.325,-0.53,-0.50,-0.50,0.47,-9.71,0.46,0.07,-0.31,-0.00,-0.02,45.06,0.88,-1.69
1263.716,352,158,36,32,6180.349,-0.53,-0.50,-0.50,0.47,-9.68,0.51,-0.07,-0.24,-0.00,0.07,45.06,0.88,-1.69
1263.732,352,159,35,32,6180.372,-0.54,-0.50,-0.50,0.46,-9.98,0.85,-0.08,-0.30,-0.07,0.15,44.69,0.56,-2.75
1263.748,352,159,35,32,6180.395,-0.54,-0.50,-0.50,0.46,-9.81,0.97,0.33,-0.57,-0.04,0.13,44.69,0.56,-2.75
1263.768,349,159,36,32,6180.417,-0.54,-0.49,-0.50,0.46,-9.54,0.43,0.58,-0.77,-0.03,-0.00,45.38,0.75,-2.75
1263.785,349,159,36,32,6180.44,-0.55,-0.49,-0.51,0.45,-9.71,0.79,-0.25,-0.81,0.17,-0.03,45.38,0.75,-2.75
1263.805,348,161,34,31,6180.46,-0.55,-0.48,-0.52,0.45,-9.93,0.69,0.06,-0.87,0.29,-0.02,45.75,1.19,-4.00
1263.833,346,160,35,32,6180.485,-0.55,-0.48,-0.52,0.44,-10.06,0.69,0.09,-0.89,0.23,-0.02,45.75,1.19,-4.00
1263.849,346,160,35,32,6180.507,-0.56,-0.48,-0.53,0.43,-10.02,0.80,0.08,-0.92,0.15,0.02,45.75,0.69,-4.00
1263.869,346,161,35,31,6180.53,-0.56,-0.47,-0.53,0.43,-9.62,1.82,-0.87,-0.95,0.16,0.33,45.75,0.69,-4.00
1263.894,346,160,34,32,6180.55,-0.57,-0.47,-0.53,0.42,-9.92,0.64,-0.26,-0.93,0.26,0.49,45.75,0.69,-4.00
1263.91,346,160,34,32,6180.575,-0.57,-0.47,-0.54,0.41,-9.89,0.19,0.15,-0.91,0.28,0.38,45.38,0.88,-4.75
1263.931,347,160,35,31,6180.597,-0.57,-0.46,-0.54,0.40,-9.85,0.60,0.04,-0.70,0.12,0.15,45.38,0.88,-4.75
1263.952,347,160,34,31,6180.62,-0.58,-0.46,-0.54,0.40,-9.79,1.17,-0.04,-0.74,0.03,0.12,45.75,0.19,-4.88
1263.968,347,160,34,31,6180.644,-0.58,-0.46,-0.55,0.39,-9.77,1.19,0.03,-0.84,0.06,0.09,45.75,0.19,-4.88
1263.997,349,160,33,31,6180.667,-0.59,-0.45,-0.55,0.38,-9.83,0.46,0.09,-0.92,0.04,0.11,44.25,-1.19,-6.88
1264.013,349,160,33,31,6180.689,-0.59,-0.45,-0.55,0.38,-9.66,1.26,-0.25,-0.89,-0.07,0.12,44.25,-1.19,-6.88
1264.035,348,160,33,31,6180.71,-0.60,-0.44,-0.56,0.37,-9.60,1.39,-0.02,-1.00,-0.04,0.12,44.69,-0.88,-6.50
1264.051,348,160,33,31,6180.734,-0.60,-0.43,-0.56,0.36,-9.58,1.69,0.05,-1.12,-0.01,0.16,44.69,-0.88,-6.50
1264.073,348,160,34,30,6180.757,-0.61,-0.43,-0.56,0.36,-9.74,1.14,0.00,-1.19,0.04,0.24,44.69,-2.50,-6.50
1264.089,348,160,34,30,6180.78,-0.61,-0.42,-0.57,0.35,-9.78,1.55,0.05,-1.15,0.04,0.27,44.69,-2.50,-6.50
1264.109,350,161,32,29,6180.8,-0.62,-0.41,-0.57,0.34,-9.88,1.92,0.14,-1.44,0.02,0.29,44.69,-2.50,-6.50
1264.129,350,159,33,30,6180.825,-0.63,-0.41,-0.58,0.33,-9.78,1.07,0.16,-1.62,0.05,0.30,45.06,-3.06,-9.19
1264.153,350,159,33,30,6180.847,-0.64,-0.40,-0.58,0.32,-9.66,1.35,-0.07,-1.36,0.16,0.25,45.06,-3.06,-9.19
1264.174,349,160,33,31,6180.87,-0.64,-0.39,-0.59,0.30,-9.77,1.47,-0.10,-1.33,0.24,0.27,44.25,-4.50,-9.50
1264.193,349,159,33,30,6180.894,-0.65,-0.38,-0.59,0.29,-9.77,1.50,-0.07,-1.21,0.29,0.29,44.25,-4.50,-9.50
1264.21,349,159,33,30,6180.917,-0.65,-0.38,-0.59,0.28,-9.89,1.70,0.24,-1.17,0.19,0.31,44.38,-5.50,-10.88
1264.227,349,160,33,29,6180.939,-0.65,-0.37,-0.60,0.27,-9.59,1.19,0.38,-1.19,0.10,0.25,44.38,-5.50,-10.88
1264.244,349,160,33,29,6180.962,-0.66,-0.37,-0.60,0.26,-9.56,1.70,0.05,-1.09,0.11,0.14,44.06,-5.75,-11.50
1264.261,348,160,33,31,6180.986,-0.66,-0.36,-0.60,0.25,-9.76,1.74,-0.09,-1.01,0.20,0.13,44.06,-5.75,-11.50
1264.278,348,160,33,31,6181.007,-0.67,-0.36,-0.61,0.25,-10.00,1.73,0.29,-1.03,0.20,0.08,43.38,-7.19,-13.25
1264.302,348,161,33,30,6181.029,-0.67,-0.35,-0.61,0.24,-9.77,1.65,0.09,-0.94,0.13,0.05,43.38,-7.19,-13.25
1264.331,347,161,33,30,6181.05,-0.67,-0.34,-0.62,0.23,-9.54,1.45,0.10,-0.80,0.14,-0.01,43.38,-7.19,-13.25
1264.347,347,161,33,30,6181.074,-0.67,-0.34,-0.62,0.23,-9.50,1.73,0.28,-0.72,0.23,-0.10,43.50,-7.25,-14.25
1264.368,347,162,33,31,6181.097,-0.67,-0.33,-0.62,0.22,-9.60,2.06,0.25,-0.80,0.37,-0.06,43.50,-7.25,-14.25
1264.384,347,162,33,31,6181.122,-0.67,-0.33,-0.63,0.21,-9.66,1.58,0.09,-0.97,0.37,0.06,44.19,-7.25,-13.88
1264.406,346,163,32,30,6181.146,-0.68,-0.32,-0.63,0.20,-9.75,1.47,0.16,-1.09,0.27,0.12,44.19,-7.25,-13.88
1264.422,346,163,32,30,6181.167,-0.68,-0.31,-0.64,0.20,-9.56,1.26,0.17,-0.98,0.11,0.08,44.56,-7.56,-15.69
1264.448,346,163,32,30,6181.189,-0.68,-0.30,-0.64,0.19,-9.57,1.65,0.21,-1.07,0.09,0.00,44.56,-7.56,-15.69
1264.472,348,163,32,30,6181.212,-0.68,-0.30,-0.64,0.18,-9.45,1.87,0.26,-1.12,0.11,-0.01,44.56,-6.69,-16.37
1264.498,348,163,32,30,6181.236,-0.69,-0.29,-0.64,0.17,-9.70,1.67,-0.14,-1.12,0.17,0.01,44.56,-6.69,-16.37
1264.531,349,165,31,29,6181.257,-0.69,-0.28,-0.65,0.16,-9.75,1.69,0.32,-0.89,0.10,0.05,44.19,-7.69,-18.69
1264.551,349,165,32,29,6181.279,-0.69,-0.28,-0.65,0.16,-9.70,1.75,0.55,-0.90,0.02,0.03,44.19,-7.69,-18.69
1264.568,350,165,31,29,6181.302,-0.69,-0.27,-0.65,0.15,-9.65,1.99,0.46,-0.98,-0.02,-0.01,44.19,-7.69,-18.69
1264.585,350,165,31,29,6181.326,-0.70,-0.26,-0.65,0.14,-9.37,1.86,0.26,-1.02,-0.02,0.08,44.06,-8.50,-19.06
1264.613,349,166,32,29,6181.349,-0.70,-0.26,-0.65,0.14,-9.62,1.60,0.08,-0.91,0.09,0.09,44.06,-8.50,-19.06
1264.638,351,167,29,26,6181.371,-0.70,-0.25,-0.66,0.13,-9.74,1.87,0.65,-1.03,0.14,0.05,44.88,-8.69,-20.00
1264.669,350,166,32,29,6181.396,-0.70,-0.24,-0.66,0.12,-9.65,2.27,0.64,-1.16,0.09,0.13,44.88,-8.69,-20.00
1264.685,350,166,32,29,6181.419,-0.71,-0.24,-0.66,0.11,-9.63,1.25,0.11,-1.11,0.10,0.22,44.50,-8.88,-20.25
1264.704,350,166,32,29,6181.441,-0.71,-0.23,-0.66,0.10,-9.92,1.47,0.28,-0.90,0.13,0.07,44.50,-8.88,-20.25
1264.721,350,166,32,29,6181.464,-0.71,-0.22,-0.66,0.09,-9.61,2.20,0.70,-1.00,0.08,0.01,44.88,-9.25,-22.37
1264.741,350,165,33,30,6181.486,-0.71,-0.21,-0.66,0.09,-9.66,1.75,0.42,-1.09,-0.04,0.10,44.88,-9.25,-22.37
1264.757,350,165,33,30,6181.509,-0.72,-0.20,-0.66,0.07,-9.68,2.28,0.41,-1.13,-0.02,0.08,44.56,-8.38,-23.87
1264.776,350,165,33,30,6181.531,-0.72,-0.19,-0.66,0.07,-9.82,1.79,0.51,-1.37,-0.03,0.14,44.56,-8.38,-23.87
1264.793,350,165,33,30,6181.554,-0.72,-0.19,-0.66,0.06,-9.85,0.74,0.31,-1.02,-0.13,0.13,44.56,-8.38,-23.87
1264.821,350,166,32,29,6181.576,-0.72,-0.18,-0.66,0.05,-9.74,1.97,0.45,-0.64,-0.10,-0.16,45.38,-9.25,-26.50
1264.843,353,167,29,27,6181.599,-0.73,-0.17,-0.66,0.05,-9.44,2.15,0.84,-0.88,-0.09,-0.08,45.38,-9.25,-26.50
1264.862,353,167,29,27,6181.623,-0.73,-0.17,-0.66,0.04,-10.60,2.33,0.17,-0.89,-0.15,0.14,45.00,-11.00,-28.50
1264.878,353,167,29,27,6181.646,-0.73,-0.16,-0.66,0.04,-9.94,1.15,0.60,-0.44,-0.24,0.08,45.00,-11.00,-28.50
1264.903,351,166,32,29,6181.668,-0.73,-0.16,-0.66,0.03,-9.49,1.35,0.74,-0.19,-0.15,0.05,45.75,-11.19,-31.69
1264.919,351,166,32,29,6181.693,-0.73,-0.16,-0.66,0.03,-9.49,1.84,1.04,0.00,-0.04,0.05,45.75,-11.19,-31.69
1264.955,352,166,31,29,6181.715,-0.73,-0.16,-0.66,0.03,-9.66,1.64,1.06,0.02,-0.03,0.01,46.25,-12.25,-32.50
1264.982,352,165,33,30,6181.738,-0.73,-0.16,-0.66,0.03,-9.48,1.58,1.08,0.08,-0.03,0.02,46.25,-12.25,-32.50
1265.014,354,166,30,29,6181.758,-0.73,-0.16,-0.66,0.03,-9.46,1.66,1.11,0.11,0.00,0.01,46.50,-12.06,-31.69
1265.039,353,165,32,30,6181.783,-0.73,-0.16,-0.66,0.04,-9.53,1.47,1.16,0.21,0.02,-0.00,46.50,-12.06,-31.69
1265.062,354,165,32,30,6181.806,-0.73,-0.16,-0.66,0.04,-9.49,1.50,1.13,0.44,0.03,-0.06,45.88,-12.38,-31.19
1265.078,354,165,32,30,6181.828,-0.73,-0.17,-0.66,0.04,-9.80,2.04,0.89,0.55,0.10,-0.05,45.88,-12.38,-31.19
1265.095,354,165,32,30,6181.849,-0.73,-0.17,-0.66,0.05,-9.85,1.81,0.97,0.54,0.06,-0.04,45.88,-12.38,-31.19
1265.124,356,165,32,30,6181.873,-0.73,-0.18,-0.66,0.05,-9.86,1.43,0.71,0.80,-0.04,-0.07,46.19,-13.00,-29.50
1265.156,358,165,31,30,6181.898,-0.73,-0.19,-0.66,0.06,-9.18,1.14,-0.05,1.80,0.01,-0.11,46.19,-13.00,-29.50
1265.174,359,165,32,28,6181.92,-0.72,-0.21,-0.66,0.08,-9.81,2.00,-0.06,2.31,0.22,-0.22,45.50,-13.88,-29.06
1265.19,359,165,32,28,6181.945,-0.71,-0.22,-0.66,0.10,-10.21,3.13,0.28,1.89,0.32,-0.25,45.50,-13.88,-29.06
1265.209,361,164,32,30,6181.967,-0.71,-0.23,-0.66,0.10,-10.07,0.70,0.28,1.02,-0.09,0.08,45.19,-15.00,-24.75
1265.225,361,164,32,30,6181.992,-0.71,-0.24,-0.65,0.12,-9.19,0.21,-0.54,1.89,-0.31,0.27,45.19,-15.00,-24.75
1265.244,361,165,32,29,6182.012,-0.70,-0.26,-0.65,0.13,-9.36,1.67,0.34,2.50,-0.22,-0.04,46.00,-15.00,-22.06
1265.261,363,166,31,29,6182.035,-0.70,-0.27,-0.65,0.15,-9.50,2.92,0.02,2.02,0.10,-0.42,46.00,-15.00,-22.06
1265.277,363,166,31,29,6182.057,-0.69,-0.28,-0.64,0.16,-9.96,1.11,-0.78,1.88,0.13,-0.04,44.50,-15.50,-18.37
1265.303,363,165,32,29,6182.082,-0.68,-0.31,-0.64,0.18,-8.98,1.13,-1.12,2.25,0.12,0.41,44.50,-15.50,-18.37
1265.319,363,165,32,29,6182.103,-0.67,-0.32,-0.64,0.19,-10.08,2.15,0.56,2.35,0.17,0.12,45.56,-16.06,-14.69
1265.339,364,165,32,28,6182.127,-0.67,-0.33,-0.63,0.20,-9.69,2.65,0.64,1.66,-0.05,-0.49,45.56,-16.06,-14.69
1265.359,366,164,33,30,6182.148,-0.66,-0.34,-0.63,0.22,-9.57,1.73,-0.20,1.52,-0.18,-0.15,45.56,-16.06,-14.69
1265.375,366,164,33,30,6182.172,-0.65,-0.36,-0.62,0.23,-8.70,0.79,-1.33,2.07,-0.15,0.26,44.56,-15.06,-11.38
1265.395,368,165,31,29,6182.197,-0.65,-0.37,-0.62,0.25,-9.87,2.61,0.19,2.26,0.07,-0.12,44.56,-15.06,-11.38
1265.411,368,165,31,29,6182.219,-0.63,-0.39,-0.61,0.27,-9.84,2.36,0.70,1.84,0.01,-0.41,45.00,-17.19,-9.25
1265.433,368,164,33,31,6182.244,-0.63,-0.40,-0.61,0.28,-9.30,2.08,0.00,1.53,0.00,-0.19,45.00,-17.19,-9.25
1265.455,368,164,33,31,6182.264,-0.62,-0.41,-0.60,0.29,-9.46,0.63,-0.76,1.90,0.14,0.08,45.06,-15.88,-5.88
1265.471,368,164,33,31,6182.287,-0.61,-0.43,-0.60,0.30,-9.54,2.32,-1.33,2.47,0.39,0.08,45.06,-15.88,-5.88
1265.492,368,164,34,30,6182.309,-0.59,-0.44,-0.59,0.31,-10.09,2.03,0.05,1.66,0.39,-0.28,44.88,-17.56,-2.25
1265.51,370,164,32,29,6182.334,-0.59,-0.45,-0.59,0.32,-9.60,1.61,0.10,1.35,0.34,-0.34,44.88,-17.56,-2.25
1265.535,370,164,32,29,6182.354,-0.58,-0.46,-0.59,0.33,-9.47,0.25,-1.39,2.55,0.29,-0.29,45.25,-18.87,-0.37
1265.559,372,163,33,30,6182.377,-0.55,-0.48,-0.58,0.35,-9.48,1.74,-2.95,3.00,0.38,-0.24,45.25,-18.87,-0.37
1265.58,374,163,32,30,6182.4,-0.54,-0.49,-0.58,0.37,-10.65,2.02,-1.63,3.00,0.52,-0.27,45.25,-18.87,-0.37
1265.599,375,164,34,31,6182.424,-0.52,-0.50,-0.57,0.38,-9.75,1.41,-0.42,1.88,0.42,-0.43,45.69,-18.06,2.50
1265.622,375,164,34,31,6182.447,-0.51,-0.51,-0.57,0.39,-9.34,-0.58,-1.34,1.95,-0.01,-0.18,45.69,-18.06,2.50
1265.639,375,164,34,31,6182.469,-0.50,-0.53,-0.56,0.41,-9.36,0.96,-2.93,2.93,-0.07,-0.14,45.75,-17.69,4.69
1265.658,376,164,34,31,6182.494,-0.48,-0.54,-0.54,0.43,-9.70,1.69,-2.78,3.01,0.14,-0.17,45.75,-17.69,4.69
1265.679,379,164,32,30,6182.516,-0.46,-0.55,-0.53,0.44,-9.43,0.71,-0.59,2.23,0.17,-0.08,46.19,-16.25,7.69
1265.699,380,164,34,31,6182.541,-0.45,-0.57,-0.52,0.46,-9.46,-0.67,-1.70,2.01,-0.00,0.12,46.19,-16.25,7.69
1265.715,380,164,34,31,6182.563,-0.43,-0.58,-0.51,0.47,-9.62,-0.76,-2.65,2.33,-0.13,0.11,45.88,-15.69,10.19
1265.736,384,164,33,31,6182.586,-0.42,-0.59,-0.50,0.48,-10.33,0.95,-2.44,2.76,0.00,-0.25,45.88,-15.69,10.19
1265.752,384,164,33,31,6182.606,-0.40,-0.60,-0.48,0.50,-10.08,0.22,-1.15,2.16,-0.04,-0.27,46.25,-14.88,11.75
1265.771,384,164,33,30,6182.631,-0.39,-0.60,-0.47,0.51,-9.73,-1.35,-1.95,1.89,-0.19,-0.19,46.25,-14.88,11.75
1265.798,384,164,33,30,6182.653,-0.37,-0.61,-0.46,0.52,-9.99,-0.54,-2.27,2.32,-0.14,-0.44,47.38,-13.50,12.69
1265.814,384,164,33,30,6182.676,-0.36,-0.61,-0.46,0.54,-9.93,0.09,-1.17,2.01,-0.12,-0.41,47.38,-13.50,12.69
1265.83,384,164,33,30,6182.699,-0.34,-0.62,-0.44,0.55,-9.71,-1.11,-1.34,1.59,-0.21,-0.25,47.38,-13.50,12.69
1265.851,382,163,36,32,6182.723,-0.33,-0.62,-0.44,0.56,-9.55,-1.50,-2.51,1.63,-0.22,-0.15,46.69,-11.56,14.69
1265.87,383,163,35,31,6182.746,-0.32,-0.63,-0.43,0.57,-9.91,-0.53,-1.03,2.21,-0.11,-0.08,46.69,-11.56,14.69
1265.887,383,163,35,31,6182.768,-0.30,-0.64,-0.41,0.58,-9.86,-0.61,-0.89,2.07,-0.24,0.02,47.75,-9.38,16.06
1265.904,384,162,35,32,6182.793,-0.29,-0.64,-0.40,0.59,-9.54,-1.28,-1.39,1.69,-0.34,0.09,47.75,-9.38,16.06
1265.921,384,162,35,32,6182.815,-0.28,-0.64,-0.39,0.60,-9.47,-0.83,-2.03,1.70,-0.22,-0.04,47.38,-8.75,15.56
1265.942,382,161,36,32,6182.84,-0.27,-0.65,-0.37,0.61,-10.10,-0.70,-0.81,1.85,-0.08,-0.07,47.38,-8.75,15.56
1265.962,382,161,36,32,6182.86,-0.26,-0.65,-0.36,0.62,-9.79,-1.16,-1.04,1.53,-0.16,-0.03,47.38,-8.38,16.50
1265.987,382,160,35,32,6182.885,-0.25,-0.65,-0.35,0.62,-9.38,-2.16,-1.10,1.52,-0.12,-0.13,47.38,-8.38,16.50
1266.003,383,159,35,32,6182.905,-0.23,-0.66,-0.34,0.63,-9.79,-0.82,-0.67,1.86,0.02,-0.22,47.00,-6.88,16.25
1266.02,383,159,35,32,6182.93,-0.22,-0.66,-0.33,0.64,-9.78,-0.94,-0.44,1.83,0.00,-0.13,47.00,-6.88,16.25
1266.045,382,160,35,31,6182.952,-0.21,-0.66,-0.32,0.64,-9.41,-1.91,-0.67,1.63,-0.11,-0.09,47.00,-6.88,16.25
1266.062,381,159,36,32,6182.975,-0.20,-0.67,-0.31,0.65,-10.03,-0.86,-1.86,1.77,-0.06,-0.19,48.19,-5.50,16.87
1266.078,381,159,36,32,6182.995,-0.18,-0.67,-0.29,0.66,-10.05,-1.44,-1.44,1.67,0.02,-0.20,48.19,-5.50,16.87
1266.097,382,159,35,31,6183.02,-0.17,-0.67,-0.29,0.66,-9.71,-1.23,-0.50,1.77,-0.09,-0.28,47.38,-4.00,16.37
1266.122,382,159,35,31,6183.045,-0.15,-0.67,-0.28,0.67,-9.24,-0.91,-0.38,1.64,-0.29,-0.27,47.38,-4.00,16.37
1266.143,383,158,36,33,6183.067,-0.14,-0.67,-0.26,0.68,-9.33,-1.71,-0.41,1.44,-0.15,-0.12,47.75,-2.50,15.56
1266.159,383,158,36,33,6183.092,-0.13,-0.67,-0.25,0.68,-9.62,-1.66,-0.50,1.48,0.03,-0.07,47.75,-2.50,15.56
1266.176,383,158,36,32,6183.114,-0.12,-0.68,-0.24,0.69,-9.74,-1.94,-0.26,1.46,-0.06,-0.10,48.19,-1.25,16.00
1266.193,383,158,36,32,6183.137,-0.10,-0.68,-0.23,0.69,-9.46,-1.68,-0.47,1.50,-0.16,-0.18,48.19,-1.25,16.00
1266.211,383,158,37,33,6183.157,-0.09,-0.68,-0.22,0.70,-9.39,-1.38,-0.34,1.45,-0.18,-0.14,47.75,0.88,15.50
1266.227,383,158,37,33,6183.182,-0.08,-0.68,-0.21,0.70,-9.65,-1.69,-0.60,1.29,-0.10,-0.04,47.75,0.88,15.50
1266.245,382,157,37,34,6183.204,-0.08,-0.68,-0.21,0.70,-9.78,-1.68,-0.05,1.19,-0.08,-0.03,47.75,0.88,15.06
1266.262,382,157,37,34,6183.227,-0.06,-0.68,-0.19,0.71,-9.72,-1.87,-0.22,1.09,-0.19,-0.02,47.75,0.88,15.06
1266.287,382,157,37,34,6183.247,-0.06,-0.68,-0.19,0.71,-9.68,-2.02,0.46,1.04,-0.18,-0.04,47.75,0.88,15.06
1266.303,382,157,37,34,6183.272,-0.05,-0.68,-0.18,0.71,-9.63,-2.25,0.34,1.03,-0.16,-0.01,47.00,1.69,15.00
1266.321,380,157,37,34,6183.294,-0.05,-0.67,-0.17,0.72,-9.74,-2.30,0.44,0.99,-0.07,0.17,47.00,1.69,15.00
1266.339,378,157,38,35,6183.317,-0.04,-0.68,-0.16,0.72,-9.74,-1.94,0.36,1.04,-0.04,0.21,48.19,2.75,14.88
1266.356,378,157,38,35,6183.342,-0.03,-0.68,-0.15,0.72,-9.86,-2.03,0.10,1.05,-0.01,0.18,48.19,2.75,14.88
1266.375,374,157,38,35,6183.362,-0.03,-0.68,-0.14,0.72,-9.81,-2.40,0.28,1.23,0.00,-0.00,48.50,3.19,14.88
1266.391,374,157,38,35,6183.385,-0.02,-0.68,-0.14,0.72,-9.76,-1.17,0.04,1.43,-0.07,-0.15,48.50,3.19,14.88
1266.411,372,157,37,34,6183.407,-0.00,-0.68,-0.12,0.73,-9.78,-0.75,0.20,1.22,-0.07,-0.09,46.88,3.06,13.69
1266.443,370,156,36,34,6183.432,0.00,-0.68,-0.12,0.73,-9.63,-1.20,0.03,0.86,-0.10,0.07,46.88,3.06,13.69
1266.459,370,156,36,34,6183.452,0.01,-0.67,-0.11,0.73,-9.79,-1.27,0.38,0.71,-0.07,0.04,47.75,4.25,13.69
1266.483,366,156,38,35,6183.477,0.01,-0.67,-0.10,0.73,-9.34,-1.34,0.61,0.57,-0.06,0.00,47.75,4.25,13.69
1266.504,364,157,36,33,6183.497,0.02,-0.67,-0.10,0.73,-9.55,-1.50,0.48,0.42,0.02,0.08,47.75,4.25,13.69
1266.52,364,157,36,33,6183.522,0.02,-0.68,-0.10,0.73,-10.00,-1.73,0.63,0.31,0.14,0.14,48.19,4.25,14.00
1266.537,364,157,36,33,6183.544,0.02,-0.68,-0.09,0.73,-10.05,-1.66,0.45,0.18,0.04,0.07,48.19,4.25,14.00
1266.556,361,156,37,34,6183.567,0.02,-0.68,-0.09,0.73,-10.07,-1.60,0.42,0.08,0.01,0.05,47.75,3.88,13.88
1266.576,358,157,38,35,6183.591,0.02,-0.68,-0.09,0.73,-9.75,-1.61,0.49,0.02,-0.05,0.02,47.75,3.88,13.88
1266.597,358,157,38,35,6183.612,0.02,-0.68,-0.09,0.73,-9.44,-1.68,0.77,-0.08,0.01,-0.11,47.00,4.56,14.25
1266.62,358,157,37,34,6183.634,0.02,-0.68,-0.09,0.73,-9.44,-1.56,0.57,-0.19,0.14,-0.07,47.00,4.56,14.25
1266.64,356,157,38,34,6183.657,0.02,-0.68,-0.10,0.73,-9.81,-1.95,0.48,-0.35,0.15,0.16,47.00,4.19,13.75
1266.657,356,157,38,34,6183.682,0.01,-0.68,-0.10,0.73,-9.93,-1.98,0.30,-0.40,0.12,0.28,47.00,4.19,13.75
1266.675,355,158,38,34,6183.702,0.01,-0.68,-0.10,0.73,-10.02,-2.15,0.19,-0.28,0.05,0.10,47.00,4.19,13.50
1266.691,355,158,38,34,6183.725,0.00,-0.68,-0.10,0.73,-9.86,-1.18,0.01,-0.20,-0.01,0.02,47.00,4.19,13.50
1266.71,355,158,38,35,6183.747,0.00,-0.68,-0.10,0.73,-9.71,-1.61,0.34,-0.35,-0.00,0.12,47.00,4.19,13.50
1266.727,355,158,38,35,6183.77,-0.00,-0.68,-0.10,0.73,-9.76,-1.70,0.37,-0.29,0.03,0.15,47.00,3.50,14.56
1266.746,355,159,38,34,6183.794,-0.00,-0.68,-0.10,0.72,-9.55,-1.38,0.47,-0.26,0.01,0.08,47.00,3.50,14.56
1266.77,355,159,39,35,6183.817,-0.01,-0.68,-0.11,0.72,-9.45,-1.20,0.51,-0.34,0.05,0.08,47.00,3.06,14.25
1266.786,355,159,39,35,6183.839,-0.01,-0.68,-0.11,0.72,-9.58,-1.58,0.17,-0.48,0.13,0.13,47.00,3.06,14.25
1266.803,356,159,39,35,6183.862,-0.01,-0.68,-0.11,0.72,-9.82,-1.36,0.19,-0.59,0.16,0.14,47.75,3.06,14.25
1266.82,356,159,39,35,6183.884,-0.02,-0.68,-0.12,0.72,-9.72,-1.45,0.21,-0.68,0.16,0.14,47.75,3.06,14.25
1266.843,356,159,39,35,6183.905,-0.03,-0.69,-0.12,0.72,-9.78,-1.19,-0.08,-0.73,0.17,0.11,47.00,2.69,15.38
1266.86,360,159,37,33,6183.929,-0.03,-0.69,-0.13,0.71,-9.93,-1.34,-0.10,-0.88,0.24,0.15,47.00,2.69,15.38
1266.876,360,159,37,33,6183.952,-0.04,-0.69,-0.13,0.71,-10.00,-1.17,-0.13,-1.03,0.25,0.22,46.69,2.38,15.38
1266.893,360,159,37,33,6183.974,-0.05,-0.69,-0.14,0.71,-9.96,-0.80,-0.04,-1.52,0.26,0.33,46.69,2.38,15.38
1266.912,362,158,37,34,6183.995,-0.07,-0.69,-0.15,0.70,-9.32,-1.84,-0.41,-1.63,0.27,0.36,46.69,2.38,15.38
1266.94,362,158,37,34,6184.019,-0.08,-0.69,-0.16,0.70,-9.62,-1.10,0.13,-1.42,0.39,0.27,46.69,1.19,16.19
1266.962,366,159,35,33,6184.042,-0.09,-0.70,-0.17,0.69,-9.98,-1.01,-0.15,-1.62,0.23,0.32,46.69,1.19,16.19
1266.99,367,158,39,35,6184.065,-0.11,-0.70,-0.18,0.69,-9.62,-1.16,-0.16,-1.83,0.14,0.17,47.00,-0.56,16.19
1267.016,370,158,37,34,6184.089,-0.12,-0.70,-0.19,0.68,-9.41,-1.63,-1.12,-1.72,0.16,-0.06,47.00,-0.56,16.19
1267.032,370,158,37,34,6184.112,-0.13,-0.69,-0.20,0.68,-10.04,0.12,-0.25,-1.44,0.07,0.13,47.38,-2.38,17.00
1267.065,372,157,36,34,6184.134,-0.15,-0.69,-0.22,0.67,-9.92,-2.15,-0.86,-1.90,-0.14,0.36,47.38,-2.38,17.00
1267.087,374,157,37,34,6184.157,-0.16,-0.69,-0.23,0.67,-9.53,-1.66,-0.96,-1.70,-0.04,0.11,47.38,-2.75,17.00
1267.112,374,158,37,33,6184.181,-0.17,-0.69,-0.24,0.66,-9.80,-0.02,-0.09,-1.28,0.29,-0.12,47.38,-2.75,17.00
1267.128,374,158,37,33,6184.204,-0.18,-0.69,-0.25,0.66,-9.85,0.47,-0.28,-1.83,0.34,0.16,47.25,-4.69,15.69
1267.151,376,158,35,32,6184.226,-0.20,-0.69,-0.26,0.65,-9.50,-2.86,-2.07,-2.27,0.20,0.45,47.25,-4.69,15.69
1267.172,379,157,34,32,6184.247,-0.22,-0.68,-0.27,0.64,-9.83,-1.70,-1.86,-1.59,0.29,0.13,47.25,-4.69,15.69
1267.188,379,157,34,32,6184.271,-0.22,-0.68,-0.28,0.64,-10.11,0.30,-0.03,-1.18,0.15,-0.05,46.88,-6.25,16.87
1267.207,381,158,35,31,6184.294,-0.23,-0.68,-0.29,0.63,-10.15,0.63,-0.86,-1.79,-0.14,0.17,46.88,-6.25,16.87
1267.223,381,158,35,31,6184.316,-0.25,-0.67,-0.31,0.62,-9.57,-1.67,-1.39,-2.38,-0.16,0.28,46.88,-6.88,15.56
1267.248,383,158,34,31,6184.341,-0.27,-0.67,-0.32,0.62,-9.15,-1.11,-2.24,-1.55,0.38,-0.08,46.88,-6.88,15.56
1267.288,383,158,34,31,6184.364,-0.27,-0.67,-0.33,0.61,-10.10,0.94,0.16,-1.36,0.32,0.02,47.69,-8.06,14.75
1267.307,385,157,37,32,6184.388,-0.29,-0.66,-0.34,0.60,-9.89,0.53,-0.70,-2.10,-0.07,0.30,47.69,-8.06,14.75
1267.327,384,156,36,32,6184.411,-0.31,-0.66,-0.35,0.59,-8.87,-1.82,-2.21,-2.64,-0.06,0.37,46.75,-9.19,16.69
1267.349,384,157,35,31,6184.433,-0.32,-0.65,-0.36,0.58,-9.99,0.22,-0.81,-1.57,0.46,0.14,46.75,-9.19,16.69
1267.371,384,157,35,31,6184.454,-0.34,-0.65,-0.38,0.57,-10.40,0.85,-0.18,-1.62,0.25,0.14,45.75,-11.88,16.19
1267.391,384,156,35,31,6184.478,-0.35,-0.64,-0.39,0.56,-9.74,0.32,-1.06,-2.20,-0.14,0.15,45.75,-11.88,16.19
1267.41,382,155,36,33,6184.501,-0.37,-0.63,-0.40,0.55,-8.99,-0.15,-2.50,-2.09,0.15,0.10,46.56,-12.88,15.38
1267.435,382,155,36,33,6184.523,-0.38,-0.63,-0.41,0.54,-10.04,1.05,-0.57,-1.83,0.35,0.18,46.56,-12.88,15.38
1267.456,382,155,34,30,6184.546,-0.40,-0.62,-0.42,0.53,-10.27,1.79,-0.07,-2.35,0.05,0.32,46.56,-12.88,15.38
1267.474,379,153,36,33,6184.57,-0.42,-0.61,-0.44,0.52,-9.67,0.14,-1.59,-3.14,-0.21,0.47,46.19,-14.69,13.75
1267.49,379,153,36,33,6184.593,-0.44,-0.60,-0.45,0.50,-9.87,0.32,-1.67,-2.77,0.16,0.28,46.19,-14.69,13.75
1267.508,381,154,31,29,6184.617,-0.46,-0.58,-0.47,0.48,-10.33,1.26,-0.56,-2.11,0.30,0.09,45.38,-15.75,11.69
1267.524,381,154,31,29,6184.64,-0.47,-0.58,-0.48,0.47,-10.26,1.89,-1.02,-2.49,0.02,0.02,45.38,-15.75,11.69
1267.548,377,153,37,33,6184.663,-0.48,-0.56,-0.49,0.46,-9.77,0.31,-2.08,-2.73,0.04,0.11,46.06,-18.25,10.50
1267.57,380,154,28,28,6184.687,-0.50,-0.55,-0.50,0.44,-9.91,0.87,-1.51,-2.20,0.14,0.02,46.06,-18.25,10.50
1267.593,380,154,28,28,6184.71,-0.51,-0.54,-0.51,0.43,-9.99,1.50,-0.66,-1.84,0.08,-0.03,46.06,-19.37,8.38
1267.609,380,154,28,28,6184.732,-0.52,-0.53,-0.52,0.42,-9.53,1.50,-1.16,-2.20,-0.16,0.15,46.06,-19.37,8.38
1267.64,375,153,35,33,6184.753,-0.54,-0.51,-0.53,0.40,-9.42,0.77,-1.36,-2.49,-0.07,0.29,46.06,-19.69,6.06
1267.661,374,150,35,36,6184.777,-0.55,-0.50,-0.54,0.39,-9.63,0.27,-1.79,-1.89,0.20,0.19,46.06,-19.69,6.06
1267.68,372,151,34,36,6184.8,-0.56,-0.50,-0.54,0.38,-9.91,1.08,-0.79,-0.94,0.34,-0.07,46.06,-19.69,6.06
1267.697,372,151,34,36,6184.822,-0.56,-0.49,-0.55,0.38,-9.69,1.82,-0.63,-0.93,0.14,-0.12,46.75,-20.75,3.69
1267.716,371,151,35,37,6184.843,-0.56,-0.49,-0.56,0.37,-9.55,1.43,-0.86,-1.37,0.07,0.06,46.75,-20.75,3.69
1267.732,371,151,35,37,6184.867,-0.57,-0.48,-0.56,0.36,-9.33,0.72,-0.99,-1.65,0.09,0.20,46.06,-20.37,4.00
1267.759,373,152,34,37,6184.89,-0.58,-0.47,-0.57,0.35,-9.57,0.81,-1.09,-0.86,0.23,0.01,46.06,-20.37,4.00
1267.776,373,152,34,37,6184.912,-0.58,-0.47,-0.57,0.34,-9.73,2.06,-0.30,-0.78,0.30,-0.05,46.06,-20.37,1.19
1267.794,375,157,34,30,6184.937,-0.58,-0.46,-0.58,0.34,-9.70,2.60,-0.25,-1.13,0.18,0.05,46.06,-20.37,1.19
1267.815,376,158,32,30,6184.96,-0.59,-0.45,-0.58,0.33,-9.59,2.33,-0.63,-1.84,0.03,0.24,45.25,-21.06,0.00
1267.831,376,158,32,30,6184.982,-0.60,-0.44,-0.59,0.31,-9.59,1.05,-0.92,-2.59,-0.04,0.38,45.25,-21.06,0.00
1267.849,377,159,31,28,6185.003,-0.62,-0.42,-0.59,0.29,-9.48,0.93,-0.84,-2.06,-0.01,0.28,45.25,-21.56,-2.38
1267.867,377,159,31,28,6185.027,-0.63,-0.42,-0.60,0.28,-9.54,1.48,-0.59,-1.45,0.07,0.16,45.25,-21.56,-2.38
1267.889,376,159,34,30,6185.05,-0.63,-0.41,-0.60,0.27,-9.53,2.05,-0.57,-1.24,0.11,0.10,45.69,-20.87,-3.06
1267.914,378,161,31,29,6185.072,-0.63,-0.40,-0.61,0.26,-9.45,2.76,-0.17,-1.71,0.20,0.13,45.69,-20.87,-3.06
1267.93,378,161,31,29,6185.095,-0.64,-0.39,-0.61,0.24,-9.75,1.93,-0.14,-2.18,0.20,0.21,45.69,-20.87,-3.06
1267.95,377,162,33,29,6185.119,-0.65,-0.38,-0.62,0.23,-9.57,1.36,-0.58,-1.94,0.18,0.16,45.00,-20.56,-4.25
1267.966,377,162,33,29,6185.142,-0.66,-0.37,-0.62,0.22,-9.59,2.03,-0.17,-1.42,0.20,0.02,45.00,-20.56,-4.25
1267.987,379,163,31,28,6185.164,-0.66,-0.35,-0.63,0.20,-9.67,2.63,-0.17,-1.46,0.24,0.02,45.25,-20.56,-6.25
1268.003,379,163,31,28,6185.189,-0.67,-0.34,-0.63,0.19,-9.58,2.76,-0.16,-1.94,0.20,0.05,45.25,-20.56,-6.25
1268.023,379,164,31,28,6185.211,-0.67,-0.33,-0.64,0.18,-9.54,1.78,-0.86,-1.68,0.36,0.00,44.56,-19.75,-9.38
1268.039,379,164,31,28,6185.234,-0.67,-0.32,-0.65,0.16,-9.73,1.84,-0.24,-1.27,0.59,-0.14,44.56,-19.75,-9.38
1268.06,377,163,32,30,6185.254,-0.67,-0.31,-0.65,0.15,-9.81,2.93,0.25,-1.40,0.49,-0.21,45.00,-18.06,-9.50
1268.089,378,166,29,27,6185.279,-0.68,-0.30,-0.66,0.14,-9.70,2.89,-0.11,-2.01,0.29,-0.15,45.00,-18.06,-9.50
1268.105,378,166,29,27,6185.302,-0.68,-0.28,-0.66,0.13,-10.07,1.98,0.59,-3.10,0.17,-0.13,44.56,-18.19,-11.88
1268.131,375,165,30,28,6185.324,-0.69,-0.25,-0.67,0.10,-9.41,1.12,-0.50,-2.54,0.14,-0.09,44.56,-18.19,-11.88
1268.153,371,165,32,30,6185.347,-0.69,-0.24,-0.67,0.09,-9.19,1.40,-0.41,-1.47,0.31,-0.10,44.56,-18.19,-11.88
1268.169,371,165,32,30,6185.369,-0.69,-0.23,-0.68,0.08,-9.40,2.09,-0.54,-1.15,0.53,-0.05,45.56,-15.25,-14.19
1268.189,369,166,32,30,6185.392,-0.69,-0.22,-0.68,0.07,-9.43,2.30,0.35,-1.37,0.37,-0.02,45.56,-15.25,-14.19
1268.208,368,167,33,30,6185.416,-0.70,-0.21,-0.69,0.06,-9.44,1.95,0.13,-1.91,0.17,-0.02,46.38,-14.69,-15.38
1268.224,368,167,33,30,6185.441,-0.70,-0.19,-0.69,0.04,-9.47,1.20,-0.42,-1.72,-0.02,-0.00,46.38,-14.69,-15.38
1268.251,369,168,33,30,6185.463,-0.70,-0.18,-0.69,0.03,-9.46,1.81,-0.06,-1.21,0.04,0.03,46.00,-14.00,-16.56
1268.268,369,168,33,30,6185.488,-0.70,-0.17,-0.69,0.02,-9.78,1.47,-0.07,-0.87,0.05,0.07,46.00,-14.00,-16.56
1268.287,371,170,31,29,6185.51,-0.70,-0.17,-0.69,0.02,-9.67,1.98,-0.07,-0.43,0.08,0.06,47.00,-13.00,-19.00
1268.306,370,170,31,28,6185.531,-0.70,-0.17,-0.69,0.02,-9.70,1.60,-0.10,-0.33,-0.03,0.13,47.00,-13.00,-19.00
1268.322,370,170,31,28,6185.553,-0.71,-0.17,-0.69,0.01,-9.61,2.07,0.18,-0.07,-0.03,0.09,47.25,-12.00,-20.19
1268.339,370,170,31,28,6185.578,-0.71,-0.17,-0.69,0.01,-9.72,2.25,0.21,-0.07,-0.03,0.04,47.25,-12.00,-20.19
1268.357,366,170,34,30,6185.601,-0.71,-0.16,-0.69,0.01,-9.76,2.15,0.06,-0.18,-0.09,-0.01,46.75,-12.19,-20.06
1268.373,366,170,34,30,6185.621,-0.71,-0.16,-0.69,0.01,-9.60,2.16,-0.06,-0.02,-0.06,-0.02,46.75,-12.19,-20.06
1268.391,367,169,32,30,6185.644,-0.71,-0.16,-0.69,0.01,-9.71,2.18,0.04,0.11,-0.02,0.01,46.75,-12.19,-20.06
1268.414,367,169,32,30,6185.666,-0.71,-0.17,-0.69,0.01,-9.74,2.09,0.19,0.13,-0.03,0.02,47.19,-12.88,-22.00
1268.435,366,170,32,29,6185.691,-0.71,-0.17,-0.69,0.01,-9.73,2.13,0.00,0.16,-0.12,-0.04,47.19,-12.88,-22.00
1268.453,366,169,34,30,6185.711,-0.71,-0.17,-0.69,0.01,-9.66,1.88,-0.09,0.26,-0.21,-0.07,46.25,-12.69,-21.19
1268.47,366,169,34,30,6185.736,-0.71,-0.17,-0.68,0.02,-9.65,1.70,0.01,0.56,-0.24,-0.06,46.25,-12.69,-21.19
1268.502,366,169,34,31,6185.758,-0.71,-0.17,-0.68,0.03,-9.68,2.05,0.36,0.86,-0.26,-0.07,46.00,-12.75,-20.75
1268.522,367,168,32,30,6185.781,-0.71,-0.18,-0.68,0.03,-9.88,1.81,0.08,1.07,-0.33,-0.10,46.00,-12.75,-20.75
1268.54,367,168,33,30,6185.801,-0.71,-0.19,-0.68,0.05,-9.66,1.91,0.01,1.36,-0.37,-0.13,46.69,-14.25,-20.06
1268.556,367,168,33,30,6185.826,-0.71,-0.20,-0.67,0.06,-9.45,1.72,-0.08,1.65,-0.35,-0.10,46.69,-14.25,-20.06
1268.585,366,168,33,30,6185.846,-0.71,-0.21,-0.67,0.07,-9.49,1.59,-0.18,2.06,-0.20,-0.05,46.00,-14.25,-20.69
1268.602,366,168,33,30,6185.871,-0.70,-0.23,-0.67,0.09,-9.92,2.16,0.38,2.80,-0.04,-0.05,46.00,-14.25,-20.69
1268.621,367,167,32,30,6185.891,-0.69,-0.26,-0.66,0.12,-10.01,2.33,0.18,2.70,-0.25,-0.12,46.00,-14.25,-20.69
1268.641,366,167,34,30,6185.916,-0.69,-0.27,-0.66,0.13,-9.33,2.03,-0.29,2.41,-0.42,-0.14,46.00,-16.06,-16.37
1268.659,366,167,34,30,6185.94,-0.69,-0.29,-0.65,0.15,-8.89,1.58,-0.57,2.47,-0.08,-0.06,46.00,-16.06,-16.37
1268.675,366,167,34,30,6185.963,-0.67,-0.31,-0.65,0.18,-10.19,2.53,1.01,2.96,0.20,-0.36,44.50,-17.56,-13.69
1268.711,367,166,33,31,6185.988,-0.66,-0.33,-0.64,0.20,-10.06,2.10,-0.43,2.80,-0.10,-0.36,44.50,-17.56,-13.69
1268.74,369,165,32,30,6186.01,-0.66,-0.34,-0.64,0.21,-9.81,1.82,-1.06,1.96,-0.51,0.16,44.50,-18.69,-11.00
1268.762,372,165,32,29,6186.033,-0.65,-0.36,-0.62,0.23,-9.34,0.71,-0.91,2.17,-0.38,0.44,44.50,-18.69,-11.00
1268.778,375,165,30,27,6186.053,-0.65,-0.37,-0.62,0.24,-10.13,2.80,0.22,2.32,-0.25,-0.19,44.69,-19.50,-8.56
1268.795,375,165,30,27,6186.078,-0.64,-0.38,-0.61,0.26,-9.62,2.71,-0.22,1.69,-0.42,-0.20,44.69,-19.50,-8.56
1268.811,375,165,30,27,6186.1,-0.64,-0.39,-0.61,0.27,-9.59,0.38,-1.18,1.89,-0.45,0.08,45.06,-20.75,-7.75
1268.83,374,163,32,29,6186.123,-0.63,-0.41,-0.59,0.29,-8.63,1.76,-0.77,2.82,-0.30,0.31,45.06,-20.75,-7.75
1268.847,375,162,32,29,6186.145,-0.62,-0.43,-0.58,0.31,-10.05,2.78,0.14,2.63,-0.03,0.07,45.06,-20.75,-7.75
1268.864,375,162,32,29,6186.17,-0.61,-0.44,-0.58,0.32,-9.90,2.62,-0.01,2.24,0.10,-0.44,44.38,-21.56,-5.00
1268.892,375,161,33,31,6186.19,-0.59,-0.46,-0.57,0.34,-9.74,1.35,-1.24,2.34,-0.00,-0.29,44.38,-21.56,-5.00
1268.908,375,161,33,31,6186.215,-0.58,-0.47,-0.56,0.36,-9.33,0.59,-1.97,2.75,0.05,0.03,45.38,-22.50,-2.25
1268.93,374,161,32,29,6186.24,-0.56,-0.49,-0.55,0.37,-9.50,1.33,-0.93,3.38,0.29,0.21,45.38,-22.50,-2.25
1268.949,374,160,34,31,6186.262,-0.55,-0.51,-0.54,0.39,-10.44,2.51,-0.38,2.54,0.29,-0.11,45.38,-21.75,0.50
1268.965,374,160,34,31,6186.285,-0.53,-0.53,-0.53,0.40,-10.12,2.12,-0.76,1.86,0.04,-0.28,45.38,-21.75,0.50
1268.99,375,160,32,30,6186.307,-0.52,-0.54,-0.52,0.41,-9.25,0.19,-1.99,1.79,-0.12,-0.20,45.38,-21.37,3.69
1269.01,375,160,33,30,6186.33,-0.50,-0.55,-0.51,0.43,-9.11,1.27,-1.58,3.27,0.24,-0.08,45.38,-21.37,3.69
1269.026,375,160,33,30,6186.352,-0.47,-0.57,-0.50,0.45,-9.87,2.06,-0.42,3.36,0.29,-0.03,46.00,-20.75,4.75
1269.044,375,160,33,30,6186.377,-0.46,-0.58,-0.48,0.46,-9.76,1.27,-0.76,2.52,0.13,0.00,46.00,-20.75,4.75
1269.074,375,159,34,32,6186.397,-0.45,-0.59,-0.48,0.47,-9.30,0.37,-1.88,2.01,0.04,0.01,46.75,-18.19,7.19
1269.094,376,160,35,31,6186.42,-0.42,-0.62,-0.45,0.49,-9.52,0.65,-1.67,2.31,0.19,-0.11,46.75,-18.19,7.19
1269.111,376,160,35,31,6186.442,-0.40,-0.63,-0.43,0.51,-9.66,1.37,-1.24,2.44,0.12,-0.20,46.75,-18.19,7.19
1269.127,378,160,32,30,6186.465,-0.37,-0.65,-0.41,0.53,-9.69,0.81,-1.34,1.97,-0.02,-0.16,45.69,-18.19,10.50
1269.144,378,160,32,30,6186.489,-0.36,-0.66,-0.40,0.53,-9.34,-0.05,-1.95,1.81,-0.06,-0.13,45.69,-18.19,10.50
1269.163,377,159,34,32,6186.512,-0.32,-0.68,-0.36,0.56,-9.27,-1.10,-2.55,2.52,0.10,-0.17,46.38,-16.37,12.00
1269.183,379,160,33,29,6186.536,-0.30,-0.68,-0.35,0.57,-10.01,0.02,-1.41,3.03,0.08,-0.26,46.38,-16.37,12.00
1269.205,379,160,33,29,6186.557,-0.26,-0.70,-0.32,0.58,-10.26,0.86,-1.51,2.71,-0.21,-0.25,43.69,-14.50,12.88
1269.224,380,159,32,30,6186.579,-0.25,-0.70,-0.31,0.59,-8.98,-0.70,-2.32,1.65,-0.13,0.20,43.69,-14.50,12.88
1269.24,380,159,32,30,6186.602,-0.22,-0.72,-0.27,0.60,-9.71,-0.59,-1.77,1.85,0.04,0.32,46.25,-12.06,15.00
1269.259,381,159,32,29,6186.627,-0.21,-0.72,-0.26,0.61,-10.17,-0.05,-1.31,1.81,-0.05,0.25,46.25,-12.06,15.00
1269.277,382,158,33,30,6186.649,-0.20,-0.72,-0.25,0.61,-9.76,-0.48,-1.52,1.67,-0.27,0.07,44.75,-11.38,15.25
1269.294,382,158,33,30,6186.672,-0.17,-0.73,-0.21,0.63,-9.43,-0.74,-1.89,1.99,-0.15,-0.09,44.75,-11.38,15.25
1269.31,384,157,33,31,6186.694,-0.15,-0.73,-0.20,0.63,-9.51,-0.18,-2.24,2.13,-0.07,-0.13,44.75,-11.38,15.25
1269.327,384,157,33,31,6186.717,-0.12,-0.74,-0.17,0.64,-9.75,-0.56,-1.99,2.18,-0.01,-0.00,44.75,-10.56,16.56
1269.346,386,157,35,31,6186.739,-0.10,-0.74,-0.16,0.64,-9.83,-1.14,-1.95,2.41,-0.12,-0.09,44.75,-10.56,16.56
1269.369,386,157,35,31,6186.762,-0.06,-0.75,-0.12,0.65,-9.69,-0.82,-1.79,2.46,-0.12,-0.20,45.56,-9.50,16.19
1269.398,389,157,34,31,6186.786,-0.04,-0.75,-0.10,0.65,-9.38,-0.67,-1.28,2.48,-0.12,-0.20,45.56,-9.50,16.19
1269.415,389,157,34,31,6186.809,-0.01,-0.75,-0.08,0.66,-9.69,-0.46,-1.44,2.34,-0.09,0.00,44.00,-7.56,15.75
1269.431,391,156,35,32,6186.831,0.01,-0.75,-0.05,0.66,-9.72,-0.96,-1.59,2.17,-0.10,0.04,44.00,-7.56,15.75
1269.449,391,156,35,32,6186.854,0.04,-0.75,-0.02,0.66,-9.96,-1.17,-1.55,2.19,-0.08,-0.07,44.25,-4.88,18.06
1269.472,390,156,36,33,6186.876,0.06,-0.75,-0.01,0.66,-9.79,-0.64,-1.44,2.22,-0.12,-0.30,44.25,-4.88,18.06
1269.491,392,154,37,35,6186.899,0.07,-0.74,-0.00,0.66,-9.86,-0.62,-1.62,2.20,-0.15,-0.38,44.25,-3.69,18.19
1269.513,392,154,37,35,6186.921,0.11,-0.74,0.03,0.66,-9.93,-0.56,-1.24,2.10,-0.16,-0.46,44.25,-3.69,18.19
1269.543,395,155,32,32,6186.944,0.13,-0.74,0.04,0.66,-9.83,-0.56,-1.19,1.92,-0.23,-0.52,44.25,-3.69,18.19
1269.56,394,154,34,32,6186.967,0.16,-0.73,0.06,0.66,-9.45,-1.30,-0.84,1.55,-0.15,-0.52,44.00,-0.69,17.25
1269.577,394,154,34,32,6186.989,0.17,-0.73,0.06,0.66,-9.63,-1.32,-0.69,1.54,-0.15,-0.63,44.00,-0.69,17.25
1269.6,395,154,35,33,6187.012,0.21,-0.72,0.08,0.65,-9.33,-2.23,-0.43,1.50,-0.15,-0.67,44.00,0.69,16.87
1269.621,397,154,31,32,6187.036,0.22,-0.72,0.09,0.65,-9.21,-1.69,-0.18,1.59,-0.17,-0.64,44.00,0.69,16.87
1269.637,397,154,31,32,6187.059,0.24,-0.71,0.10,0.65,-9.32,-2.53,0.14,1.25,-0.03,-0.28,44.00,1.88,16.06
1269.662,396,153,30,32,6187.081,0.26,-0.71,0.11,0.65,-9.30,-2.93,-0.26,1.17,0.01,-0.18,44.00,1.88,16.06
1269.679,392,150,37,38,6187.102,0.27,-0.71,0.13,0.64,-9.85,-2.53,-0.17,1.01,0.10,-0.10,43.50,4.19,15.56
1269.701,392,150,37,38,6187.126,0.28,-0.70,0.13,0.64,-10.19,-2.98,-0.53,0.94,0.03,-0.04,43.50,4.19,15.56
1269.726,395,153,29,31,6187.149,0.29,-0.70,0.14,0.64,-10.85,-2.73,-0.75,1.02,-0.34,-0.11,43.50,4.25,14.38
1269.746,392,154,32,30,6187.171,0.30,-0.69,0.15,0.64,-10.03,-1.48,-0.69,1.03,-0.47,-0.22,43.50,4.25,14.38
1269.762,392,154,32,30,6187.192,0.31,-0.69,0.15,0.64,-9.72,-0.89,-0.17,0.74,-0.41,-0.20,43.50,4.25,14.38
1269.779,392,154,32,30,6187.216,0.31,-0.69,0.15,0.64,-9.18,-0.97,0.32,-0.03,-0.09,-0.13,43.38,4.56,14.25
1269.804,388,152,36,34,6187.239,0.31,-0.69,0.15,0.64,-9.59,-2.73,0.38,-0.17,0.11,-0.22,43.38,4.56,14.25
1269.826,390,154,29,29,6187.264,0.31,-0.69,0.14,0.64,-9.80,-2.68,0.37,-0.04,-0.03,-0.27,43.25,5.50,13.56
1269.843,390,154,29,29,6187.286,0.31,-0.69,0.14,0.64,-9.32,-2.36,-0.10,-0.18,-0.01,-0.15,43.25,5.50,13.56
1269.877,386,153,34,33,6187.309,0.31,-0.69,0.14,0.64,-9.64,-2.61,-0.37,-0.33,0.12,-0.07,43.19,5.50,14.19
1269.897,386,153,34,33,6187.333,0.31,-0.69,0.14,0.64,-9.90,-3.02,-0.42,-0.31,0.07,0.04,43.19,5.50,14.19
1269.92,385,153,33,32,6187.356,0.31,-0.69,0.14,0.64,-9.71,-2.70,-0.49,-0.21,-0.07,0.08,43.19,6.19,13.50
1269.941,383,155,31,29,6187.378,0.31,-0.69,0.13,0.64,-9.43,-2.43,-0.12,-0.22,-0.09,0.13,43.19,6.19,13.50
1269.959,380,155,32,30,6187.399,0.30,-0.69,0.13,0.64,-9.36,-2.99,0.05,-0.28,-0.03,0.17,43.06,7.00,13.75
1269.976,380,155,32,30,6187.423,0.30,-0.69,0.13,0.64,-9.37,-2.42,-0.07,-0.23,-0.04,0.18,43.06,7.00,13.75
1270,375,151,38,36,6187.444,0.30,-0.69,0.13,0.64,-9.42,-2.15,0.20,-0.30,-0.01,0.23,43.06,7.00,13.75
1270.036,374,151,33,37,6187.468,0.29,-0.69,0.13,0.64,-9.55,-2.50,-0.18,-0.53,0.07,0.21,42.69,6.56,13.06
1270.054,372,155,31,30,6187.489,0.28,-0.70,0.13,0.65,-10.07,-2.39,-0.35,-0.68,0.10,0.21,42.69,6.56,13.06
1270.07,372,155,31,30,6187.511,0.29,-0.70,0.13,0.64,-9.80,-2.64,-0.62,-0.76,-0.03,0.24,43.50,5.06,14.19
1270.091,366,154,38,35,6187.536,0.28,-0.70,0.13,0.65,-9.79,-2.08,-0.55,-1.04,-0.05,0.34,43.50,5.06,14.19
1270.108,366,154,38,35,6187.558,0.28,-0.70,0.14,0.64,-9.32,-1.34,-0.07,-1.53,0.10,0.51,43.50,5.06,14.56
1270.131,365,153,39,37,6187.581,0.25,-0.71,0.12,0.65,-9.51,-1.20,-0.54,-2.28,0.49,0.61,43.50,5.06,14.56
1270.147,365,153,39,37,6187.603,0.24,-0.72,0.12,0.64,-9.86,-3.01,-1.34,-2.55,0.70,0.54,43.75,4.00,15.00
1270.187,368,155,33,33,6187.626,0.22,-0.72,0.11,0.64,-10.49,-1.96,-0.72,-2.62,0.20,0.42,43.75,4.00,15.00
1270.231,365,154,39,35,6187.649,0.20,-0.73,0.10,0.65,-9.72,-1.27,0.68,-3.39,0.00,0.25,44.19,2.06,15.75
1270.254,365,153,40,37,6187.671,0.17,-0.74,0.08,0.65,-8.29,-2.06,-1.52,-3.35,0.01,-0.22,44.19,2.06,15.75
1270.272,369,156,32,31,6187.692,0.15,-0.74,0.06,0.65,-7.97,-2.52,-3.46,-2.42,0.32,-0.33,44.19,2.06,15.75
1270.291,366,154,38,35,6187.716,0.15,-0.75,0.05,0.64,-10.32,-1.15,-1.64,-1.90,0.32,0.19,43.50,-0.37,16.19
1270.307,366,154,38,35,6187.739,0.13,-0.75,0.04,0.64,-10.31,-0.21,0.18,-2.10,-0.41,0.02,43.50,-0.37,16.19
1270.327,366,154,38,36,6187.761,0.12,-0.75,0.03,0.65,-9.53,-0.93,0.19,-2.63,-0.52,-0.18,44.19,-1.56,16.87
1270.343,366,154,38,36,6187.786,0.10,-0.75,0.01,0.65,-7.77,-0.90,-3.50,-2.59,-0.00,-0.20,44.19,-1.56,16.87
1270.375,370,155,31,32,6187.808,0.09,-0.76,0.01,0.65,-10.51,-0.83,-0.61,-2.19,0.53,0.11,44.56,-4.56,16.06
1270.398,367,156,36,32,6187.831,0.06,-0.76,-0.01,0.64,-10.70,-0.20,-0.35,-2.55,-0.15,0.06,44.56,-4.56,16.06
1270.417,367,154,38,35,6187.851,0.05,-0.76,-0.02,0.65,-9.29,-0.25,-0.98,-3.02,-0.59,0.03,45.25,-4.50,17.19
1270.434,367,154,38,35,6187.876,0.03,-0.76,-0.04,0.65,-8.38,-1.34,-3.42,-2.33,0.03,0.29,45.25,-4.50,17.19
1270.453,367,153,39,36,6187.898,0.01,-0.76,-0.05,0.65,-9.77,-1.51,-2.68,-1.71,0.47,0.22,44.56,-6.25,15.19
1270.469,367,153,39,36,6187.921,-0.00,-0.76,-0.05,0.64,-10.44,-0.42,-0.54,-1.73,0.20,0.30,44.56,-6.25,15.19
1270.486,367,153,39,36,6187.941,-0.02,-0.76,-0.06,0.64,-10.12,-0.46,-1.86,-2.19,-0.33,0.29,44.56,-6.25,15.19
1270.509,369,153,37,35,6187.966,-0.04,-0.76,-0.08,0.64,-9.64,-1.20,-3.13,-1.68,-0.20,0.19,45.00,-9.25,16.37
1270.539,374,152,33,34,6187.988,-0.05,-0.76,-0.08,0.64,-9.69,-0.93,-2.63,-1.05,0.10,0.01,45.00,-9.25,16.37
1270.555,374,152,33,34,6188.011,-0.06,-0.76,-0.09,0.64,-10.05,0.62,-0.32,-1.34,-0.01,0.09,45.19,-10.25,16.37
1270.577,371,150,38,37,6188.036,-0.08,-0.76,-0.10,0.64,-10.11,0.15,-0.83,-2.20,-0.47,0.27,45.19,-10.25,16.37
1270.6,375,153,28,30,6188.058,-0.10,-0.75,-0.12,0.64,-9.50,-0.57,-2.15,-2.17,-0.39,0.26,44.88,-11.06,13.50
1270.617,375,153,28,30,6188.083,-0.12,-0.75,-0.13,0.64,-9.54,-0.04,-2.30,-1.85,-0.11,0.13,44.88,-11.06,13.50
1270.636,373,152,32,31,6188.105,-0.13,-0.74,-0.14,0.64,-9.74,0.61,-0.60,-2.22,-0.07,0.18,46.00,-12.75,12.69
1270.654,374,151,30,32,6188.128,-0.16,-0.74,-0.16,0.63,-9.34,0.00,-1.53,-2.21,-0.15,0.27,46.00,-12.75,12.69
1270.67,374,151,30,32,6188.15,-0.18,-0.74,-0.17,0.63,-9.41,0.57,-1.61,-2.19,0.00,0.25,45.50,-14.69,11.38
1270.696,371,150,36,34,6188.175,-0.19,-0.73,-0.18,0.63,-9.47,0.60,-1.74,-2.27,0.12,0.33,45.50,-14.69,11.38
1270.712,371,150,36,34,6188.197,-0.21,-0.73,-0.19,0.62,-9.88,1.57,-0.41,-2.90,0.06,0.47,45.06,-15.75,9.88
1270.729,376,150,31,33,6188.22,-0.25,-0.72,-0.22,0.61,-9.72,0.78,-1.66,-3.24,-0.13,0.51,45.06,-15.75,9.88
1270.745,376,150,31,33,6188.24,-0.27,-0.71,-0.23,0.60,-9.50,0.91,-2.49,-3.02,-0.14,0.42,45.06,-15.75,9.88
1270.763,376,150,34,32,6188.265,-0.29,-0.71,-0.24,0.60,-9.71,0.89,-2.22,-2.23,0.14,0.20,44.25,-18.25,8.69
1270.78,377,151,34,31,6188.288,-0.31,-0.70,-0.25,0.59,-9.96,2.02,-0.31,-2.20,0.07,0.15,44.25,-18.25,8.69
1270.797,377,151,34,31,6188.31,-0.33,-0.69,-0.27,0.58,-9.84,2.21,-0.53,-2.54,-0.09,0.17,45.75,-19.00,4.75
1270.817,381,152,30,28,6188.335,-0.35,-0.68,-0.29,0.57,-9.77,2.02,-1.23,-2.93,-0.15,0.27,45.75,-19.00,4.75
1270.833,381,152,30,28,6188.357,-0.37,-0.68,-0.29,0.57,-9.76,1.00,-1.61,-2.33,-0.11,0.20,45.00,-20.75,2.25
1270.854,381,152,30,28,6188.38,-0.39,-0.67,-0.30,0.56,-9.95,1.72,-0.72,-1.70,-0.11,0.07,45.00,-20.75,2.25
1270.886,383,152,32,29,6188.402,-0.39,-0.66,-0.30,0.56,-9.76,2.31,-0.19,-1.64,-0.15,0.05,44.25,-21.87,0.06
1270.903,383,152,32,28,6188.425,-0.40,-0.66,-0.31,0.56,-9.64,2.27,-0.33,-2.20,-0.21,0.16,44.25,-21.87,0.06
1270.92,383,152,32,28,6188.447,-0.42,-0.65,-0.32,0.55,-9.30,1.32,-0.80,-2.34,-0.06,0.21,44.19,-21.19,-2.19
1270.938,384,150,36,35,6188.47,-0.43,-0.64,-0.33,0.55,-9.59,0.97,-0.23,-1.87,0.06,0.12,44.19,-21.19,-2.19
1270.955,386,152,32,30,6188.492,-0.44,-0.63,-0.34,0.54,-9.57,1.64,-0.34,-1.29,0.04,0.03,44.19,-21.19,-2.19
1270.972,386,152,32,30,6188.515,-0.44,-0.63,-0.34,0.54,-9.38,2.00,-0.16,-1.32,0.11,0.02,43.38,-20.37,-4.56
1270.99,383,150,36,35,6188.537,-0.45,-0.62,-0.35,0.53,-9.49,2.45,0.05,-1.56,0.15,0.05,43.38,-20.37,-4.56
1271.015,383,150,36,35,6188.56,-0.46,-0.62,-0.35,0.53,-9.48,2.61,0.20,-2.00,0.17,0.10,44.56,-21.56,-5.38
1271.036,383,149,35,37,6188.584,-0.47,-0.61,-0.36,0.52,-9.38,2.23,-0.23,-2.56,0.14,0.12,44.56,-21.56,-5.38
1271.056,383,151,32,34,6188.607,-0.48,-0.61,-0.37,0.52,-9.49,1.34,-0.22,-2.09,0.22,0.03,43.75,-20.25,-8.19
1271.072,383,151,32,34,6188.63,-0.50,-0.59,-0.38,0.50,-9.65,1.83,0.41,-1.73,0.25,0.01,43.75,-20.25,-8.19
1271.089,383,152,30,33,6188.652,-0.50,-0.59,-0.39,0.50,-9.55,2.63,0.38,-1.80,0.17,0.02,43.75,-19.25,-9.38
1271.105,383,152,30,33,6188.675,-0.51,-0.58,-0.40,0.49,-9.42,2.53,0.16,-2.15,0.21,0.08,43.75,-19.25,-9.38
1271.123,380,151,35,36,6188.697,-0.52,-0.57,-0.41,0.48,-9.85,1.25,-0.03,-1.76,0.24,0.01,43.75,-18.19,-12.06
1271.139,380,151,35,36,6188.72,-0.53,-0.57,-0.41,0.48,-9.52,1.79,0.14,-1.18,0.17,0.00,43.75,-18.19,-12.06
1271.158,384,157,27,27,6188.742,-0.53,-0.56,-0.42,0.47,-9.39,2.04,0.37,-1.06,0.21,0.07,43.75,-18.19,-12.06
1271.179,384,157,27,27,6188.765,-0.54,-0.56,-0.42,0.47,-9.69,2.45,0.71,-1.34,0.21,0.15,43.75,-17.37,-12.88
1271.197,378,155,35,32,6188.787,-0.55,-0.55,-0.43,0.46,-9.57,2.32,0.58,-1.76,0.12,0.16,43.75,-17.37,-12.88
1271.214,378,155,35,32,6188.812,-0.55,-0.55,-0.43,0.46,-9.50,1.78,0.04,-1.81,0.13,0.16,44.19,-17.06,-13.69
1271.24,377,157,35,32,6188.834,-0.56,-0.54,-0.44,0.45,-9.25,1.68,0.04,-1.37,0.34,0.32,44.19,-17.06,-13.69
1271.257,377,157,35,32,6188.857,-0.56,-0.54,-0.44,0.44,-9.43,1.98,-0.08,-1.08,0.48,0.39,43.75,-15.56,-16.06
1271.277,378,159,33,31,6188.881,-0.57,-0.54,-0.45,0.43,-9.76,2.14,0.16,-0.87,0.52,0.28,43.75,-15.56,-16.06
1271.299,376,159,34,32,6188.902,-0.57,-0.54,-0.45,0.43,-9.60,2.65,0.53,-0.99,0.36,0.22,43.75,-15.00,-17.19
1271.315,376,159,34,32,6188.924,-0.58,-0.53,-0.45,0.42,-9.62,2.28,-0.18,-1.24,0.26,0.30,43.75,-15.00,-17.19
1271.34,376,160,34,32,6188.947,-0.59,-0.53,-0.46,0.41,-9.90,2.00,-0.15,-0.84,0.30,0.20,44.50,-15.00,-18.75
1271.356,376,160,34,32,6188.972,-0.59,-0.53,-0.46,0.40,-9.94,2.15,-0.08,-0.32,0.17,0.12,44.50,-15.00,-18.75
1271.376,376,163,34,31,6188.994,-0.59,-0.53,-0.46,0.40,-9.83,2.35,0.33,-0.02,0.02,0.10,44.38,-13.56,-20.37
1271.396,376,164,32,30,6189.017,-0.59,-0.53,-0.46,0.40,-9.70,2.85,0.46,-0.19,-0.13,-0.08,44.38,-13.56,-20.37
1271.411,376,164,32,30,6189.037,-0.59,-0.52,-0.46,0.40,-9.52,2.56,0.40,-0.39,-0.16,-0.10,44.38,-13.56,-20.37
1271.429,375,167,32,29,6189.062,-0.59,-0.52,-0.46,0.40,-9.50,2.22,0.00,-0.36,-0.16,-0.09,44.56,-13.69,-20.25
1271.446,375,167,32,29,6189.084,-0.59,-0.52,-0.46,0.40,-9.43,2.29,0.47,0.06,-0.07,-0.03,44.56,-13.69,-20.25
1271.464,374,169,32,29,6189.109,-0.59,-0.52,-0.46,0.40,-9.54,2.47,0.80,0.07,-0.01,-0.05,44.50,-13.75,-21.50
1271.488,374,169,32,29,6189.133,-0.59,-0.52,-0.46,0.40,-9.51,2.28,0.56,-0.10,-0.02,-0.07,44.50,-13.75,-21.50
1271.507,373,169,33,30,6189.154,-0.59,-0.52,-0.47,0.40,-9.54,2.09,0.21,-0.01,-0.02,-0.05,44.06,-14.19,-21.00
1271.526,371,171,33,31,6189.176,-0.59,-0.52,-0.47,0.40,-9.54,2.26,0.43,0.10,0.00,-0.02,44.06,-14.19,-21.00
1271.542,371,171,33,31,6189.199,-0.59,-0.52,-0.46,0.40,-9.64,2.38,0.68,0.10,-0.01,-0.02,42.88,-14.19,-20.25
1271.559,371,171,33,31,6189.223,-0.59,-0.52,-0.46,0.40,-9.60,2.45,0.42,0.08,-0.04,-0.03,42.88,-14.19,-20.25
1271.575,370,174,31,29,6189.244,-0.59,-0.52,-0.46,0.41,-9.62,2.28,0.35,0.16,-0.01,-0.07,43.25,-13.75,-20.56
1271.592,370,174,31,29,6189.266,-0.59,-0.52,-0.46,0.41,-9.66,2.10,0.03,0.25,0.00,-0.06,43.25,-13.75,-20.56
1271.611,368,175,33,30,6189.289,-0.59,-0.52,-0.46,0.41,-9.58,1.93,0.04,0.48,0.02,-0.04,43.25,-13.75,-20.56
1271.631,367,176,33,30,6189.314,-0.58,-0.53,-0.46,0.41,-9.91,2.20,0.63,0.90,0.02,-0.10,44.06,-14.19,-20.25
1271.655,367,176,33,30,6189.336,-0.58,-0.53,-0.46,0.42,-9.83,2.27,0.35,0.89,-0.20,-0.22,44.06,-14.19,-20.25
1271.675,366,179,33,29,6189.359,-0.57,-0.54,-0.45,0.43,-9.69,2.09,-0.22,1.02,-0.35,-0.24,43.69,-13.00,-19.75
1271.696,365,180,32,30,6189.383,-0.56,-0.54,-0.44,0.44,-9.74,1.24,-0.11,1.58,-0.30,-0.17,43.69,-13.00,-19.75
1271.713,365,180,32,30,6189.406,-0.55,-0.56,-0.43,0.46,-9.29,2.28,0.09,3.12,-0.12,-0.22,43.25,-14.25,-19.50
1271.732,365,182,31,28,6189.428,-0.52,-0.58,-0.41,0.48,-9.43,2.59,0.42,3.35,0.21,-0.22,43.25,-14.25,-19.50
1271.748,365,182,31,28,6189.451,-0.50,-0.60,-0.39,0.49,-9.61,2.27,0.02,2.95,0.33,-0.18,43.69,-16.87,-17.50
1271.765,366,184,30,28,6189.473,-0.48,-0.61,-0.38,0.50,-9.56,1.62,-0.45,2.47,0.04,-0.00,43.69,-16.87,-17.50
1271.781,366,184,30,28,6189.496,-0.47,-0.62,-0.37,0.51,-9.61,1.75,-0.48,2.57,-0.08,0.06,43.25,-17.87,-13.06
1271.802,366,186,31,28,6189.52,-0.44,-0.64,-0.34,0.53,-9.74,2.66,-0.21,2.58,0.03,-0.16,43.25,-17.87,-13.06
1271.835,367,188,31,28,6189.541,-0.42,-0.65,-0.33,0.53,-9.79,2.28,-0.49,2.15,0.03,-0.27,43.25,-17.87,-13.06
1271.855,367,188,31,28,6189.563,-0.41,-0.66,-0.33,0.54,-9.42,1.28,-1.99,1.93,-0.24,-0.04,44.38,-19.37,-9.56
1271.876,370,190,28,27,6189.586,-0.39,-0.67,-0.31,0.55,-9.06,1.79,-1.64,2.22,-0.22,0.20,44.38,-19.37,-9.56
1271.898,371,190,30,27,6189.611,-0.38,-0.68,-0.29,0.56,-9.79,2.24,-0.17,2.15,-0.14,0.30,44.38,-20.19,-8.75
1271.915,371,190,30,27,6189.633,-0.37,-0.68,-0.28,0.57,-9.98,2.49,-0.37,2.06,-0.14,-0.17,44.38,-20.19,-8.75
1271.931,371,190,30,27,6189.658,-0.35,-0.69,-0.27,0.58,-9.49,1.78,-1.29,1.76,-0.23,-0.16,43.69,-20.56,-5.69
1271.95,371,190,31,28,6189.682,-0.34,-0.69,-0.26,0.58,-9.18,0.94,-1.54,1.71,-0.34,0.19,43.69,-20.56,-5.69
1271.974,372,191,29,27,6189.703,-0.33,-0.70,-0.24,0.59,-9.35,1.80,-1.28,2.07,-0.19,0.27,44.06,-21.37,-4.06
1271.995,372,191,29,27,6189.725,-0.32,-0.71,-0.23,0.59,-9.86,2.35,-0.41,2.09,0.07,0.02,44.06,-21.37,-4.06
1272.016,372,189,29,28,6189.748,-0.29,-0.71,-0.21,0.60,-9.83,1.33,-0.85,2.05,-0.03,-0.08,43.69,-21.37,-1.37
1272.036,369,188,32,28,6189.772,-0.28,-0.72,-0.20,0.60,-9.32,1.36,-1.76,2.09,-0.27,0.00,43.69,-21.37,-1.37
1272.052,369,188,32,28,6189.793,-0.27,-0.72,-0.18,0.61,-9.36,1.53,-1.61,2.08,-0.23,0.14,43.69,-21.50,0.56
1272.074,369,187,32,29,6189.815,-0.25,-0.73,-0.17,0.62,-9.73,2.01,-0.88,2.23,0.04,-0.14,43.69,-21.50,0.56
1272.094,371,187,30,28,6189.838,-0.23,-0.74,-0.15,0.62,-9.60,1.44,-0.90,2.32,0.09,-0.30,43.69,-21.50,0.56
1272.11,371,187,30,28,6189.862,-0.21,-0.74,-0.14,0.62,-9.31,1.18,-1.71,2.50,-0.07,-0.19,43.56,-21.56,2.19
1272.14,372,185,31,28,6189.885,-0.19,-0.74,-0.13,0.63,-9.43,0.88,-2.09,2.87,-0.11,-0.01,43.56,-21.56,2.19
1272.174,374,185,28,27,6189.907,-0.16,-0.75,-0.10,0.63,-9.88,1.37,-1.84,3.21,0.09,-0.22,44.25,-20.06,4.88
1272.189,374,185,28,27,6189.932,-0.13,-0.76,-0.08,0.64,-9.77,1.66,-1.13,2.94,0.21,-0.34,44.25,-20.06,4.88
1272.208,375,182,31,28,6189.955,-0.11,-0.76,-0.06,0.64,-8.92,0.13,-2.40,2.71,0.06,-0.11,44.00,-19.50,7.25
1272.23,380,183,26,24,6189.977,-0.07,-0.77,-0.04,0.64,-9.44,0.81,-2.11,3.31,0.25,-0.06,44.00,-19.50,7.25
1272.246,380,183,26,24,6190,-0.04,-0.77,-0.01,0.64,-9.94,0.90,-0.94,3.12,0.32,-0.11,44.69,-17.69,10.06
1272.265,385,182,27,25,6190.022,-0.02,-0.77,0.00,0.64,-9.66,0.82,-1.45,2.35,0.10,-0.17,44.69,-17.69,10.06
1272.289,385,182,27,25,6190.045,-0.01,-0.77,0.02,0.63,-9.42,-0.08,-2.32,2.13,0.12,-0.14,44.00,-15.38,12.75
1272.307,387,181,29,27,6190.067,0.03,-0.77,0.04,0.63,-9.34,-0.41,-2.45,2.36,0.14,-0.19,44.00,-15.38,12.75
1272.338,387,181,29,27,6190.09,0.05,-0.77,0.05,0.63,-9.73,-0.30,-2.45,2.69,0.11,-0.22,44.00,-15.38,12.75
1272.359,388,181,29,26,6190.112,0.07,-0.77,0.07,0.63,-10.13,0.25,-2.01,2.34,0.03,-0.21,44.19,-14.25,14.88
1272.375,393,180,27,26,6190.135,0.10,-0.77,0.09,0.63,-9.12,-1.05,-2.62,1.95,-0.11,-0.11,44.19,-14.25,14.88
1272.392,393,180,27,26,6190.157,0.12,-0.77,0.11,0.62,-9.26,-0.99,-2.59,2.15,-0.11,-0.01,42.69,-10.88,16.06
1272.413,394,179,30,28,6190.182,0.13,-0.76,0.12,0.62,-9.84,-0.57,-1.33,2.47,-0.11,0.02,42.69,-10.88,16.06
1272.43,396,179,32,29,6190.204,0.16,-0.76,0.14,0.62,-9.26,-1.03,-2.16,2.50,-0.33,-0.01,42.69,-9.38,17.69
1272.447,396,179,32,29,6190.227,0.18,-0.75,0.16,0.62,-9.16,-1.25,-2.28,2.67,-0.22,-0.07,42.69,-9.38,17.69
1272.467,399,179,31,29,6190.249,0.21,-0.74,0.19,0.61,-9.72,-1.42,-1.63,3.02,-0.06,-0.15,42.69,-8.25,18.06
1272.488,399,179,31,29,6190.272,0.23,-0.73,0.20,0.60,-9.91,-0.90,-1.20,3.37,-0.36,-0.31,42.69,-8.25,18.06
1272.513,400,179,30,28,6190.295,0.27,-0.72,0.23,0.60,-9.73,-0.37,-2.03,2.98,-0.51,-0.25,42.38,-5.25,16.87
1272.536,401,177,32,30,6190.319,0.29,-0.71,0.24,0.59,-9.49,-1.28,-1.68,2.36,-0.33,-0.08,42.38,-5.25,16.87
1272.553,401,177,32,30,6190.34,0.31,-0.70,0.25,0.59,-9.60,-2.09,-1.18,2.21,-0.26,0.01,42.38,-5.25,16.87
1272.581,403,178,32,29,6190.362,0.33,-0.69,0.27,0.58,-9.88,-2.16,-0.91,2.45,-0.40,-0.22,42.38,-1.56,17.19
1272.603,406,178,30,28,6190.385,0.36,-0.68,0.28,0.58,-9.49,-1.32,-0.87,2.51,-0.56,-0.38,42.38,-1.56,17.19
1272.621,406,178,30,28,6190.409,0.37,-0.67,0.29,0.57,-9.21,-1.42,-0.65,2.26,-0.52,-0.31,41.56,-1.88,16.19
1272.659,407,178,33,30,6190.432,0.39,-0.66,0.30,0.57,-9.93,-2.00,-0.95,1.78,-0.39,-0.21,41.56,-1.88,16.19
1272.677,407,178,33,30,6190.454,0.40,-0.65,0.30,0.57,-9.76,-1.70,-0.76,1.59,-0.22,-0.45,41.19,0.25,14.88
1272.695,408,179,30,28,6190.479,0.42,-0.64,0.31,0.56,-9.42,-1.04,-0.46,1.51,-0.13,-0.52,41.19,0.25,14.88
1272.716,411,179,30,28,6190.501,0.43,-0.64,0.32,0.55,-9.39,-1.29,-0.51,1.41,-0.10,-0.34,41.25,1.50,14.88
1272.743,409,178,34,31,6190.524,0.44,-0.63,0.32,0.55,-9.52,-2.33,-0.36,1.24,-0.03,-0.12,41.25,1.50,14.88
1272.76,409,178,34,31,6190.544,0.45,-0.62,0.33,0.54,-9.30,-1.97,0.15,1.34,-0.06,-0.20,41.19,1.19,13.19
1272.796,408,178,33,30,6190.569,0.46,-0.62,0.34,0.54,-9.36,-1.55,0.28,1.43,-0.12,-0.21,41.19,1.19,13.19
1272.821,409,179,31,28,6190.592,0.47,-0.61,0.34,0.53,-9.60,-1.49,0.26,1.25,-0.12,-0.06,40.19,3.06,12.75
1272.838,406,176,35,35,6190.614,0.48,-0.61,0.35,0.53,-9.69,-2.48,0.15,0.84,0.00,0.17,40.19,3.06,12.75
1272.855,406,176,35,35,6190.635,0.48,-0.60,0.35,0.53,-9.80,-2.50,0.61,0.76,0.06,0.17,40.19,3.06,12.75
1272.874,405,179,30,28,6190.659,0.49,-0.60,0.36,0.53,-9.63,-2.25,0.60,0.70,0.05,0.11,39.06,2.88,12.00
1272.895,402,177,36,33,6190.682,0.49,-0.59,0.36,0.52,-9.72,-2.17,0.32,0.60,0.04,0.13,39.06,2.88,12.00
1272.912,402,177,36,33,6190.704,0.49,-0.59,0.37,0.52,-9.68,-1.38,0.38,0.43,0.09,0.16,40.19,4.00,12.69
1272.929,404,179,33,30,6190.729,0.49,-0.59,0.37,0.52,-10.13,-1.44,0.09,0.13,0.23,0.22,40.19,4.00,12.69
1272.945,404,179,33,30,6190.751,0.49,-0.59,0.37,0.52,-10.65,-1.85,0.12,-0.18,0.30,0.02,40.19,3.00,12.56
1272.964,401,178,35,32,6190.774,0.49,-0.59,0.37,0.52,-10.25,-2.07,-0.04,-0.07,0.03,-0.10,40.19,3.00,12.56
1272.983,401,178,35,32,6190.794,0.49,-0.59,0.37,0.52,-10.15,-1.82,-0.22,-0.11,-0.11,-0.06,40.19,3.69,13.06
1273.001,401,178,35,32,6190.819,0.49,-0.59,0.37,0.52,-10.07,-2.26,-0.22,-0.27,-0.07,-0.04,40.19,3.69,13.06
1273.021,402,178,32,30,6190.841,0.49,-0.60,0.37,0.52,-10.19,-2.43,-0.20,-0.41,-0.06,0.05,39.75,2.56,12.56
1273.041,400,179,34,31,6190.864,0.48,-0.60,0.37,0.52,-9.90,-2.11,-0.13,-0.62,-0.08,0.23,39.75,2.56,12.56
1273.057,400,179,34,31,6190.884,0.48,-0.60,0.36,0.53,-9.82,-2.39,0.05,-0.74,-0.07,0.36,39.75,2.56,12.56
1273.075,401,178,32,31,6190.909,0.47,-0.60,0.36,0.53,-9.84,-2.16,-0.07,-0.77,-0.05,0.35,40.56,3.69,13.06
1273.092,401,178,32,31,6190.931,0.46,-0.60,0.36,0.54,-9.81,-2.03,-0.07,-0.84,0.04,0.32,40.56,3.69,13.06
1273.11,398,178,36,33,6190.954,0.46,-0.61,0.36,0.54,-9.92,-0.89,0.15,-0.99,0.01,0.30,39.38,3.00,12.50
1273.127,398,178,36,33,6190.977,0.44,-0.61,0.35,0.55,-9.55,-0.71,0.08,-1.36,-0.02,0.44,39.38,3.00,12.50
1273.154,397,177,36,34,6190.999,0.43,-0.62,0.34,0.56,-9.44,-1.18,-0.93,-1.92,0.15,0.57,40.19,2.19,12.25
1273.17,397,177,36,34,6191.022,0.41,-0.63,0.34,0.57,-9.74,-2.63,-0.40,-2.08,0.51,0.46,40.19,2.19,12.25
1273.193,396,178,35,33,6191.044,0.39,-0.64,0.33,0.57,-9.79,-1.39,-0.07,-1.98,0.32,0.28,40.88,0.69,12.56
1273.214,395,180,30,28,6191.067,0.38,-0.65,0.32,0.58,-9.41,0.31,-0.27,-2.32,0.23,0.24,40.88,0.69,12.56
1273.233,390,179,34,31,6191.089,0.35,-0.66,0.30,0.59,-9.09,0.17,-0.82,-3.49,0.60,0.26,40.88,0.69,12.56
1273.25,390,179,34,31,6191.112,0.32,-0.68,0.29,0.59,-8.76,-1.80,0.04,-3.66,0.95,0.48,39.38,-1.50,13.88
1273.269,388,178,34,32,6191.134,0.28,-0.70,0.27,0.60,-9.95,-3.15,-2.33,-2.68,0.60,0.51,39.38,-1.50,13.88
1273.286,388,178,34,32,6191.157,0.27,-0.70,0.26,0.60,-10.84,-0.03,-0.08,-2.18,0.32,0.21,39.75,-3.00,15.75
1273.319,384,176,35,34,6191.181,0.25,-0.71,0.24,0.61,-10.34,1.21,0.56,-2.69,0.04,-0.08,39.75,-3.00,15.75
1273.339,379,178,34,31,6191.202,0.23,-0.72,0.22,0.62,-8.10,0.70,-3.20,-3.81,0.35,-0.01,40.19,-6.00,15.69
1273.355,379,178,34,31,6191.224,0.19,-0.74,0.19,0.62,-9.24,-1.15,-2.58,-3.79,1.07,0.37,40.19,-6.00,15.69
1273.373,375,177,35,32,6191.247,0.16,-0.75,0.18,0.62,-10.53,-0.10,-1.61,-3.44,0.91,0.38,40.56,-7.06,15.69
1273.389,375,177,35,32,6191.271,0.13,-0.75,0.16,0.62,-10.44,2.34,-2.54,-3.52,-0.06,0.49,40.56,-7.06,15.69
1273.407,372,176,37,35,6191.292,0.10,-0.76,0.14,0.63,-9.60,-2.01,-2.09,-3.73,-0.21,0.73,39.38,-10.00,16.00
1273.423,372,176,37,35,6191.316,0.06,-0.76,0.12,0.64,-9.41,-1.82,-3.22,-2.72,-0.11,0.43,39.38,-10.00,16.00
1273.483,369,177,35,33,6191.337,0.04,-0.76,0.11,0.64,-9.62,0.88,-1.86,-2.05,0.23,0.17,39.38,-10.00,16.00
1273.533,365,176,36,33,6191.362,0.03,-0.76,0.10,0.64,-9.89,0.06,-1.18,-2.52,0.13,0.19,39.38,-12.88,14.00
1273.556,364,175,37,34,6191.382,0.01,-0.76,0.08,0.64,-9.09,0.49,-3.16,-2.00,0.25,0.01,39.38,-12.88,14.00
1273.624,364,175,37,34,6191.407,-0.01,-0.77,0.07,0.64,-9.54,1.35,-1.45,-1.52,0.60,-0.04,38.56,-14.38,12.25
1273.682,364,175,37,34,6191.431,-0.02,-0.77,0.06,0.64,-10.09,1.75,0.57,-2.18,0.06,0.21,38.56,-14.38,12.25
1273.712,366,175,37,35,6191.452,-0.04,-0.77,0.04,0.64,-8.43,0.83,-4.60,-2.48,-0.21,0.24,38.19,-15.88,12.69
1273.732,366,175,37,35,6191.476,-0.07,-0.77,0.03,0.64,-9.53,-0.24,-4.36,-1.35,0.42,0.26,38.19,-15.88,12.69
1273.77,367,175,37,34,6191.499,-0.07,-0.77,0.02,0.63,-10.29,2.56,0.33,-0.97,0.72,-0.11,39.25,-18.50,11.06
1273.796,369,175,36,33,6191.521,-0.08,-0.77,0.01,0.63,-10.59,3.20,0.62,-2.29,-0.18,-0.02,39.25,-18.50,11.06
1273.819,371,174,36,33,6191.544,-0.10,-0.77,-0.00,0.63,-7.63,0.59,-4.29,-3.20,-0.34,0.27,38.56,-18.75,9.50
1273.898,373,174,35,32,6191.566,-0.13,-0.76,-0.02,0.63,-9.72,0.25,-3.72,-1.46,0.41,0.42,38.56,-18.75,9.50
1273.938,375,172,37,34,6191.589,-0.14,-0.77,-0.02,0.63,-10.49,2.42,-0.11,-0.60,0.71,-0.13,38.56,-18.75,9.50
1273.957,376,172,36,34,6191.611,-0.14,-0.77,-0.03,0.63,-10.04,4.18,-0.02,-1.80,0.02,-0.37,38.56,-21.00,9.06
1273.978,381,173,31,29,6191.634,-0.16,-0.76,-0.05,0.62,-8.13,1.54,-2.14,-3.03,-0.15,-0.09,38.56,-21.00,9.06
1274,379,171,36,33,6191.656,-0.18,-0.76,-0.06,0.62,-8.98,0.34,-3.38,-2.57,-0.02,0.26,37.56,-21.25,9.06
1274.016,379,171,36,33,6191.681,-0.19,-0.75,-0.07,0.62,-10.01,1.76,-1.41,-1.48,0.11,-0.30,37.56,-21.25,9.06
1274.036,379,171,35,33,6191.702,-0.20,-0.75,-0.08,0.62,-9.64,3.72,-0.53,-1.80,0.11,-0.47,38.25,-22.00,6.00
1274.057,379,171,35,33,6191.726,-0.22,-0.75,-0.10,0.62,-9.35,2.34,-1.29,-2.65,0.05,-0.15,38.25,-22.00,6.00
1274.073,379,171,35,33,6191.749,-0.24,-0.74,-0.12,0.62,-9.70,1.59,-1.72,-2.85,-0.11,0.18,39.75,-21.56,4.75
1274.093,380,171,34,31,6191.771,-0.26,-0.73,-0.13,0.62,-9.45,1.90,-1.86,-2.26,-0.41,0.03,39.75,-21.56,4.75
1274.113,380,169,35,33,6191.792,-0.27,-0.72,-0.14,0.62,-9.50,2.90,-0.71,-1.98,-0.24,-0.10,38.69,-23.06,2.00
1274.13,380,169,35,33,6191.816,-0.29,-0.72,-0.16,0.62,-9.58,3.45,-0.49,-2.29,-0.03,-0.10,38.69,-23.06,2.00
1274.148,378,169,37,33,6191.839,-0.31,-0.71,-0.17,0.61,-9.48,2.55,-0.73,-3.06,-0.02,0.07,38.69,-22.69,-2.25
1274.164,378,169,37,33,6191.861,-0.33,-0.70,-0.19,0.61,-9.39,0.84,-1.20,-2.93,-0.02,0.11,38.69,-22.69,-2.25
1274.184,380,167,37,34,6191.884,-0.36,-0.69,-0.21,0.60,-9.30,2.00,-0.18,-2.31,0.06,0.00,38.69,-22.69,-2.25
1274.2,380,167,37,34,6191.906,-0.37,-0.68,-0.22,0.59,-9.57,2.91,0.12,-2.25,0.08,0.08,38.69,-22.69,-6.19
1274.228,378,167,36,34,6191.931,-0.39,-0.67,-0.23,0.59,-9.54,3.28,-0.07,-3.03,-0.03,0.13,38.69,-22.69,-6.19
1274.246,377,166,36,34,6191.951,-0.42,-0.65,-0.26,0.58,-9.43,2.70,-0.01,-3.45,0.06,0.22,39.38,-22.25,-10.00
1274.261,377,166,36,34,6191.976,-0.44,-0.64,-0.28,0.57,-9.52,2.19,0.35,-3.70,0.12,0.19,39.38,-22.25,-10.00
1274.28,378,166,37,34,6191.998,-0.46,-0.63,-0.30,0.55,-9.43,1.82,0.46,-3.55,0.17,0.06,38.69,-20.37,-14.00
1274.297,378,166,37,34,6192.021,-0.48,-0.61,-0.31,0.54,-9.49,1.81,0.17,-2.60,0.24,-0.02,38.69,-20.37,-14.00
1274.318,376,165,38,34,6192.041,-0.50,-0.60,-0.33,0.53,-9.50,2.23,0.95,-2.05,0.27,-0.00,39.75,-17.87,-16.56
1274.337,375,164,37,34,6192.066,-0.51,-0.59,-0.35,0.52,-9.43,2.77,1.33,-1.93,0.23,0.01,39.75,-17.87,-16.56
1274.354,375,164,37,34,6192.089,-0.52,-0.58,-0.36,0.51,-9.33,2.80,1.37,-2.44,0.15,0.04,40.19,-16.56,-21.25
1274.389,376,165,35,32,6192.111,-0.53,-0.57,-0.37,0.50,-9.83,2.19,0.92,-2.38,0.17,-0.03,40.19,-16.56,-21.25
1274.41,377,165,36,33,6192.134,-0.55,-0.55,-0.39,0.49,-9.50,1.83,1.11,-2.10,0.19,-0.05,40.19,-16.56,-21.25
1274.427,377,165,36,33,6192.158,-0.56,-0.54,-0.40,0.48,-9.25,1.79,0.98,-1.86,0.27,0.00,39.75,-14.06,-24.37
1274.443,377,165,36,33,6192.181,-0.57,-0.54,-0.41,0.48,-9.62,2.48,1.32,-1.34,0.54,-0.02,39.75,-14.06,-24.37
1274.463,379,166,35,33,6192.203,-0.57,-0.53,-0.42,0.46,-9.83,2.00,0.92,-1.50,0.36,-0.04,42.00,-12.25,-27.50
1274.48,378,167,36,33,6192.228,-0.58,-0.52,-0.43,0.46,-9.82,2.06,0.83,-1.31,0.21,-0.12,42.00,-12.25,-27.50
1274.499,378,167,36,33,6192.25,-0.58,-0.51,-0.44,0.45,-9.43,2.22,0.91,-1.11,0.22,-0.06,43.75,-11.38,-29.37
1274.523,378,167,36,34,6192.273,-0.59,-0.51,-0.44,0.44,-9.49,1.43,0.50,-0.85,0.28,0.04,43.75,-11.38,-29.37
1274.545,378,167,36,34,6192.293,-0.59,-0.51,-0.45,0.44,-9.38,1.33,0.41,-0.34,0.29,0.15,46.19,-9.56,-31.56
1274.563,380,170,34,31,6192.318,-0.59,-0.51,-0.45,0.44,-9.64,1.77,0.66,0.14,0.35,0.16,46.19,-9.56,-31.56
1274.583,381,171,33,31,6192.34,-0.59,-0.51,-0.45,0.44,-9.74,2.34,1.12,-0.05,0.13,0.04,46.50,-9.69,-32.38
1274.599,381,171,33,31,6192.363,-0.59,-0.51,-0.45,0.43,-9.67,2.06,0.49,-0.30,-0.04,-0.02,46.50,-9.69,-32.38
1274.623,381,172,33,30,6192.384,-0.59,-0.51,-0.45,0.43,-9.45,1.71,0.34,-0.16,-0.14,0.01,46.50,-9.69,-32.38
1274.641,382,172,35,33,6192.408,-0.59,-0.51,-0.45,0.43,-9.54,2.21,0.91,0.14,0.04,0.00,46.19,-10.19,-31.75
1274.657,382,172,35,33,6192.431,-0.59,-0.51,-0.45,0.44,-9.70,2.02,1.06,0.06,0.03,-0.02,46.19,-10.19,-31.75
1274.691,382,174,34,32,6192.455,-0.59,-0.51,-0.45,0.44,-9.60,1.97,0.94,0.07,-0.00,-0.05,46.75,-9.88,-31.25
1274.718,382,176,31,29,6192.48,-0.59,-0.51,-0.45,0.44,-9.63,1.90,0.89,0.10,-0.03,-0.03,46.75,-9.88,-31.25
1274.734,382,176,31,29,6192.5,-0.59,-0.51,-0.45,0.44,-9.64,1.99,1.04,0.10,-0.06,-0.04,46.25,-9.50,-32.50
1274.757,381,176,32,30,6192.523,-0.59,-0.51,-0.45,0.44,-9.63,1.91,0.91,0.05,-0.08,-0.06,46.25,-9.50,-32.50
1274.781,381,178,30,28,6192.545,-0.59,-0.51,-0.45,0.44,-9.64,1.72,0.80,0.17,-0.08,-0.04,46.19,-10.00,-31.25
1274.798,381,178,30,28,6192.568,-0.59,-0.51,-0.45,0.44,-9.75,1.81,0.73,0.49,-0.06,-0.06,46.19,-10.00,-31.25
1274.816,380,178,31,29,6192.59,-0.58,-0.51,-0.44,0.45,-9.76,1.71,0.93,0.79,-0.15,-0.11,45.75,-9.56,-32.19
1274.833,380,178,31,29,6192.613,-0.58,-0.52,-0.44,0.45,-9.69,1.72,0.97,1.14,-0.17,-0.15,45.75,-9.56,-32.19
1274.857,378,177,32,30,6192.635,-0.57,-0.53,-0.43,0.46,-9.61,1.44,0.60,1.56,-0.15,-0.10,45.75,-9.56,-32.19
1274.88,378,177,32,30,6192.658,-0.56,-0.54,-0.42,0.47,-9.83,1.58,0.82,2.19,-0.17,-0.15,45.00,-11.06,-30.50
1274.901,379,180,29,27,6192.68,-0.55,-0.55,-0.41,0.48,-9.83,1.82,0.78,2.27,-0.25,-0.19,45.00,-11.06,-30.50
1274.919,376,180,30,27,6192.705,-0.53,-0.56,-0.39,0.50,-9.68,1.79,0.57,2.52,-0.32,-0.19,43.88,-13.00,-27.25
1274.936,376,180,30,27,6192.73,-0.52,-0.57,-0.38,0.51,-9.12,1.89,0.02,2.49,-0.28,-0.05,43.88,-13.00,-27.25
1274.96,374,180,31,30,6192.752,-0.50,-0.59,-0.36,0.53,-9.66,2.13,0.90,2.52,-0.03,-0.01,42.00,-16.00,-26.19
1274.983,371,182,30,28,6192.777,-0.48,-0.60,-0.35,0.53,-10.03,2.45,1.38,2.66,0.09,-0.12,42.00,-16.00,-26.19
1275.003,371,182,30,28,6192.799,-0.47,-0.61,-0.34,0.54,-9.72,2.81,0.63,1.63,-0.29,-0.10,40.88,-18.19,-21.87
1275.023,370,184,30,28,6192.822,-0.46,-0.62,-0.32,0.55,-9.05,0.93,-0.44,1.56,-0.32,0.23,40.88,-18.19,-21.87
1275.057,371,186,28,25,6192.844,-0.45,-0.63,-0.31,0.56,-9.64,1.80,0.42,2.39,-0.14,0.18,40.50,-20.06,-20.00
1275.073,371,186,28,25,6192.867,-0.43,-0.64,-0.30,0.57,-9.65,3.54,1.02,2.42,0.11,-0.27,40.50,-20.06,-20.00
1275.093,370,185,30,28,6192.889,-0.42,-0.64,-0.29,0.57,-9.92,1.83,-0.19,1.30,-0.09,-0.09,39.75,-20.87,-15.69
1275.112,372,187,28,26,6192.912,-0.41,-0.65,-0.28,0.58,-9.00,1.02,-1.14,1.49,-0.21,0.16,39.75,-20.87,-15.69
1275.128,372,187,28,26,6192.934,-0.39,-0.66,-0.26,0.58,-8.97,1.08,-0.16,2.27,-0.10,0.31,39.75,-20.87,-15.69
1275.145,369,187,30,27,6192.959,-0.38,-0.67,-0.25,0.59,-9.93,3.47,0.72,2.24,0.10,-0.42,40.38,-22.87,-14.00
1275.162,369,187,30,27,6192.982,-0.36,-0.67,-0.24,0.60,-9.65,2.38,-0.52,1.54,-0.03,-0.23,40.38,-22.87,-14.00
1275.178,369,187,30,27,6193.004,-0.35,-0.68,-0.23,0.60,-9.77,0.34,-1.56,1.70,-0.16,0.16,40.38,-22.50,-10.50
1275.213,367,186,30,27,6193.029,-0.34,-0.69,-0.21,0.61,-8.52,1.28,-1.26,2.80,0.12,0.31,40.38,-22.50,-10.50
1275.233,368,185,29,27,6193.051,-0.31,-0.70,-0.19,0.61,-10.34,3.64,0.31,2.81,0.42,-0.35,39.38,-22.56,-9.25
1275.254,367,185,29,27,6193.076,-0.29,-0.71,-0.18,0.62,-10.04,3.08,-0.15,1.98,0.23,-0.47,39.38,-22.56,-9.25
1275.271,367,185,29,27,6193.098,-0.27,-0.72,-0.17,0.62,-9.32,0.64,-2.12,1.88,-0.03,-0.06,39.88,-23.75,-4.06
1275.294,367,183,30,28,6193.121,-0.26,-0.72,-0.15,0.62,-9.01,2.00,-1.19,3.11,0.17,0.34,39.88,-23.75,-4.06
1275.317,368,182,30,28,6193.141,-0.23,-0.74,-0.13,0.62,-9.91,2.81,-0.43,2.95,0.37,0.08,38.88,-24.25,-2.56
1275.334,368,182,30,28,6193.166,-0.21,-0.74,-0.11,0.62,-10.09,2.51,-0.79,2.25,0.38,-0.27,38.88,-24.25,-2.56
1275.367,369,182,29,26,6193.188,-0.19,-0.75,-0.10,0.63,-9.54,1.12,-2.15,2.20,0.09,-0.20,39.38,-23.87,0.88
1275.391,371,182,25,24,6193.211,-0.17,-0.75,-0.09,0.63,-8.70,0.89,-2.25,2.98,0.10,-0.07,39.38,-23.87,0.88
1275.414,368,180,29,27,6193.231,-0.14,-0.76,-0.06,0.63,-9.09,2.43,-1.51,3.28,0.18,0.12,39.38,-23.87,0.88
1275.431,368,180,29,27,6193.256,-0.12,-0.77,-0.04,0.63,-9.80,2.59,-0.86,2.23,0.07,0.25,39.88,-23.25,3.88
1275.457,369,179,29,26,6193.278,-0.11,-0.77,-0.03,0.63,-9.00,0.00,-2.85,1.45,-0.29,0.26,39.88,-23.25,3.88
1275.478,370,178,30,27,6193.301,-0.09,-0.77,-0.01,0.63,-9.01,-0.21,-3.23,2.35,-0.14,0.06,39.88,-21.75,7.69
1275.496,370,178,30,27,6193.326,-0.07,-0.77,0.00,0.63,-9.43,1.90,-1.87,3.21,0.16,-0.22,39.88,-21.75,7.69
1275.518,370,178,30,27,6193.348,-0.05,-0.77,0.02,0.63,-9.91,2.60,-0.88,2.20,0.03,-0.03,39.88,-21.37,9.75
1275.536,374,178,28,26,6193.371,-0.03,-0.77,0.03,0.63,-9.44,0.22,-2.41,1.62,-0.26,0.18,39.88,-21.37,9.75
1275.556,377,177,28,26,6193.391,-0.01,-0.77,0.05,0.63,-9.06,-0.71,-3.57,2.19,-0.23,0.13,39.25,-19.56,11.75
1275.573,377,177,28,26,6193.416,0.01,-0.77,0.07,0.63,-9.50,0.06,-3.33,3.04,-0.01,-0.02,39.25,-19.56,11.75
1275.592,376,176,30,28,6193.438,0.03,-0.77,0.09,0.63,-9.81,0.94,-1.54,3.09,-0.03,-0.20,39.88,-18.87,12.19
1275.609,376,176,30,28,6193.461,0.07,-0.77,0.12,0.63,-9.52,1.31,-2.26,2.60,-0.07,-0.05,39.88,-18.87,12.19
1275.628,378,177,28,26,6193.483,0.09,-0.77,0.13,0.62,-9.07,-0.47,-2.80,2.32,-0.05,0.17,39.88,-18.87,12.19
1275.644,379,178,28,25,6193.506,0.11,-0.76,0.15,0.62,-9.33,-0.67,-3.22,2.82,0.06,0.12,38.00,-17.06,15.38
1275.666,379,178,28,25,6193.528,0.13,-0.76,0.17,0.61,-10.51,1.06,-1.32,2.85,-0.05,-0.17,38.00,-17.06,15.38
1275.685,378,176,30,28,6193.551,0.16,-0.75,0.19,0.61,-9.60,0.36,-2.47,2.25,-0.33,-0.28,39.19,-14.25,17.75
1275.702,378,176,30,28,6193.575,0.18,-0.75,0.20,0.61,-9.07,-0.35,-3.31,2.07,-0.19,-0.19,39.19,-14.25,17.75
1275.721,377,176,31,28,6193.598,0.20,-0.74,0.22,0.60,-9.78,-1.31,-3.08,2.65,0.09,-0.02,38.00,-11.38,17.75
1275.737,377,176,31,28,6193.62,0.23,-0.73,0.24,0.59,-10.59,-1.07,-2.15,3.17,-0.16,-0.12,38.00,-11.38,17.75
1275.757,377,175,30,28,6193.643,0.25,-0.72,0.26,0.58,-10.01,-0.83,-1.81,3.23,-0.48,-0.12,38.00,-9.50,18.19
1275.775,379,175,29,27,6193.668,0.28,-0.71,0.28,0.58,-9.01,-2.06,-2.46,3.55,-0.47,-0.02,38.00,-9.50,18.19
1275.792,379,175,29,27,6193.688,0.30,-0.70,0.30,0.57,-9.51,-1.06,-1.46,3.64,-0.30,-0.00,37.88,-6.50,17.87
1275.816,379,175,29,27,6193.711,0.34,-0.68,0.32,0.56,-9.61,-1.01,-1.33,3.57,-0.31,-0.11,37.88,-6.50,17.87
1275.838,379,175,29,27,6193.733,0.37,-0.67,0.34,0.55,-9.85,0.19,-0.76,3.22,-0.48,-0.27,37.88,-6.50,17.87
1275.856,379,173,30,28,6193.756,0.39,-0.66,0.35,0.54,-8.89,-0.64,-1.15,2.70,-0.49,-0.27,38.25,-4.50,16.75
1275.873,379,173,30,28,6193.778,0.41,-0.65,0.36,0.54,-9.35,-2.00,-1.20,2.75,-0.41,-0.31,38.25,-4.50,16.75
1275.894,380,173,31,28,6193.803,0.44,-0.63,0.37,0.52,-9.65,-2.36,-0.53,3.02,-0.54,-0.44,37.88,-2.56,16.75
1275.91,380,173,31,28,6193.827,0.46,-0.61,0.39,0.52,-9.35,-0.59,-0.76,2.88,-0.72,-0.17,37.88,-2.56,16.75
1275.927,381,172,31,29,6193.848,0.48,-0.60,0.39,0.51,-9.97,-1.39,-1.06,2.15,-0.37,0.11,39.19,-1.25,15.19
1275.944,381,172,31,29,6193.872,0.50,-0.58,0.41,0.50,-10.37,-1.61,0.00,1.76,-0.10,0.09,39.19,-1.25,15.19
1275.962,383,172,31,28,6193.893,0.51,-0.57,0.42,0.49,-9.74,-2.28,0.32,1.58,-0.18,0.08,38.75,0.56,13.88
1275.982,386,172,31,28,6193.917,0.51,-0.56,0.42,0.49,-9.72,-1.83,0.43,1.55,-0.27,0.14,38.75,0.56,13.88
1276.004,386,172,31,28,6193.938,0.52,-0.55,0.43,0.49,-10.11,-1.77,0.21,1.45,-0.19,0.10,38.50,0.69,13.50
1276.031,388,173,30,27,6193.963,0.53,-0.54,0.44,0.48,-10.91,-1.15,0.00,1.28,-0.20,0.03,38.50,0.69,13.50
1276.048,388,173,30,27,6193.983,0.54,-0.53,0.44,0.48,-11.30,-1.54,-0.19,1.08,-0.39,-0.03,38.50,0.69,13.50
1276.068,388,174,30,26,6194.008,0.55,-0.53,0.44,0.47,-10.37,-0.08,-0.07,0.88,-0.58,-0.10,39.88,0.37,13.06
1276.088,391,174,29,26,6194.028,0.56,-0.52,0.44,0.47,-9.17,0.27,0.84,0.22,-0.38,0.06,39.88,0.37,13.06
1276.105,391,174,29,26,6194.053,0.56,-0.52,0.44,0.48,-9.15,-0.87,1.01,-0.26,-0.00,-0.08,38.56,-0.37,11.75
1276.127,392,174,30,28,6194.077,0.56,-0.52,0.44,0.48,-9.76,-2.09,0.96,-0.03,-0.25,-0.23,38.56,-0.37,11.75
1276.144,394,175,31,29,6194.1,0.56,-0.52,0.44,0.48,-8.90,-1.18,0.64,-0.27,-0.20,-0.07,39.75,1.19,10.88
1276.164,394,175,31,29,6194.122,0.56,-0.52,0.43,0.48,-9.16,-1.63,0.39,-0.56,0.10,0.11,39.75,1.19,10.88
1276.182,394,176,32,29,6194.145,0.55,-0.53,0.43,0.48,-10.32,-2.12,-0.12,-0.79,0.25,0.29,40.50,0.88,9.69
1276.199,394,176,32,29,6194.167,0.54,-0.53,0.43,0.49,-10.25,-1.54,0.01,-0.83,0.09,0.26,40.50,0.88,9.69
1276.218,393,176,32,29,6194.188,0.54,-0.54,0.43,0.49,-9.94,-0.83,-0.01,-0.85,-0.06,0.21,39.56,1.25,10.88
1276.234,393,176,32,29,6194.212,0.53,-0.54,0.42,0.50,-9.54,-1.56,0.06,-1.06,-0.02,0.19,39.56,1.25,10.88
1276.251,393,176,32,29,6194.233,0.52,-0.55,0.42,0.50,-9.43,-1.76,0.48,-1.09,0.02,0.14,39.56,1.25,10.88
1276.269,394,178,31,27,6194.257,0.52,-0.55,0.41,0.51,-9.50,-1.50,0.41,-1.37,0.13,0.16,40.56,0.56,11.69
1276.287,394,177,31,28,6194.278,0.50,-0.56,0.41,0.52,-9.07,-1.75,0.48,-1.62,0.27,0.21,40.56,0.56,11.69
1276.303,394,177,31,28,6194.302,0.49,-0.57,0.40,0.52,-9.13,-1.88,0.39,-1.73,0.44,0.24,40.56,-0.75,10.75
1276.331,395,177,30,28,6194.325,0.48,-0.58,0.40,0.53,-9.35,-2.15,0.26,-1.66,0.51,0.15,40.56,-0.75,10.75
1276.349,395,177,30,28,6194.348,0.46,-0.59,0.39,0.53,-9.83,-0.37,0.01,-2.29,0.63,0.14,41.00,-0.50,12.25
1276.372,395,178,29,26,6194.37,0.44,-0.61,0.37,0.54,-9.34,-1.35,-0.43,-2.66,0.66,0.19,41.00,-0.50,12.25
1276.393,393,177,33,30,6194.393,0.41,-0.63,0.36,0.55,-9.65,-1.40,-0.64,-2.54,0.57,0.19,41.00,-2.00,13.06
1276.41,393,177,33,30,6194.415,0.40,-0.64,0.35,0.56,-10.21,-1.57,-1.08,-2.35,0.14,0.25,41.00,-2.00,13.06
1276.431,394,178,29,26,6194.438,0.38,-0.65,0.34,0.57,-9.68,-0.71,-0.09,-2.50,-0.07,0.10,39.56,-2.25,13.50
1276.461,392,177,32,29,6194.46,0.36,-0.66,0.32,0.58,-9.17,-1.12,-1.42,-2.36,0.12,0.03,39.56,-2.25,13.50
1276.476,392,177,32,29,6194.483,0.34,-0.67,0.31,0.58,-9.35,-1.09,-1.02,-2.13,0.33,0.11,39.56,-2.25,13.50
1276.506,392,176,32,30,6194.505,0.33,-0.68,0.30,0.59,-10.68,-1.06,-1.09,-2.39,0.06,0.20,41.00,-3.75,14.25
1276.529,391,176,32,30,6194.528,0.31,-0.68,0.28,0.60,-9.97,-1.00,-0.70,-2.48,-0.12,-0.12,41.00,-3.75,14.25
1276.551,391,177,32,29,6194.552,0.29,-0.69,0.26,0.61,-9.68,-0.37,-0.52,-2.26,-0.06,-0.30,39.50,-4.56,13.88
1276.567,391,177,32,29,6194.575,0.28,-0.70,0.25,0.61,-9.47,-0.36,-0.91,-2.21,0.10,-0.15,39.50,-4.56,13.88
1276.584,391,177,32,29,6194.597,0.26,-0.71,0.23,0.61,-9.57,-1.69,-2.06,-2.19,0.14,0.06,40.88,-5.00,13.88
1276.605,392,176,30,28,6194.622,0.24,-0.72,0.22,0.62,-10.09,-1.59,-1.26,-2.05,0.08,0.02,40.88,-5.00,13.88
1276.631,390,175,32,30,6194.642,0.23,-0.72,0.20,0.62,-10.25,-0.69,-0.60,-2.04,-0.13,-0.07,40.06,-7.56,14.56
1276.654,390,175,32,30,6194.667,0.21,-0.72,0.19,0.63,-9.17,-1.51,-3.37,-2.07,-0.04,0.05,40.06,-7.56,14.56
1276.674,391,175,30,28,6194.688,0.19,-0.73,0.18,0.63,-9.69,-0.56,-1.26,-1.63,0.23,0.10,40.50,-9.06,14.19
1276.694,391,175,30,29,6194.712,0.18,-0.73,0.17,0.64,-10.33,0.62,-0.35,-2.02,-0.08,0.24,40.50,-9.06,14.19
1276.711,391,175,30,29,6194.735,0.16,-0.73,0.15,0.64,-10.46,0.50,0.27,-2.87,-0.49,0.38,42.00,-10.06,14.50
1276.73,390,175,32,29,6194.757,0.13,-0.73,0.13,0.65,-8.44,-2.11,-4.82,-2.54,-0.14,0.31,42.00,-10.06,14.50
1276.747,390,175,32,29,6194.778,0.11,-0.74,0.12,0.65,-9.73,-0.12,-0.51,-1.42,0.32,0.07,42.00,-10.06,14.50
1276.766,390,173,33,30,6194.802,0.10,-0.74,0.11,0.66,-9.71,1.30,0.44,-1.68,-0.09,0.26,40.50,-10.38,12.56
1276.788,390,174,31,28,6194.827,0.08,-0.74,0.10,0.66,-9.65,1.10,-0.50,-3.12,-0.51,0.74,40.50,-10.38,12.56
1276.811,390,174,31,28,6194.849,0.04,-0.74,0.07,0.67,-9.44,-0.99,-2.86,-2.76,-0.25,0.35,42.00,-12.19,10.88
1276.84,389,172,32,30,6194.874,0.03,-0.74,0.06,0.67,-9.76,0.42,-1.04,-1.54,0.17,-0.09,42.00,-12.19,10.88
1276.864,389,174,30,27,6194.894,0.02,-0.74,0.05,0.67,-9.85,1.76,0.71,-1.95,-0.14,0.04,41.19,-14.75,10.50
1276.884,389,174,30,27,6194.919,0.00,-0.74,0.04,0.67,-9.01,0.59,-1.42,-2.97,-0.38,0.51,41.19,-14.75,10.50
1276.902,389,174,30,27,6194.939,-0.03,-0.73,0.02,0.68,-9.18,-0.83,-2.62,-2.23,-0.10,0.56,41.06,-14.69,8.50
1276.925,389,173,31,29,6194.964,-0.04,-0.73,0.01,0.68,-9.95,0.61,-0.96,-1.17,0.09,0.37,41.06,-14.69,8.50
1276.942,389,173,31,29,6194.987,-0.05,-0.73,0.01,0.68,-10.04,1.54,0.16,-1.57,-0.28,0.37,41.38,-17.37,6.50
1276.985,387,171,33,30,6195.009,-0.07,-0.73,-0.00,0.68,-9.80,0.16,-2.20,-1.52,-0.18,0.40,41.38,-17.37,6.50
1277.001,387,171,33,30,6195.03,-0.08,-0.73,-0.01,0.68,-10.14,0.57,-1.43,-0.73,0.10,0.10,41.38,-17.37,6.50
1277.037,387,171,32,30,6195.054,-0.08,-0.73,-0.01,0.68,-10.22,1.74,-0.41,-0.41,0.10,-0.13,39.75,-18.69,6.88
1277.064,386,170,33,30,6195.077,-0.09,-0.73,-0.01,0.68,-9.63,1.34,-0.15,-0.89,-0.13,-0.02,39.75,-18.69,6.88
1277.081,386,170,33,30,6195.101,-0.10,-0.73,-0.02,0.68,-9.46,0.75,-0.77,-1.00,-0.21,0.20,40.06,-19.37,7.19
1277.1,386,171,31,29,6195.126,-0.10,-0.72,-0.03,0.68,-9.66,0.59,-1.22,-0.46,-0.05,0.17,40.06,-19.37,7.19
1277.128,384,170,33,29,6195.146,-0.11,-0.72,-0.03,0.68,-9.93,1.28,-0.41,-0.32,-0.02,0.06,38.69,-19.69,6.00
1277.144,384,170,33,29,6195.171,-0.11,-0.72,-0.03,0.68,-9.88,1.15,-0.46,-0.34,-0.02,0.04,38.69,-19.69,6.00
1277.165,385,170,30,28,6195.191,-0.11,-0.72,-0.03,0.68,-9.90,1.25,-0.80,-0.24,0.05,-0.02,40.38,-20.00,2.88
1277.187,384,171,30,27,6195.216,-0.11,-0.72,-0.03,0.68,-9.81,1.18,-0.44,-0.16,0.13,-0.02,40.38,-20.00,2.88
1277.203,384,171,30,27,6195.236,-0.12,-0.72,-0.03,0.68,-9.98,1.19,-0.62,0.09,0.16,-0.04,40.00,-19.56,4.88
1277.224,383,169,32,29,6195.261,-0.11,-0.73,-0.03,0.68,-10.00,1.34,-0.34,0.05,0.03,-0.08,40.00,-19.56,4.88
1277.24,383,169,32,29,6195.281,-0.11,-0.73,-0.04,0.68,-9.62,0.95,-0.52,-0.06,0.00,-0.01,40.00,-19.56,4.88
1277.264,383,170,32,29,6195.306,-0.11,-0.73,-0.04,0.68,-9.68,0.80,-0.78,-0.00,0.15,0.01,39.25,-20.00,4.06
1277.292,384,169,30,28,6195.326,-0.11,-0.73,-0.04,0.68,-9.82,1.23,-0.51,-0.09,0.11,-0.01,39.25,-20.00,4.06
1277.308,384,169,30,28,6195.351,-0.11,-0.73,-0.03,0.68,-9.92,1.27,-0.91,-0.03,0.02,-0.04,39.00,-19.56,4.88
1277.325,384,169,30,28,6195.374,-0.11,-0.73,-0.03,0.68,-10.00,1.45,-0.62,-0.15,-0.15,-0.05,39.00,-19.56,4.88
1277.345,383,168,33,30,6195.396,-0.10,-0.73,-0.03,0.68,-9.71,0.96,-0.81,-0.13,-0.08,-0.03,40.00,-20.00,5.69
1277.364,383,170,33,29,6195.419,-0.10,-0.73,-0.03,0.68,-9.68,0.93,-0.67,0.15,0.07,-0.06,40.00,-20.00,5.69
1277.38,383,170,33,29,6195.441,-0.10,-0.73,-0.02,0.68,-9.72,1.17,-0.66,0.21,0.12,-0.10,39.25,-20.00,3.25
1277.402,383,170,32,28,6195.464,-0.10,-0.73,-0.02,0.68,-9.66,1.26,-0.48,0.06,-0.03,-0.06,39.25,-20.00,3.25
1277.422,384,170,33,29,6195.486,-0.10,-0.73,-0.02,0.68,-9.63,1.06,-0.59,-0.08,-0.04,-0.02,40.38,-20.00,4.06
1277.445,384,170,33,29,6195.509,-0.09,-0.73,-0.02,0.68,-9.65,0.97,-0.75,-0.05,-0.02,0.00,40.38,-20.00,4.06
1277.467,384,170,33,30,6195.531,-0.09,-0.73,-0.02,0.68,-9.76,1.12,-0.67,0.01,0.03,-0.01,40.38,-20.00,4.06
1277.484,385,171,31,28,6195.554,-0.09,-0.73,-0.01,0.68,-9.75,1.19,-0.44,-0.02,0.03,-0.03,39.25,-19.56,4.88
1277.501,385,171,31,28,6195.576,-0.09,-0.73,-0.01,0.68,-9.80,1.13,-0.59,0.12,0.07,-0.06,39.25,-19.56,4.88
1277.538,384,170,33,30,6195.597,-0.08,-0.73,-0.01,0.68,-9.84,1.31,-0.32,0.03,0.05,-0.05,40.75,-18.87,4.50
1277.557,384,170,33,30,6195.621,-0.08,-0.73,-0.01,0.68,-9.77,1.09,-0.65,-0.04,-0.00,-0.03,40.75,-18.87,4.50
1277.584,385,170,33,30,6195.644,-0.08,-0.73,-0.01,0.68,-9.75,1.12,-0.59,-0.03,0.01,-0.04,40.38,-20.00,4.88
1277.631,386,171,31,28,6195.666,-0.08,-0.73,-0.01,0.68,-9.68,1.15,-0.65,-0.01,0.02,-0.07,40.38,-20.00,4.88
1277.653,385,171,33,30,6195.687,-0.07,-0.73,-0.00,0.68,-9.78,1.03,-0.48,-0.07,-0.02,-0.04,40.38,-19.19,3.69
1277.671,385,171,33,30,6195.712,-0.08,-0.73,-0.01,0.68,-9.71,0.86,-0.75,-0.07,0.00,-0.04,40.38,-19.19,3.69
1277.687,385,171,33,30,6195.734,-0.08,-0.73,-0.01,0.68,-9.75,0.99,-0.46,-0.05,0.04,-0.02,40.75,-17.69,4.50
1277.708,384,171,34,30,6195.757,-0.07,-0.73,-0.00,0.68,-9.81,1.09,-0.74,0.00,0.04,-0.04,40.75,-17.69,4.50
1277.73,385,170,33,30,6195.777,-0.07,-0.73,-0.00,0.68,-9.84,1.06,-0.52,0.01,0.03,-0.04,40.75,-17.69,4.50
