1599.351,337,175,30,27,6517.561,0.07,-0.68,0.13,0.72,-9.85,0.99,0.22,0.17,-0.19,-0.39,25.87,-13.38,2.75
1599.372,337,174,30,28,6517.583,0.08,-0.67,0.13,0.72,-9.68,1.41,0.13,0.15,-0.18,-0.36,26.19,-12.56,1.69
1599.395,337,174,31,27,6517.606,0.08,-0.67,0.13,0.72,-9.66,1.26,0.22,0.09,-0.17,-0.16,26.19,-12.56,1.69
1599.418,337,173,29,28,6517.628,0.08,-0.67,0.13,0.72,-9.68,0.66,0.54,0.08,-0.11,-0.02,26.56,-12.19,0.50
1599.434,337,173,29,28,6517.651,0.08,-0.67,0.13,0.72,-9.84,0.46,0.77,0.10,-0.03,-0.04,26.56,-12.19,0.50
1599.454,335,173,30,27,6517.671,0.08,-0.67,0.13,0.72,-9.85,0.52,0.83,0.13,-0.00,-0.10,27.37,-13.00,1.25
1599.476,335,173,30,27,6517.696,0.09,-0.67,0.13,0.72,-10.14,0.62,0.50,0.14,0.02,-0.12,27.37,-13.00,1.25
1599.498,334,172,30,27,6517.719,0.09,-0.67,0.13,0.72,-10.46,0.46,0.77,0.17,0.04,-0.15,27.00,-12.19,0.88
1599.518,334,170,29,27,6517.741,0.09,-0.67,0.13,0.72,-10.35,1.00,0.15,0.20,-0.04,-0.18,27.00,-12.19,0.88
1599.534,334,170,29,27,6517.762,0.09,-0.67,0.13,0.72,-10.00,0.94,0.42,0.16,-0.04,-0.17,27.00,-12.19,0.88
1599.561,333,169,30,26,6517.786,0.10,-0.67,0.13,0.72,-9.73,0.47,0.34,0.11,-0.05,-0.12,28.50,-11.19,2.00
1599.583,333,168,30,26,6517.811,0.10,-0.67,0.13,0.72,-9.46,-0.01,0.52,0.13,-0.03,-0.15,28.50,-11.19,2.00
1599.599,333,168,30,26,6517.831,0.10,-0.67,0.13,0.72,-9.46,-0.46,1.10,0.21,-0.00,-0.23,28.06,-11.19,2.00
1599.625,334,168,29,26,6517.854,0.10,-0.67,0.13,0.72,-9.17,0.48,0.66,0.22,-0.01,-0.28,28.06,-11.19,2.00
1599.655,334,169,29,26,6517.876,0.11,-0.67,0.13,0.72,-9.29,0.69,0.53,0.25,0.02,-0.16,27.69,-11.50,0.50
1599.672,334,169,29,26,6517.899,0.11,-0.67,0.13,0.72,-9.12,0.27,0.62,0.17,0.05,-0.02,27.69,-11.50,0.50
1599.691,335,169,29,26,6517.921,0.11,-0.67,0.13,0.72,-9.58,0.04,0.56,0.25,0.06,-0.04,28.06,-11.19,-0.25
1599.708,335,169,29,26,6517.944,0.11,-0.67,0.13,0.72,-9.55,0.38,0.18,0.23,0.07,-0.07,28.06,-11.19,-0.25
1599.735,336,169,29,26,6517.966,0.11,-0.67,0.13,0.72,-9.98,0.36,0.45,0.26,0.08,-0.03,28.06,-11.19,-0.25
1599.756,338,169,29,26,6517.989,0.11,-0.67,0.13,0.72,-9.82,0.52,0.64,0.22,-0.01,0.05,28.50,-11.06,0.50
1599.772,338,169,29,26,6518.011,0.11,-0.67,0.14,0.72,-9.60,0.45,0.44,0.19,-0.01,0.08,28.50,-11.06,0.50
1599.795,339,170,29,26,6518.032,0.11,-0.67,0.14,0.72,-9.71,0.52,0.64,0.19,0.07,0.11,27.37,-10.25,0.50
1599.826,341,170,28,26,6518.056,0.11,-0.67,0.14,0.72,-10.02,0.52,0.74,0.19,0.08,0.11,27.37,-10.25,0.50
1599.843,341,170,28,26,6518.079,0.11,-0.67,0.14,0.72,-9.98,0.62,0.71,0.19,-0.02,0.11,27.75,-10.25,0.50
1599.878,342,170,29,27,6518.099,0.11,-0.67,0.14,0.72,-9.81,0.66,0.70,0.21,-0.04,0.14,27.75,-10.25,0.50
1599.901,345,171,24,24,6518.122,0.11,-0.67,0.15,0.72,-9.90,0.32,0.69,0.23,-0.06,0.12,27.50,-11.25,0.88
1599.924,345,171,27,25,6518.147,0.11,-0.67,0.15,0.72,-9.96,0.78,0.76,0.29,-0.04,0.02,27.50,-11.25,0.88
1599.946,346,171,27,24,6518.167,0.11,-0.67,0.15,0.72,-10.10,1.19,0.52,0.26,-0.01,0.06,27.75,-11.25,0.88
1599.968,346,171,27,24,6518.19,0.11,-0.67,0.15,0.72,-10.42,0.59,0.54,0.19,0.02,0.16,27.75,-11.25,0.88
1599.99,345,169,28,26,6518.212,0.11,-0.67,0.15,0.72,-10.41,0.77,0.94,0.21,-0.02,0.13,27.75,-11.25,0.88
1600.009,347,168,29,26,6518.235,0.11,-0.67,0.15,0.72,-10.29,0.98,0.57,0.23,-0.14,0.14,27.06,-11.00,0.50
1600.025,347,168,29,26,6518.259,0.11,-0.67,0.16,0.72,-10.03,0.68,0.34,0.17,-0.06,0.22,27.06,-11.00,0.50
1600.042,347,168,29,26,6518.28,0.11,-0.67,0.16,0.72,-10.14,0.48,0.66,0.17,-0.02,0.20,27.06,-11.69,0.88
1600.062,350,169,25,23,6518.302,0.11,-0.67,0.16,0.72,-10.16,0.75,0.54,0.19,-0.10,0.16,27.06,-11.69,0.88
1600.079,350,169,25,23,6518.325,0.11,-0.67,0.16,0.72,-10.05,1.14,0.50,0.18,-0.21,0.16,27.06,-11.56,0.50
1600.101,349,168,28,25,6518.347,0.11,-0.66,0.16,0.72,-9.90,1.23,0.18,0.11,-0.27,0.26,27.06,-11.56,0.50
1600.129,352,167,27,24,6518.37,0.11,-0.66,0.17,0.72,-9.41,0.38,0.67,0.08,-0.19,0.33,28.19,-12.69,1.19
1600.146,352,167,27,24,6518.392,0.11,-0.66,0.17,0.73,-9.71,1.11,0.87,0.14,-0.14,0.30,28.19,-12.69,1.19
1600.169,353,166,28,25,6518.413,0.11,-0.66,0.17,0.73,-9.89,1.14,0.80,0.17,-0.22,0.31,28.19,-12.69,1.19
1600.195,354,165,28,26,6518.437,0.10,-0.65,0.17,0.73,-9.67,1.12,0.93,0.19,-0.33,0.31,26.69,-13.06,0.06
1600.217,361,167,21,22,6518.46,0.10,-0.65,0.18,0.73,-9.33,1.38,0.96,0.18,-0.33,0.32,26.69,-13.06,0.06
1600.234,361,167,21,22,6518.482,0.10,-0.65,0.18,0.73,-9.11,1.22,1.01,0.20,-0.27,0.44,26.69,-13.38,0.50
1600.252,361,165,27,26,6518.507,0.10,-0.64,0.18,0.74,-8.80,1.43,1.09,0.30,-0.18,0.58,26.69,-13.38,0.50
1600.277,361,165,27,26,6518.53,0.09,-0.64,0.19,0.74,-9.58,2.88,0.59,0.19,-0.06,0.85,27.50,-13.75,-0.25
1600.301,367,166,27,26,6518.55,0.08,-0.64,0.20,0.74,-9.87,2.94,0.89,0.05,-0.06,1.17,27.50,-13.75,-0.25
1600.333,372,170,24,23,6518.573,0.07,-0.64,0.21,0.74,-9.61,2.55,0.72,-0.14,-0.11,1.48,26.69,-14.75,0.06
1600.358,374,170,28,22,6518.597,0.06,-0.63,0.22,0.74,-9.04,0.38,0.90,-0.10,-0.10,1.63,26.69,-14.75,0.06
1600.382,378,171,27,22,6518.618,0.05,-0.63,0.22,0.74,-9.22,1.22,1.49,0.30,-0.02,1.00,25.25,-18.19,-0.25
1600.399,378,171,27,22,6518.64,0.04,-0.63,0.23,0.74,-9.62,3.30,1.29,0.27,-0.09,0.57,25.25,-18.19,-0.25
1600.418,378,171,27,22,6518.663,0.04,-0.62,0.24,0.74,-9.22,4.18,1.13,0.16,-0.22,0.64,25.25,-18.19,-0.25
1600.457,384,174,25,21,6518.687,0.03,-0.62,0.24,0.75,-9.02,3.95,1.11,0.06,-0.29,0.97,24.56,-20.75,-0.25
1600.482,388,176,26,23,6518.71,0.03,-0.62,0.25,0.75,-9.02,3.15,1.32,0.02,-0.26,1.36,24.56,-20.75,-0.25
1600.504,393,180,26,21,6518.73,0.01,-0.61,0.26,0.75,-9.27,3.16,1.28,-0.05,-0.26,1.40,23.00,-20.00,1.19
1600.526,397,181,27,23,6518.755,0.00,-0.60,0.27,0.75,-9.11,3.07,1.24,-0.07,-0.30,1.35,23.00,-20.00,1.19
1600.543,397,181,27,23,6518.777,-0.01,-0.60,0.27,0.75,-9.05,3.87,1.21,0.04,-0.35,1.15,21.50,-23.87,0.00
1600.569,397,185,32,23,6518.8,-0.01,-0.59,0.28,0.76,-8.78,4.87,0.85,0.07,-0.32,1.06,21.50,-23.87,0.00
1600.596,402,186,32,23,6518.822,-0.02,-0.58,0.29,0.76,-8.74,4.85,1.20,0.00,-0.25,1.02,20.25,-26.19,1.75
1600.613,402,186,32,23,6518.845,-0.03,-0.58,0.30,0.76,-8.47,4.71,1.18,-0.02,-0.22,0.97,20.25,-26.19,1.75
1600.635,404,189,35,22,6518.867,-0.04,-0.58,0.30,0.76,-8.31,4.88,1.59,0.03,-0.16,0.96,20.75,-28.25,1.50
1600.661,408,191,34,22,6518.89,-0.05,-0.57,0.31,0.76,-8.20,5.03,1.55,0.05,-0.17,1.00,20.75,-28.25,1.50
1600.683,412,194,34,22,6518.913,-0.05,-0.57,0.32,0.76,-8.07,5.42,1.59,0.07,-0.16,1.07,20.75,-28.25,1.50
1600.699,412,194,34,22,6518.937,-0.06,-0.56,0.32,0.76,-7.89,5.95,1.40,-0.01,-0.16,1.12,19.19,-30.25,1.50
1600.721,417,197,34,22,6518.96,-0.07,-0.56,0.33,0.76,-7.77,5.91,1.48,-0.12,-0.11,1.31,19.19,-30.25,1.50
1600.75,421,201,35,23,6518.982,-0.08,-0.55,0.34,0.76,-7.54,5.38,1.66,-0.09,-0.06,1.42,18.00,-32.19,2.69
1600.768,421,201,35,23,6519.007,-0.09,-0.54,0.34,0.76,-7.01,5.52,1.49,-0.00,-0.06,1.45,18.00,-32.19,2.69
1600.784,421,201,35,23,6519.029,-0.10,-0.54,0.35,0.76,-7.76,7.67,1.82,0.18,-0.04,1.28,16.06,-34.69,3.38
1600.804,428,205,32,24,6519.052,-0.12,-0.53,0.36,0.76,-7.11,7.89,1.31,0.06,-0.16,1.51,16.06,-34.69,3.38
1600.825,435,209,28,25,6519.072,-0.13,-0.52,0.37,0.76,-6.57,6.74,1.47,-0.19,-0.14,1.71,14.06,-38.38,4.56
1600.841,435,209,28,25,6519.097,-0.14,-0.52,0.38,0.75,-6.84,6.76,1.65,-0.12,-0.14,1.66,14.06,-38.38,4.56
1600.863,438,214,30,24,6519.117,-0.15,-0.51,0.39,0.75,-6.49,6.61,1.60,-0.02,-0.16,1.54,12.50,-41.75,5.19
1600.883,438,214,30,24,6519.142,-0.17,-0.50,0.40,0.75,-5.93,7.24,1.65,0.01,-0.22,1.36,12.50,-41.75,5.19
1600.94,441,218,30,24,6519.162,-0.17,-0.49,0.41,0.75,-5.86,7.42,1.85,0.04,-0.30,1.26,12.50,-41.75,5.19
1600.966,442,223,32,25,6519.187,-0.18,-0.49,0.41,0.75,-5.36,8.02,1.64,-0.04,-0.27,1.18,10.88,-41.88,5.69
1600.992,444,226,32,25,6519.209,-0.19,-0.48,0.42,0.75,-5.27,7.89,1.77,-0.01,-0.16,1.15,10.88,-41.88,5.69
1601.009,444,226,32,25,6519.232,-0.20,-0.47,0.43,0.75,-5.40,7.63,2.28,0.12,-0.16,1.05,9.06,-42.38,5.25
1601.036,452,234,24,22,6519.257,-0.20,-0.47,0.43,0.74,-5.06,7.78,1.81,0.14,-0.27,0.78,9.06,-42.38,5.25
1601.071,451,236,28,25,6519.279,-0.21,-0.46,0.44,0.74,-4.81,8.30,2.09,0.17,-0.28,0.76,7.50,-43.69,4.56
1601.097,455,241,23,25,6519.302,-0.21,-0.45,0.44,0.74,-4.21,8.51,1.71,0.09,-0.32,0.78,7.50,-43.69,4.56
1601.121,454,243,28,25,6519.324,-0.22,-0.45,0.45,0.74,-4.33,8.47,1.90,0.06,-0.23,0.83,7.19,-42.00,5.75
1601.14,454,243,28,25,6519.347,-0.22,-0.44,0.45,0.74,-4.49,8.28,1.85,0.02,-0.16,0.84,7.19,-42.00,5.75
1601.164,458,246,22,27,6519.367,-0.23,-0.44,0.46,0.74,-4.25,9.07,1.52,0.03,-0.20,0.83,6.19,-43.75,5.38
1601.182,458,246,22,27,6519.392,-0.24,-0.43,0.46,0.74,-4.23,8.58,1.61,0.05,-0.20,0.92,6.19,-43.75,5.38
1601.206,458,250,25,26,6519.412,-0.24,-0.43,0.47,0.74,-3.80,8.83,1.59,-0.01,-0.19,0.87,6.19,-43.75,5.38
1601.236,458,256,26,22,6519.437,-0.25,-0.42,0.47,0.74,-4.02,8.99,1.86,-0.01,-0.19,0.87,4.19,-42.69,5.00
1601.252,458,256,26,22,6519.459,-0.25,-0.42,0.47,0.73,-3.72,8.85,1.91,-0.02,-0.20,0.91,4.19,-42.69,5.00
1601.276,460,259,25,22,6519.482,-0.26,-0.41,0.48,0.73,-3.29,9.29,1.60,-0.15,-0.23,0.96,3.19,-43.50,5.75
1601.297,462,263,22,22,6519.506,-0.27,-0.40,0.48,0.73,-3.29,8.79,1.61,-0.19,-0.12,1.16,3.19,-43.50,5.75
1601.314,462,263,22,22,6519.527,-0.28,-0.39,0.49,0.73,-2.88,8.33,2.18,-0.16,-0.13,1.03,1.37,-42.50,5.38
1601.335,462,263,24,24,6519.552,-0.29,-0.38,0.49,0.73,-2.66,8.50,2.07,-0.12,-0.19,0.78,1.37,-42.50,5.38
1601.354,462,266,24,22,6519.572,-0.29,-0.38,0.49,0.73,-2.45,9.53,1.91,-0.05,-0.23,0.54,0.25,-43.56,5.25
1601.37,462,266,24,22,6519.597,-0.29,-0.38,0.50,0.73,-2.44,10.04,1.49,-0.11,-0.14,0.58,0.25,-43.56,5.25
1601.396,461,264,26,24,6519.617,-0.30,-0.37,0.50,0.73,-2.28,9.21,2.06,-0.19,-0.03,0.59,-0.75,-42.25,4.19
1601.413,461,264,26,24,6519.642,-0.30,-0.37,0.50,0.73,-2.35,8.59,2.22,-0.18,-0.00,0.41,-0.75,-42.25,4.19
1601.437,460,263,27,25,6519.662,-0.30,-0.37,0.50,0.73,-2.36,8.51,2.33,-0.11,-0.01,0.09,-0.75,-42.25,4.19
1601.46,458,261,28,24,6519.687,-0.30,-0.36,0.50,0.73,-2.51,9.44,2.12,0.01,-0.04,-0.31,-1.50,-42.88,4.69
1601.476,458,261,28,24,6519.707,-0.29,-0.37,0.50,0.73,-2.68,9.42,2.15,0.02,-0.04,-0.39,-1.50,-42.88,4.69
1601.502,456,257,31,27,6519.73,-0.28,-0.36,0.50,0.73,-2.57,9.63,2.21,-0.01,-0.04,-0.47,-1.06,-42.38,5.06
1601.52,456,257,31,27,6519.754,-0.28,-0.36,0.50,0.74,-2.60,9.29,2.09,-0.05,0.00,-0.46,-1.06,-42.38,5.06
1601.549,456,256,31,23,6519.777,-0.27,-0.36,0.50,0.74,-2.71,8.93,2.31,-0.04,0.10,-0.51,-0.37,-43.00,4.69
1601.57,455,249,31,25,6519.799,-0.26,-0.37,0.50,0.74,-3.02,8.48,2.54,0.02,0.11,-0.64,-0.37,-43.00,4.69
1601.59,455,245,29,23,6519.82,-0.25,-0.37,0.49,0.74,-2.91,8.21,2.12,0.05,0.07,-0.88,-0.37,-42.88,3.88
1601.606,455,245,29,23,6519.844,-0.25,-0.38,0.49,0.75,-3.26,8.41,1.89,0.14,0.14,-1.13,-0.37,-42.88,3.88
1601.628,454,239,27,20,6519.867,-0.24,-0.38,0.49,0.75,-3.26,8.49,1.43,0.16,0.32,-1.51,2.19,-42.19,4.25
1601.644,454,239,27,20,6519.889,-0.22,-0.40,0.48,0.75,-4.15,8.66,2.24,0.05,0.42,-1.67,2.19,-42.19,4.25
1601.669,452,228,28,24,6519.91,-0.21,-0.41,0.47,0.75,-4.59,8.18,1.73,0.19,0.39,-1.78,2.19,-42.19,4.25
1601.69,447,222,30,23,6519.934,-0.19,-0.42,0.47,0.75,-4.91,8.14,1.95,0.30,0.40,-1.91,3.69,-42.88,4.69
1601.713,447,222,30,23,6519.957,-0.18,-0.43,0.46,0.76,-5.22,8.16,1.32,0.37,0.37,-2.11,3.69,-42.88,4.69
1601.737,443,214,31,24,6519.98,-0.15,-0.44,0.46,0.76,-5.41,8.06,1.66,0.31,0.42,-2.08,7.00,-42.19,4.25
1601.76,438,208,35,23,6520.002,-0.13,-0.46,0.45,0.76,-5.58,7.70,1.04,0.35,0.44,-2.05,7.00,-42.19,4.25
1601.776,438,208,35,23,6520.025,-0.12,-0.47,0.45,0.75,-6.05,7.46,1.53,0.38,0.53,-1.96,10.38,-42.06,5.88
1601.799,436,201,32,22,6520.047,-0.10,-0.48,0.44,0.75,-6.50,6.51,1.27,0.36,0.46,-1.91,10.38,-42.06,5.88
1601.818,430,196,36,22,6520.068,-0.08,-0.50,0.43,0.75,-6.82,5.98,1.47,0.28,0.41,-2.05,12.88,-39.75,5.50
1601.843,430,196,36,22,6520.092,-0.07,-0.51,0.42,0.75,-6.90,6.24,0.11,0.35,0.42,-2.15,12.88,-39.75,5.50
1601.869,426,191,36,22,6520.115,-0.05,-0.52,0.41,0.75,-7.21,6.09,0.60,0.44,0.56,-2.12,16.25,-37.38,6.25
1601.885,426,191,36,22,6520.137,-0.03,-0.53,0.41,0.74,-7.67,6.10,0.72,0.41,0.58,-2.07,16.25,-37.38,6.25
1601.906,424,185,34,24,6520.158,-0.01,-0.55,0.40,0.74,-8.19,5.69,1.67,0.29,0.53,-1.94,16.25,-37.38,6.25
1601.925,423,181,30,24,6520.182,-0.00,-0.56,0.39,0.73,-7.66,4.47,0.61,0.02,0.39,-2.00,18.50,-32.69,5.19
1601.943,423,181,30,24,6520.205,0.01,-0.57,0.37,0.73,-7.91,2.81,-0.07,0.24,0.55,-2.34,18.50,-32.69,5.19
1601.973,419,175,29,26,6520.227,0.04,-0.59,0.36,0.72,-9.23,3.51,0.58,0.39,0.68,-2.61,22.50,-29.19,4.88
1601.996,415,173,26,24,6520.252,0.06,-0.60,0.34,0.72,-10.15,4.47,0.92,0.37,0.60,-2.72,22.50,-29.19,4.88
1602.02,415,173,26,24,6520.274,0.07,-0.61,0.33,0.71,-9.94,4.58,0.92,0.15,0.26,-2.55,26.06,-23.00,3.75
1602.046,412,171,25,22,6520.297,0.09,-0.62,0.32,0.71,-9.71,3.54,-0.83,0.46,0.38,-2.17,26.06,-23.00,3.75
1602.069,408,167,27,25,6520.32,0.11,-0.64,0.31,0.70,-10.04,2.82,0.28,0.47,0.55,-2.05,29.06,-17.75,4.25
1602.09,404,165,26,25,6520.342,0.13,-0.65,0.30,0.69,-10.00,2.15,0.29,0.29,0.53,-2.11,29.06,-17.75,4.25
1602.107,404,165,26,25,6520.365,0.14,-0.65,0.28,0.69,-10.59,2.96,0.52,0.04,0.26,-2.00,31.06,-13.75,4.75
1602.125,400,161,28,26,6520.387,0.16,-0.66,0.27,0.68,-10.06,2.78,-0.72,0.22,0.26,-1.62,31.06,-13.75,4.75
1602.143,400,161,28,26,6520.41,0.17,-0.67,0.26,0.68,-10.17,2.29,-0.41,0.24,0.31,-1.33,31.06,-13.75,4.75
1602.165,398,161,27,25,6520.434,0.18,-0.67,0.25,0.67,-10.06,1.03,-0.12,0.11,0.28,-1.35,34.75,-10.38,4.50
1602.19,394,158,28,27,6520.457,0.19,-0.68,0.25,0.67,-9.53,-0.74,-0.36,0.06,0.19,-1.51,34.75,-10.38,4.50
1602.207,394,158,28,27,6520.479,0.20,-0.68,0.23,0.66,-9.35,-0.83,-0.67,0.30,0.28,-1.61,36.19,-7.56,6.06
1602.224,394,158,28,27,6520.504,0.22,-0.69,0.23,0.65,-10.22,0.22,-0.42,0.38,0.36,-1.60,36.19,-7.56,6.06
1602.245,391,158,29,25,6520.526,0.23,-0.69,0.22,0.65,-10.33,0.58,-0.46,0.10,0.23,-1.42,36.06,-3.75,5.38
1602.267,388,156,29,26,6520.549,0.24,-0.70,0.21,0.64,-9.99,-0.08,-0.80,-0.06,0.15,-1.26,36.06,-3.75,5.38
1602.284,388,156,29,26,6520.569,0.24,-0.70,0.20,0.64,-9.84,-1.73,-1.33,0.03,0.20,-1.20,37.50,-2.00,5.38
1602.31,385,155,30,27,6520.594,0.25,-0.71,0.19,0.63,-10.03,-1.90,-0.81,0.23,0.31,-1.34,37.50,-2.00,5.38
1602.331,383,151,29,31,6520.614,0.26,-0.71,0.18,0.63,-9.82,-1.43,-0.49,0.22,0.28,-1.61,39.06,1.19,6.19
1602.355,383,151,29,31,6520.637,0.28,-0.72,0.17,0.62,-9.68,-1.88,-0.76,0.12,0.22,-1.66,39.06,1.19,6.19
1602.378,381,149,26,33,6520.659,0.29,-0.72,0.16,0.61,-9.16,-2.68,-1.20,0.09,0.23,-1.64,39.06,1.19,6.19
1602.398,378,147,25,36,6520.684,0.30,-0.72,0.15,0.60,-9.29,-2.15,-1.06,0.09,0.29,-1.62,39.19,3.56,5.00
1602.415,378,147,25,36,6520.707,0.31,-0.73,0.14,0.60,-9.53,-2.59,-1.00,0.09,0.29,-1.47,39.19,3.56,5.00
1602.435,376,149,25,35,6520.727,0.32,-0.73,0.13,0.59,-9.02,-2.92,-0.90,0.00,0.22,-1.49,39.69,7.69,6.56
1602.454,371,149,28,35,6520.752,0.33,-0.73,0.12,0.58,-8.67,-3.29,-1.36,-0.03,0.20,-1.49,39.69,7.69,6.56
1602.471,371,149,28,35,6520.774,0.34,-0.74,0.11,0.58,-8.66,-2.97,-1.36,0.04,0.33,-1.34,39.00,9.50,5.38
1602.491,370,151,27,33,6520.797,0.35,-0.74,0.10,0.57,-9.20,-3.99,-1.01,0.00,0.38,-1.28,39.00,9.50,5.38
1602.512,370,151,27,33,6520.817,0.35,-0.75,0.09,0.56,-9.20,-4.09,-0.94,-0.04,0.27,-1.31,39.00,12.75,5.38
1602.533,365,151,32,36,6520.842,0.36,-0.75,0.08,0.55,-9.07,-4.11,-1.48,0.08,0.22,-1.24,39.00,12.75,5.38
1602.549,365,151,32,36,6520.864,0.37,-0.75,0.07,0.55,-8.92,-4.00,-0.99,0.06,0.15,-1.16,38.69,13.75,5.38
1602.57,365,154,28,34,6520.887,0.37,-0.75,0.06,0.54,-8.67,-4.75,-1.35,-0.05,0.10,-1.16,38.69,13.75,5.38
1602.591,365,154,28,34,6520.907,0.38,-0.75,0.05,0.54,-8.27,-4.96,-1.70,-0.03,0.11,-1.17,38.69,13.75,5.38
1602.614,361,160,30,26,6520.932,0.39,-0.75,0.04,0.53,-8.49,-5.07,-1.40,0.07,0.19,-1.13,37.56,16.25,5.38
1602.632,359,161,30,27,6520.954,0.39,-0.75,0.04,0.52,-8.44,-5.42,-1.39,0.06,0.10,-1.26,37.56,16.25,5.38
1602.654,359,161,30,27,6520.979,0.40,-0.76,0.02,0.52,-8.30,-5.59,-1.33,0.08,0.09,-1.26,37.56,18.50,5.00
1602.688,357,163,29,26,6521.001,0.41,-0.76,0.02,0.51,-8.05,-5.86,-1.54,0.08,0.08,-1.21,37.56,18.50,5.00
1602.708,354,164,31,28,6521.024,0.42,-0.76,0.01,0.51,-7.47,-6.03,-1.53,0.02,0.06,-1.22,37.19,20.19,5.75
1602.737,352,167,28,26,6521.047,0.42,-0.76,-0.00,0.50,-7.63,-6.12,-1.57,0.03,0.07,-1.10,37.19,20.19,5.75
1602.763,349,168,30,28,6521.069,0.43,-0.76,-0.01,0.49,-7.52,-6.58,-1.41,0.04,0.11,-1.04,36.38,20.75,5.00
1602.779,349,168,30,28,6521.092,0.43,-0.76,-0.02,0.49,-7.36,-7.39,-1.47,0.07,0.11,-1.06,36.38,20.75,5.00
1602.8,349,168,30,28,6521.114,0.44,-0.76,-0.03,0.48,-6.99,-7.38,-1.54,0.19,0.02,-1.22,35.88,23.37,5.38
1602.834,348,171,29,26,6521.137,0.45,-0.75,-0.04,0.47,-6.93,-6.63,-1.54,0.27,0.02,-1.19,35.88,23.37,5.38
1602.854,346,172,29,28,6521.157,0.46,-0.75,-0.04,0.47,-6.63,-7.07,-1.35,0.22,-0.01,-1.12,35.88,23.37,5.38
1602.879,343,173,30,28,6521.182,0.47,-0.75,-0.05,0.46,-6.40,-7.65,-1.20,0.22,-0.03,-1.25,34.00,25.00,4.56
1602.899,341,175,31,28,6521.204,0.47,-0.75,-0.06,0.46,-6.22,-7.50,-1.03,0.19,-0.03,-1.38,34.00,25.00,4.56
1602.917,341,175,31,28,6521.229,0.48,-0.75,-0.07,0.45,-5.75,-7.41,-1.40,0.09,-0.07,-1.39,33.38,26.37,4.19
1602.943,340,177,30,29,6521.253,0.49,-0.75,-0.08,0.44,-5.57,-7.90,-2.10,0.11,0.07,-1.28,33.38,26.37,4.19
1602.961,340,177,30,29,6521.274,0.50,-0.75,-0.09,0.44,-5.66,-8.74,-1.10,0.11,0.14,-1.37,32.50,28.69,4.19
1602.991,339,180,31,28,6521.298,0.51,-0.74,-0.10,0.43,-5.36,-8.50,-1.34,0.20,0.07,-1.49,32.50,28.69,4.19
1603.017,338,182,31,28,6521.319,0.51,-0.74,-0.11,0.42,-5.00,-8.19,-1.15,0.22,0.04,-1.50,30.56,30.00,3.06
1603.042,337,185,32,29,6521.344,0.52,-0.74,-0.12,0.41,-4.83,-9.00,-1.63,0.38,0.07,-1.72,30.56,30.00,3.06
1603.063,336,189,32,29,6521.364,0.53,-0.73,-0.13,0.40,-4.72,-7.47,-0.96,0.38,0.12,-1.79,30.25,31.00,2.38
1603.079,336,189,32,29,6521.389,0.54,-0.73,-0.15,0.39,-4.65,-7.31,-1.01,0.25,0.08,-1.60,30.25,31.00,2.38
1603.103,336,192,32,30,6521.409,0.55,-0.73,-0.16,0.38,-4.04,-8.31,-1.23,0.09,-0.00,-1.28,30.25,31.00,2.38
1603.119,336,192,32,30,6521.434,0.56,-0.72,-0.17,0.38,-4.00,-10.16,-1.42,0.28,0.03,-1.35,27.75,32.69,2.00
1603.147,336,196,32,29,6521.454,0.57,-0.72,-0.18,0.36,-3.48,-8.61,-1.07,0.38,0.02,-1.42,27.75,32.69,2.00
1603.17,336,198,32,30,6521.479,0.57,-0.71,-0.19,0.36,-3.25,-8.23,-0.96,0.34,0.02,-1.29,25.50,33.69,1.19
1603.192,336,203,32,29,6521.503,0.58,-0.71,-0.19,0.35,-3.07,-7.80,-0.66,0.17,-0.02,-1.06,25.50,33.69,1.19
1603.209,336,203,32,29,6521.524,0.58,-0.71,-0.20,0.35,-2.58,-9.29,-1.14,0.18,0.03,-0.97,24.56,35.50,0.69
1603.24,337,206,32,30,6521.548,0.59,-0.70,-0.21,0.34,-2.76,-9.25,-0.66,0.23,0.09,-1.13,24.56,35.50,0.69
1603.26,337,206,32,30,6521.569,0.60,-0.70,-0.21,0.33,-2.31,-7.74,-0.73,0.16,0.05,-1.14,22.69,35.69,0.69
1603.29,337,209,32,30,6521.593,0.60,-0.70,-0.22,0.33,-2.45,-7.30,-1.04,-0.03,0.05,-0.47,22.69,35.69,0.69
1603.334,340,214,27,26,6521.614,0.60,-0.70,-0.22,0.32,-2.43,-8.69,-0.68,-0.05,-0.00,0.00,20.75,36.25,0.06
1603.359,338,214,33,30,6521.638,0.60,-0.70,-0.22,0.33,-2.40,-9.70,-0.99,-0.05,-0.08,0.27,20.75,36.25,0.06
1603.385,337,214,32,30,6521.659,0.60,-0.70,-0.22,0.33,-2.30,-9.44,-0.75,-0.02,-0.11,0.33,20.75,36.25,0.06
1603.405,340,214,28,26,6521.683,0.60,-0.70,-0.22,0.33,-2.38,-9.10,-0.83,-0.01,-0.15,0.57,21.06,35.88,-1.06
1603.421,340,214,28,26,6521.704,0.59,-0.70,-0.21,0.34,-2.28,-9.49,-0.72,-0.02,-0.17,0.70,21.06,35.88,-1.06
1603.446,337,210,32,29,6521.729,0.59,-0.70,-0.21,0.34,-2.19,-10.04,-0.84,0.02,-0.16,0.66,21.37,35.88,0.50
1603.477,338,208,32,29,6521.753,0.59,-0.70,-0.21,0.35,-2.41,-9.07,-0.61,0.08,-0.09,0.56,21.37,35.88,0.50
1603.494,338,208,32,29,6521.776,0.59,-0.70,-0.20,0.35,-2.89,-7.80,-0.52,0.01,-0.11,0.79,21.56,35.75,0.06
1603.517,339,205,31,28,6521.798,0.58,-0.70,-0.19,0.36,-3.14,-7.46,-0.52,-0.10,-0.16,1.23,21.56,35.75,0.06
1603.543,341,200,30,28,6521.821,0.57,-0.71,-0.18,0.37,-3.49,-7.90,-0.72,-0.19,-0.23,1.75,23.06,35.00,-1.50
1603.562,343,195,30,27,6521.843,0.57,-0.71,-0.17,0.38,-4.13,-8.81,-0.94,-0.17,-0.25,2.16,23.06,35.00,-1.50
1603.578,343,195,30,27,6521.864,0.55,-0.71,-0.15,0.40,-4.61,-8.80,-1.00,-0.12,-0.23,2.15,24.19,35.00,0.06
1603.597,345,188,29,27,6521.888,0.54,-0.72,-0.14,0.41,-4.90,-8.25,-1.19,-0.11,-0.23,2.13,24.19,35.00,0.06
1603.62,345,188,29,27,6521.911,0.53,-0.72,-0.13,0.43,-5.61,-7.75,-0.79,-0.13,-0.20,2.20,24.19,35.00,0.06
1603.641,348,183,28,25,6521.933,0.51,-0.72,-0.13,0.45,-6.14,-7.35,-0.64,-0.15,-0.27,2.34,26.50,32.00,-0.69
1603.657,348,183,28,25,6521.954,0.50,-0.72,-0.10,0.47,-6.08,-7.88,-0.56,-0.22,-0.30,2.25,26.50,32.00,-0.69
1603.677,351,177,29,27,6521.978,0.48,-0.72,-0.10,0.49,-6.20,-7.98,-0.70,-0.20,-0.29,2.02,29.75,29.50,0.88
1603.694,351,177,29,27,6522.001,0.47,-0.73,-0.09,0.50,-6.44,-7.81,-0.50,-0.17,-0.32,1.63,29.75,29.50,0.88
1603.713,354,173,27,24,6522.023,0.46,-0.73,-0.08,0.51,-6.68,-7.03,-0.58,-0.17,-0.30,1.50,31.69,27.87,0.50
1603.732,353,169,30,27,6522.048,0.45,-0.73,-0.07,0.52,-6.71,-7.04,-0.61,-0.20,-0.27,1.39,31.69,27.87,0.50
1603.749,353,169,30,27,6522.071,0.44,-0.73,-0.06,0.52,-6.85,-6.68,-0.57,-0.19,-0.25,1.28,33.75,24.37,0.88
1603.785,354,167,31,26,6522.093,0.43,-0.73,-0.06,0.53,-7.48,-6.29,-1.14,-0.15,-0.17,1.26,33.75,24.37,0.88
1603.803,354,167,31,26,6522.114,0.42,-0.73,-0.05,0.54,-7.93,-5.53,-0.03,-0.22,-0.22,1.35,33.38,23.25,0.06
1603.824,356,166,29,26,6522.138,0.41,-0.73,-0.04,0.55,-7.75,-5.18,-0.74,-0.30,-0.35,1.50,33.38,23.25,0.06
1603.846,356,165,29,27,6522.159,0.40,-0.73,-0.03,0.56,-7.56,-6.20,-1.01,-0.38,-0.30,1.53,33.38,23.25,0.06
1603.867,358,165,29,24,6522.183,0.39,-0.73,-0.02,0.56,-8.45,-5.91,-0.24,-0.20,-0.17,1.36,34.38,20.56,2.38
1603.884,358,165,29,24,6522.204,0.38,-0.73,-0.01,0.57,-8.55,-4.16,0.48,-0.19,-0.36,1.45,34.38,20.56,2.38
1603.906,359,164,28,25,6522.228,0.36,-0.73,-0.01,0.58,-8.68,-3.88,-0.61,-0.33,-0.50,1.71,35.75,19.25,2.69
1603.941,360,163,29,26,6522.251,0.35,-0.73,0.00,0.59,-8.91,-4.95,-1.37,-0.31,-0.36,1.82,35.75,19.25,2.69
1603.96,360,163,29,26,6522.273,0.33,-0.72,0.02,0.60,-9.65,-4.82,-0.09,-0.17,-0.40,1.75,36.88,16.56,2.38
1603.982,363,164,27,24,6522.298,0.32,-0.72,0.03,0.61,-9.78,-2.34,0.24,-0.17,-0.63,1.90,36.88,16.56,2.38
1603.999,363,164,27,24,6522.32,0.31,-0.72,0.04,0.63,-9.39,-2.36,-0.69,-0.40,-0.70,2.14,38.00,13.56,2.56
1604.021,362,163,30,25,6522.343,0.29,-0.71,0.05,0.64,-9.94,-3.56,-0.38,-0.36,-0.54,2.10,38.00,13.56,2.56
1604.043,365,164,29,22,6522.363,0.27,-0.71,0.07,0.65,-10.27,-3.40,0.63,-0.18,-0.61,1.99,39.00,9.69,4.19
1604.067,365,164,29,22,6522.388,0.26,-0.70,0.08,0.66,-10.17,-1.85,0.44,-0.17,-0.82,1.93,39.00,9.69,4.19
1604.097,368,162,27,25,6522.411,0.25,-0.69,0.08,0.67,-10.02,-1.48,0.26,-0.24,-0.87,2.06,39.19,4.88,2.50
1604.124,368,162,29,24,6522.433,0.23,-0.69,0.10,0.68,-9.91,-2.32,0.35,-0.29,-0.74,2.09,39.19,4.88,2.50
1604.148,369,163,28,25,6522.454,0.21,-0.68,0.11,0.69,-10.22,-2.06,0.52,-0.18,-0.69,1.99,39.19,4.88,2.50
1604.17,371,163,29,25,6522.478,0.20,-0.67,0.12,0.70,-10.55,-0.75,0.66,-0.13,-0.72,2.07,39.88,-0.25,2.19
1604.187,371,163,29,25,6522.503,0.18,-0.66,0.13,0.71,-10.66,-0.15,1.11,-0.17,-0.81,2.39,39.88,-0.25,2.19
1604.211,372,164,28,25,6522.525,0.16,-0.65,0.15,0.73,-9.94,-0.69,0.85,-0.19,-0.73,2.40,38.38,-4.38,2.19
1604.242,376,164,28,26,6522.548,0.14,-0.64,0.16,0.73,-9.79,-1.17,0.51,-0.17,-0.58,2.18,38.38,-4.38,2.19
1604.259,376,164,28,26,6522.57,0.13,-0.64,0.18,0.74,-10.23,0.11,1.66,-0.03,-0.57,1.98,37.25,-10.06,2.19
1604.279,378,165,29,27,6522.593,0.11,-0.63,0.19,0.74,-9.50,1.41,1.24,-0.09,-0.66,2.06,37.25,-10.06,2.19
1604.298,380,166,30,27,6522.615,0.09,-0.62,0.20,0.75,-9.13,1.16,1.33,-0.09,-0.51,2.08,36.88,-14.19,1.25
1604.319,380,166,30,27,6522.64,0.08,-0.61,0.21,0.76,-9.27,0.88,1.07,-0.06,-0.32,1.92,36.88,-14.19,1.25
1604.34,385,171,26,23,6522.66,0.07,-0.61,0.22,0.76,-9.97,1.48,1.68,0.02,-0.28,1.66,34.00,-17.87,1.56
1604.363,385,171,26,23,6522.683,0.05,-0.60,0.24,0.76,-9.78,2.99,1.72,-0.01,-0.44,1.79,34.00,-17.87,1.56
1604.384,387,171,30,26,6522.705,0.04,-0.59,0.25,0.77,-9.35,2.67,1.14,0.05,-0.46,1.91,34.00,-17.87,1.56
1604.409,387,171,30,26,6522.73,0.02,-0.58,0.26,0.77,-9.49,3.26,1.44,0.07,-0.42,1.93,33.25,-20.50,2.06
1604.431,391,175,28,23,6522.753,0.01,-0.57,0.27,0.77,-9.01,3.25,1.31,0.04,-0.38,1.83,33.25,-20.50,2.06
1604.456,396,178,27,24,6522.775,-0.01,-0.56,0.29,0.78,-9.00,3.19,1.98,0.19,-0.33,1.73,31.50,-23.06,2.38
1604.479,398,181,29,24,6522.8,-0.02,-0.56,0.30,0.78,-8.77,3.92,1.68,0.36,-0.36,1.62,31.50,-23.06,2.38
1604.5,398,181,29,24,6522.82,-0.02,-0.55,0.31,0.78,-8.95,4.69,2.05,0.46,-0.41,1.56,30.37,-24.69,4.00
1604.524,403,184,29,24,6522.843,-0.03,-0.54,0.32,0.78,-7.80,5.10,1.21,0.35,-0.50,1.63,30.37,-24.69,4.00
1604.547,406,188,30,24,6522.865,-0.05,-0.53,0.34,0.78,-8.26,7.93,2.17,0.52,-0.45,2.06,29.06,-26.56,4.75
1604.575,413,193,29,23,6522.888,-0.06,-0.51,0.35,0.78,-7.85,6.71,1.88,0.23,-0.52,2.85,29.06,-26.56,4.75
1604.592,413,193,29,23,6522.91,-0.08,-0.50,0.37,0.78,-7.41,4.93,2.03,0.24,-0.44,2.87,25.87,-28.75,5.88
1604.62,421,199,27,24,6522.933,-0.10,-0.49,0.39,0.78,-7.24,5.24,1.77,0.13,-0.29,2.30,25.87,-28.75,5.88
1604.638,430,207,23,23,6522.955,-0.12,-0.47,0.40,0.77,-7.23,6.94,2.54,0.23,-0.34,1.89,25.87,-28.75,5.88
1604.659,430,207,23,23,6522.978,-0.13,-0.46,0.41,0.77,-6.33,7.86,2.30,0.26,-0.64,1.83,25.87,-31.75,8.25
1604.683,432,212,29,27,6523.002,-0.14,-0.45,0.42,0.77,-4.92,8.12,1.56,0.17,-0.76,2.03,25.87,-31.75,8.25
1604.705,436,219,28,26,6523.025,-0.16,-0.43,0.44,0.77,-5.15,7.41,2.23,0.11,-0.49,1.99,23.06,-33.19,6.88
1604.729,436,219,28,26,6523.049,-0.17,-0.42,0.45,0.77,-5.33,7.62,2.75,0.13,-0.34,1.78,23.06,-33.19,6.88
1604.752,443,226,23,24,6523.072,-0.18,-0.41,0.46,0.77,-4.69,7.79,2.17,0.17,-0.54,1.59,21.50,-34.88,10.06
1604.776,443,226,23,24,6523.095,-0.19,-0.39,0.47,0.77,-4.40,8.16,2.35,0.13,-0.55,1.44,21.50,-34.88,10.06
1604.799,446,233,24,23,6523.117,-0.20,-0.38,0.48,0.77,-4.16,7.99,2.68,0.11,-0.56,1.35,19.00,-35.88,9.00
1604.822,449,240,23,22,6523.14,-0.21,-0.37,0.48,0.76,-3.23,8.53,2.53,0.11,-0.73,1.39,19.00,-35.88,9.00
1604.842,451,246,22,21,6523.162,-0.21,-0.36,0.49,0.76,-2.89,9.52,1.86,0.17,-0.80,1.50,17.00,-36.50,10.25
1604.866,451,246,22,21,6523.185,-0.22,-0.34,0.50,0.76,-2.47,7.49,1.17,0.17,-0.70,1.81,17.00,-36.50,10.25
1604.894,450,250,26,25,6523.207,-0.23,-0.33,0.51,0.76,-2.05,8.12,2.67,0.23,-0.56,1.80,17.00,-36.50,10.25
1604.915,454,258,23,26,6523.23,-0.24,-0.32,0.52,0.76,-2.32,8.37,1.62,0.17,-0.53,1.35,16.50,-37.88,8.06
1604.934,451,267,29,24,6523.252,-0.25,-0.31,0.53,0.75,-2.45,9.19,1.95,0.08,-0.40,1.01,16.50,-37.88,8.06
1604.957,451,267,29,24,6523.275,-0.25,-0.30,0.53,0.75,-2.30,9.02,2.62,0.08,-0.42,0.84,14.06,-38.06,7.69
1604.997,452,272,27,24,6523.299,-0.26,-0.29,0.53,0.75,-1.76,9.65,1.64,0.00,-0.47,0.47,14.06,-38.06,7.69
1605.021,452,275,27,27,6523.322,-0.26,-0.29,0.54,0.75,-1.77,9.40,1.73,-0.04,-0.21,0.24,12.88,-37.19,8.69
1605.053,450,278,28,27,6523.344,-0.26,-0.28,0.54,0.75,-1.99,9.13,2.05,-0.07,-0.00,-0.04,12.88,-37.19,8.69
1605.08,447,276,33,31,6523.367,-0.26,-0.29,0.54,0.75,-2.19,9.66,2.29,-0.01,0.03,-0.27,11.69,-37.75,7.69
1605.097,447,276,33,31,6523.389,-0.25,-0.29,0.54,0.75,-2.30,9.92,2.34,-0.02,0.10,-0.29,11.69,-37.75,7.69
1605.145,446,276,33,29,6523.412,-0.25,-0.29,0.53,0.75,-2.38,9.41,2.60,-0.06,0.15,-0.15,12.00,-37.50,6.88
1605.168,446,274,35,31,6523.435,-0.25,-0.29,0.53,0.75,-2.41,8.96,2.56,-0.09,0.13,-0.16,12.00,-37.50,6.88
1605.191,446,271,35,30,6523.457,-0.25,-0.30,0.53,0.75,-2.28,8.80,2.35,-0.13,0.10,-0.48,12.00,-37.50,6.88
1605.23,445,267,34,29,6523.48,-0.25,-0.30,0.53,0.76,-2.70,9.14,2.54,-0.08,0.10,-1.08,12.25,-37.38,8.56
1605.254,447,263,31,26,6523.502,-0.23,-0.31,0.52,0.76,-2.55,9.62,2.33,-0.08,0.04,-1.27,12.25,-37.38,8.56
1605.275,447,254,31,29,6523.525,-0.23,-0.32,0.52,0.76,-2.59,9.44,2.39,-0.13,0.12,-1.30,13.00,-37.00,7.00
1605.293,447,254,31,29,6523.549,-0.22,-0.32,0.51,0.77,-2.74,9.30,2.04,-0.17,0.36,-1.14,13.00,-37.00,7.00
1605.316,447,249,31,27,6523.572,-0.21,-0.33,0.50,0.77,-3.43,7.76,2.38,-0.17,0.52,-1.11,14.06,-37.38,7.06
1605.341,445,243,30,25,6523.596,-0.20,-0.35,0.50,0.77,-3.55,7.59,2.34,-0.16,0.58,-1.29,14.06,-37.38,7.06
1605.37,445,243,30,25,6523.619,-0.20,-0.36,0.49,0.77,-4.21,7.88,2.35,-0.09,0.63,-1.65,16.25,-37.38,6.75
1605.39,445,235,31,27,6523.641,-0.19,-0.37,0.48,0.77,-4.34,8.25,2.49,-0.07,0.62,-1.73,16.25,-37.38,6.75
1605.411,442,227,33,28,6523.662,-0.15,-0.37,0.48,0.78,-4.39,7.99,1.96,-0.02,0.54,-1.68,18.56,-36.25,6.38
1605.428,442,227,33,28,6523.686,-0.14,-0.39,0.47,0.78,-4.55,7.83,1.52,0.05,0.54,-1.63,18.56,-36.25,6.38
1605.448,441,223,31,25,6523.709,-0.13,-0.40,0.47,0.78,-4.80,7.23,1.62,0.06,0.77,-1.59,20.75,-34.38,7.56
1605.464,441,223,31,25,6523.731,-0.11,-0.40,0.47,0.78,-5.81,6.89,1.67,0.09,0.91,-1.61,20.75,-34.38,7.56
1605.487,439,216,33,27,6523.752,-0.09,-0.42,0.46,0.78,-6.36,6.95,2.15,0.14,0.93,-1.63,20.75,-34.38,7.56
1605.504,439,216,33,27,6523.777,-0.07,-0.42,0.46,0.78,-6.60,6.61,2.16,0.17,0.76,-1.62,22.69,-34.00,7.56
1605.549,439,212,29,26,6523.799,-0.06,-0.44,0.46,0.77,-6.50,6.38,1.43,0.21,0.47,-1.74,22.69,-34.00,7.56
1605.569,436,205,32,28,6523.822,-0.02,-0.44,0.46,0.77,-6.40,6.27,1.04,0.22,0.52,-1.88,23.25,-31.75,8.69
1605.593,433,205,30,23,6523.844,-0.01,-0.46,0.45,0.77,-6.95,6.61,1.18,0.26,0.67,-1.95,23.25,-31.75,8.69
1605.619,430,198,32,27,6523.867,0.00,-0.47,0.44,0.76,-7.39,6.45,1.40,0.25,0.74,-1.94,23.25,-30.87,9.19
1605.64,428,195,32,26,6523.889,0.01,-0.48,0.44,0.76,-7.91,5.53,1.00,0.27,0.71,-1.86,23.25,-30.87,9.19
1605.657,428,195,32,26,6523.912,0.03,-0.50,0.43,0.75,-8.08,5.08,0.76,0.30,0.79,-1.89,24.37,-28.69,9.56
1605.676,425,192,32,24,6523.934,0.04,-0.52,0.42,0.74,-8.67,5.18,0.74,0.32,0.92,-1.96,24.37,-28.69,9.56
1605.7,425,192,32,24,6523.957,0.05,-0.53,0.41,0.74,-9.28,4.54,1.18,0.23,0.92,-2.00,25.75,-28.06,11.25
1605.728,424,188,28,24,6523.979,0.07,-0.54,0.40,0.73,-9.41,3.71,0.42,0.34,0.71,-2.16,25.75,-28.06,11.25
1605.758,420,185,28,23,6524.002,0.09,-0.56,0.39,0.72,-9.45,2.93,0.08,0.40,0.74,-2.37,25.75,-28.06,11.25
1605.781,418,180,25,24,6524.026,0.10,-0.58,0.38,0.71,-9.82,2.99,0.42,0.39,0.84,-2.63,27.00,-25.75,12.19
1605.801,418,180,25,24,6524.049,0.12,-0.59,0.37,0.70,-10.24,3.86,-0.06,0.33,0.85,-2.71,27.00,-25.75,12.19
1605.829,418,180,25,24,6524.071,0.15,-0.62,0.35,0.69,-10.59,3.19,-0.17,0.34,0.85,-2.42,28.37,-23.06,11.50
1605.856,414,175,27,26,6524.096,0.16,-0.63,0.34,0.68,-10.45,2.17,-0.02,0.35,0.82,-2.14,28.37,-23.06,11.50
1605.884,409,170,30,30,6524.119,0.17,-0.64,0.33,0.67,-10.57,1.79,0.29,0.34,0.67,-2.34,31.06,-19.19,12.38
1605.901,409,170,30,30,6524.141,0.20,-0.66,0.31,0.66,-10.55,1.56,-0.70,0.31,0.65,-2.51,31.06,-19.19,12.38
1605.937,400,164,31,29,6524.162,0.21,-0.67,0.30,0.65,-10.45,1.10,-0.52,0.32,0.70,-2.50,32.38,-13.06,15.06
1605.96,395,162,31,29,6524.186,0.23,-0.68,0.29,0.64,-10.68,-0.11,-0.46,0.38,0.64,-2.48,32.38,-13.06,15.06
1605.982,388,160,32,29,6524.209,0.24,-0.69,0.28,0.63,-10.54,-0.46,-0.11,0.49,0.39,-2.58,35.38,-6.69,15.88
1605.998,388,160,32,29,6524.231,0.27,-0.70,0.26,0.61,-10.47,-0.35,-0.30,0.48,0.20,-2.66,35.38,-6.69,15.88
1606.018,383,159,30,29,6524.254,0.29,-0.70,0.24,0.60,-9.62,-1.45,-1.83,0.40,0.10,-2.69,35.38,-6.69,15.88
1606.046,377,159,32,29,6524.276,0.31,-0.71,0.23,0.59,-9.91,-1.22,-1.59,0.48,0.29,-2.69,36.88,-1.56,15.06
1606.063,377,159,32,29,6524.299,0.32,-0.71,0.21,0.58,-10.21,-1.57,-1.28,0.50,0.36,-2.44,36.88,-1.56,15.06
1606.084,374,160,29,26,6524.323,0.35,-0.72,0.19,0.57,-9.71,-2.70,-0.84,0.43,0.25,-2.37,37.25,4.25,13.88
1606.104,368,159,31,30,6524.348,0.36,-0.73,0.18,0.56,-8.89,-3.17,-1.53,0.43,0.11,-2.36,37.25,4.25,13.88
1606.122,368,159,31,30,6524.368,0.38,-0.73,0.17,0.55,-9.10,-3.76,-1.44,0.51,0.21,-2.23,37.56,9.38,13.00
1606.144,364,163,28,26,6524.393,0.40,-0.73,0.15,0.53,-8.86,-4.07,-0.95,0.42,0.19,-2.30,37.56,9.38,13.00
1606.161,364,163,28,26,6524.413,0.41,-0.73,0.13,0.52,-8.84,-3.89,-1.10,0.39,0.12,-2.34,36.88,14.00,12.25
1606.177,364,163,28,26,6524.438,0.43,-0.74,0.12,0.51,-8.21,-3.94,-1.63,0.37,0.14,-2.02,36.88,14.00,12.25
1606.207,358,163,33,31,6524.461,0.44,-0.74,0.11,0.50,-8.31,-4.78,-0.94,0.45,0.25,-1.77,35.00,19.50,11.50
1606.231,356,165,33,30,6524.483,0.46,-0.74,0.10,0.49,-8.11,-4.74,-0.73,0.34,0.18,-1.66,35.00,19.50,11.50
1606.252,356,170,26,25,6524.506,0.46,-0.74,0.09,0.48,-7.45,-5.24,-1.17,0.20,0.05,-1.47,35.00,19.50,11.50
1606.269,356,170,26,25,6524.528,0.47,-0.74,0.08,0.47,-6.97,-6.83,-1.14,0.20,0.14,-1.40,34.00,22.00,10.00
1606.293,352,171,31,28,6524.551,0.48,-0.74,0.07,0.46,-7.09,-7.14,-1.03,0.31,0.18,-1.51,34.00,22.00,10.00
1606.314,351,175,28,27,6524.573,0.49,-0.74,0.06,0.45,-7.24,-7.05,-0.79,0.39,0.17,-1.60,32.50,24.50,8.56
1606.329,351,175,28,27,6524.598,0.50,-0.74,0.05,0.44,-6.86,-6.37,-0.82,0.26,0.02,-1.64,32.50,24.50,8.56
1606.359,348,176,33,30,6524.62,0.51,-0.74,0.04,0.43,-6.72,-7.37,-1.27,0.24,0.11,-1.45,29.87,26.69,7.38
1606.375,348,176,33,30,6524.643,0.52,-0.74,0.03,0.42,-6.80,-7.47,-0.97,0.31,0.17,-1.38,29.87,26.69,7.38
1606.398,346,179,34,32,6524.665,0.53,-0.74,0.02,0.41,-7.12,-9.37,-0.75,0.42,0.12,-1.47,28.19,28.19,7.75
1606.419,345,184,33,30,6524.688,0.54,-0.74,0.01,0.41,-5.69,-8.40,-0.72,0.52,-0.08,-2.03,28.19,28.19,7.75
1606.442,343,187,34,32,6524.71,0.56,-0.73,-0.01,0.39,-5.05,-7.38,-0.65,0.58,-0.06,-2.04,27.37,30.00,6.19
1606.458,343,187,34,32,6524.733,0.57,-0.73,-0.02,0.38,-4.82,-7.75,-0.69,0.44,0.05,-1.85,27.37,30.00,6.19
1606.478,343,192,34,31,6524.755,0.58,-0.73,-0.03,0.37,-4.63,-8.48,-0.80,0.40,0.11,-1.58,27.37,30.00,6.19
1606.494,343,192,34,31,6524.778,0.59,-0.72,-0.04,0.36,-4.83,-10.58,-0.26,0.53,0.15,-1.62,25.06,31.37,3.19
1606.518,343,192,34,31,6524.798,0.60,-0.72,-0.06,0.35,-4.92,-10.59,-0.11,0.65,0.01,-2.12,25.06,31.37,3.19
1606.54,344,194,34,32,6524.823,0.61,-0.71,-0.07,0.33,-3.72,-8.94,-0.28,0.61,-0.15,-2.65,22.75,33.56,3.38
1606.566,345,201,33,31,6524.848,0.63,-0.71,-0.09,0.32,-3.05,-8.21,-0.74,0.58,-0.10,-2.53,22.75,33.56,3.38
1606.586,345,207,35,32,6524.87,0.64,-0.70,-0.11,0.30,-2.78,-6.54,-0.07,0.41,0.03,-2.01,20.87,34.00,1.06
1606.603,345,207,35,32,6524.895,0.65,-0.70,-0.12,0.29,-2.75,-7.83,-0.65,0.23,0.03,-1.30,20.87,34.00,1.06
1606.625,346,211,35,33,6524.915,0.65,-0.69,-0.12,0.28,-2.85,-9.09,-0.16,0.17,0.07,-0.89,17.50,35.88,0.25
1606.645,349,214,34,32,6524.938,0.65,-0.69,-0.13,0.28,-2.67,-10.34,-0.25,0.32,-0.08,-1.04,17.50,35.88,0.25
1606.668,349,214,34,32,6524.96,0.66,-0.69,-0.14,0.27,-2.32,-8.43,-0.03,0.37,-0.15,-1.27,16.69,36.50,-0.37
1606.689,350,215,35,34,6524.985,0.67,-0.68,-0.15,0.26,-2.13,-6.71,0.00,0.29,-0.11,-1.04,16.69,36.50,-0.37
1606.708,354,222,29,27,6525.005,0.67,-0.68,-0.15,0.26,-1.80,-7.66,-0.39,-0.07,-0.04,-0.10,14.69,37.25,-1.25
1606.728,354,222,29,27,6525.028,0.67,-0.68,-0.15,0.26,-2.32,-9.93,0.06,-0.06,0.02,0.21,14.69,37.25,-1.25
1606.747,353,219,33,30,6525.05,0.67,-0.68,-0.15,0.26,-2.25,-9.37,0.37,0.01,-0.09,0.16,14.69,37.25,-1.25
1606.763,353,219,33,30,6525.075,0.67,-0.68,-0.15,0.26,-2.02,-8.84,0.07,0.03,-0.21,0.13,14.56,37.88,-0.88
1606.782,356,221,27,26,6525.097,0.67,-0.68,-0.15,0.27,-1.88,-7.69,0.20,-0.02,-0.21,0.43,14.56,37.88,-0.88
1606.804,356,221,27,26,6525.12,0.66,-0.68,-0.15,0.27,-2.10,-7.70,0.06,-0.14,-0.21,0.83,14.19,37.38,-1.19
1606.833,351,216,35,33,6525.145,0.66,-0.68,-0.14,0.28,-2.11,-8.91,-0.03,-0.21,-0.19,1.20,14.19,37.38,-1.19
1606.855,350,213,34,32,6525.167,0.65,-0.69,-0.14,0.29,-2.58,-10.31,0.07,-0.06,-0.13,1.05,14.50,35.88,-2.00
1606.873,350,213,34,32,6525.19,0.65,-0.69,-0.13,0.30,-2.87,-7.90,0.55,-0.07,-0.20,0.76,14.50,35.88,-2.00
1606.896,349,210,34,32,6525.21,0.64,-0.69,-0.13,0.31,-2.95,-6.43,0.34,-0.20,-0.32,0.95,16.37,35.88,-1.50
1606.92,348,208,34,32,6525.235,0.64,-0.69,-0.12,0.32,-3.17,-6.44,-0.52,-0.45,-0.35,1.68,16.37,35.88,-1.50
1606.941,348,208,34,32,6525.257,0.63,-0.70,-0.11,0.33,-3.66,-8.00,-0.74,-0.46,-0.17,2.63,17.87,35.19,-1.19
1606.964,347,206,34,31,6525.28,0.61,-0.70,-0.08,0.36,-4.46,-9.63,0.15,-0.42,-0.08,2.58,17.87,35.19,-1.19
1606.99,348,199,33,31,6525.302,0.60,-0.71,-0.07,0.37,-4.82,-8.81,-0.01,-0.44,-0.18,2.34,17.87,35.19,-1.19
1607.01,348,199,33,31,6525.325,0.59,-0.71,-0.06,0.39,-5.43,-7.90,-0.65,-0.45,-0.23,2.39,21.19,33.25,0.37
1607.032,349,193,32,30,6525.347,0.57,-0.71,-0.04,0.40,-6.19,-7.55,-0.23,-0.39,-0.14,2.67,21.19,33.25,0.37
1607.055,350,188,33,30,6525.37,0.55,-0.72,-0.02,0.43,-6.66,-7.18,0.02,-0.40,-0.19,2.80,23.75,31.75,1.19
1607.079,350,188,33,30,6525.394,0.54,-0.72,-0.01,0.44,-6.61,-7.12,-0.44,-0.54,-0.30,2.76,23.75,31.75,1.19
1607.102,352,183,32,29,6525.417,0.52,-0.72,0.00,0.46,-6.80,-8.54,-1.09,-0.65,-0.18,2.46,25.69,28.50,2.00
1607.124,354,178,31,29,6525.44,0.50,-0.72,0.02,0.48,-7.46,-8.90,-0.66,-0.50,-0.04,1.99,25.69,28.50,2.00
1607.151,356,173,33,30,6525.46,0.49,-0.72,0.03,0.49,-8.11,-6.51,0.16,-0.33,-0.11,1.61,29.37,25.75,4.25
1607.169,356,173,33,30,6525.485,0.48,-0.72,0.04,0.50,-7.96,-5.22,-0.38,-0.30,-0.35,1.62,29.37,25.75,4.25
1607.191,356,172,32,29,6525.507,0.47,-0.72,0.05,0.51,-7.82,-5.89,-1.32,-0.34,-0.31,1.90,30.50,23.50,5.06
1607.214,357,169,32,29,6525.53,0.45,-0.72,0.06,0.52,-8.29,-6.43,-0.69,-0.30,-0.14,1.90,30.50,23.50,5.06
1607.235,357,169,32,29,6525.55,0.44,-0.72,0.07,0.53,-8.60,-5.33,-0.02,-0.20,-0.18,1.92,30.50,23.50,5.06
1607.259,357,169,32,29,6525.575,0.43,-0.72,0.08,0.54,-8.62,-3.31,0.01,-0.34,-0.38,2.30,33.00,21.19,7.00
1607.282,358,167,32,29,6525.597,0.41,-0.72,0.10,0.56,-8.56,-5.18,-1.35,-0.42,-0.20,2.52,33.00,21.19,7.00
1607.312,361,166,30,27,6525.62,0.39,-0.71,0.12,0.57,-9.16,-5.67,-0.64,-0.34,0.06,2.38,35.25,18.56,8.56
1607.336,364,163,31,28,6525.644,0.37,-0.71,0.13,0.58,-9.98,-3.91,0.36,-0.20,-0.04,2.15,35.25,18.56,8.56
1607.36,368,162,31,27,6525.667,0.36,-0.71,0.15,0.59,-9.85,-2.20,-0.83,-0.28,-0.40,2.23,36.25,13.75,9.56
1607.376,368,162,31,27,6525.689,0.34,-0.70,0.16,0.60,-9.96,-2.36,-1.55,-0.33,-0.30,2.37,36.25,13.75,9.56
1607.399,371,160,29,27,6525.712,0.32,-0.70,0.18,0.61,-10.68,-1.90,-0.40,-0.30,-0.13,2.41,37.25,10.00,10.00
1607.429,374,159,31,28,6525.734,0.31,-0.69,0.19,0.62,-10.62,-1.34,-0.06,-0.36,-0.31,2.37,37.25,10.00,10.00
1607.447,378,158,30,28,6525.757,0.29,-0.69,0.20,0.63,-10.11,-1.56,-0.48,-0.37,-0.35,2.31,37.56,3.69,11.19
1607.471,378,158,30,28,6525.782,0.27,-0.68,0.22,0.64,-10.30,-1.51,-0.29,-0.35,-0.25,2.18,37.56,3.69,11.19
1607.498,380,158,30,26,6525.802,0.26,-0.68,0.23,0.65,-10.54,-0.27,0.33,-0.30,-0.25,2.09,37.56,3.69,11.19
1607.522,383,158,29,27,6525.827,0.24,-0.67,0.24,0.66,-10.43,0.10,0.25,-0.41,-0.39,2.12,37.25,-1.50,10.38
1607.545,382,157,32,28,6525.847,0.22,-0.66,0.26,0.67,-9.99,-0.27,-0.18,-0.48,-0.34,2.06,37.25,-1.50,10.38
1607.563,382,157,32,28,6525.872,0.20,-0.65,0.27,0.68,-10.05,-0.28,-0.14,-0.43,-0.24,1.86,37.25,-7.06,10.00
1607.592,385,158,31,27,6525.896,0.19,-0.65,0.27,0.68,-10.31,0.56,0.19,-0.33,-0.28,1.85,37.25,-7.06,10.00
1607.608,385,158,31,27,6525.919,0.17,-0.64,0.29,0.69,-9.93,2.16,-0.03,-0.30,-0.41,2.06,35.88,-12.25,9.56
1607.644,385,158,32,28,6525.943,0.15,-0.63,0.30,0.70,-9.54,2.08,0.01,-0.37,-0.39,2.26,35.88,-12.25,9.56
1607.669,391,159,29,27,6525.964,0.14,-0.62,0.31,0.71,-9.58,2.05,-0.15,-0.40,-0.23,2.31,33.75,-16.37,8.75
1607.694,394,161,28,27,6525.986,0.12,-0.61,0.32,0.71,-10.08,2.26,0.21,-0.37,-0.26,2.27,33.75,-16.37,8.75
1607.711,394,161,28,27,6526.009,0.10,-0.60,0.33,0.72,-9.91,2.63,0.38,-0.30,-0.34,2.20,31.19,-19.75,9.69
1607.735,396,164,30,26,6526.033,0.08,-0.59,0.34,0.72,-9.62,3.46,0.67,-0.24,-0.47,2.13,31.19,-19.75,9.69
1607.755,401,166,29,26,6526.054,0.07,-0.58,0.35,0.73,-9.10,3.98,0.72,-0.28,-0.59,2.06,30.56,-23.19,9.69
1607.78,401,166,29,26,6526.076,0.05,-0.57,0.36,0.74,-8.77,3.88,0.18,-0.28,-0.37,1.95,30.56,-23.19,9.69
1607.81,404,170,30,27,6526.099,0.03,-0.56,0.38,0.74,-9.21,3.93,0.81,-0.29,-0.16,1.81,30.56,-23.19,9.69
1607.833,406,171,32,30,6526.124,0.02,-0.55,0.38,0.74,-9.60,4.68,1.23,-0.17,-0.26,1.77,28.75,-26.56,10.06
1607.858,410,176,33,27,6526.146,0.01,-0.54,0.39,0.75,-8.19,5.23,0.97,-0.13,-0.59,1.88,28.75,-26.56,10.06
1607.901,414,178,32,30,6526.169,-0.01,-0.52,0.40,0.75,-7.55,5.47,0.32,-0.07,-0.56,1.89,28.87,-27.69,9.25
1607.923,418,182,32,31,6526.193,-0.02,-0.51,0.41,0.75,-7.71,5.04,0.75,-0.08,-0.35,1.77,28.87,-27.69,9.25
1607.945,418,182,32,31,6526.216,-0.03,-0.50,0.42,0.75,-8.24,5.74,1.46,0.01,-0.35,1.52,28.00,-29.00,10.88
1607.966,423,186,30,29,6526.238,-0.05,-0.49,0.43,0.76,-7.40,6.32,1.20,0.04,-0.60,1.56,28.00,-29.00,10.88
1607.984,423,186,30,29,6526.259,-0.05,-0.48,0.44,0.76,-6.54,6.59,1.17,0.00,-0.68,1.58,27.19,-29.75,10.50
1608.008,426,190,32,31,6526.283,-0.06,-0.47,0.45,0.76,-6.06,6.92,0.60,-0.04,-0.43,1.52,27.19,-29.75,10.50
1608.037,429,195,32,30,6526.306,-0.07,-0.46,0.45,0.76,-6.70,6.83,1.34,-0.03,-0.33,1.48,25.56,-32.25,10.50
1608.055,436,201,26,26,6526.328,-0.09,-0.44,0.46,0.76,-6.95,6.51,2.06,0.03,-0.44,1.44,25.56,-32.25,10.50
1608.071,436,201,26,26,6526.351,-0.09,-0.43,0.47,0.76,-6.45,7.14,1.52,0.11,-0.71,1.38,25.56,-32.25,10.50
1608.094,436,205,32,31,6526.373,-0.10,-0.42,0.48,0.76,-5.15,7.54,1.63,0.08,-0.78,1.37,22.87,-33.69,10.88
1608.123,436,205,32,31,6526.396,-0.11,-0.41,0.48,0.77,-4.54,7.87,1.58,0.04,-0.62,1.34,22.87,-33.69,10.88
1608.159,443,213,24,26,6526.42,-0.12,-0.40,0.49,0.77,-4.73,8.42,1.77,0.01,-0.45,1.35,22.75,-34.75,11.69
1608.179,445,218,27,26,6526.443,-0.13,-0.39,0.50,0.77,-4.59,8.50,1.55,-0.04,-0.36,1.67,22.75,-34.75,11.69
1608.203,448,225,28,27,6526.468,-0.14,-0.37,0.51,0.77,-4.32,8.17,1.95,-0.03,-0.25,1.79,20.75,-36.50,11.38
1608.224,453,233,25,26,6526.49,-0.15,-0.36,0.51,0.76,-3.84,8.19,2.23,-0.01,-0.26,1.76,20.75,-36.50,11.38
1608.243,455,240,26,25,6526.513,-0.16,-0.35,0.52,0.76,-2.97,8.45,2.20,-0.02,-0.26,1.55,19.69,-38.69,11.00
1608.267,455,240,26,25,6526.535,-0.17,-0.34,0.53,0.76,-3.14,8.69,1.63,0.07,-0.10,1.03,19.69,-38.69,11.00
1608.287,458,244,23,24,6526.558,-0.18,-0.33,0.53,0.76,-3.32,8.93,1.76,0.09,-0.05,0.80,16.56,-39.75,12.69
1608.304,458,244,23,24,6526.58,-0.19,-0.33,0.53,0.76,-2.96,9.27,1.66,0.06,-0.08,0.65,16.56,-39.75,12.69
1608.321,458,244,23,24,6526.603,-0.19,-0.33,0.54,0.75,-2.84,9.36,1.63,0.04,-0.06,0.56,16.19,-40.50,13.19
1608.342,456,245,28,30,6526.625,-0.19,-0.32,0.54,0.75,-2.85,8.87,1.67,-0.01,0.06,0.39,16.19,-40.50,13.19
1608.361,456,250,27,27,6526.648,-0.20,-0.32,0.54,0.75,-3.20,9.04,1.79,0.01,0.10,0.22,16.19,-40.50,13.19
1608.377,456,250,27,27,6526.67,-0.20,-0.32,0.54,0.75,-3.53,9.12,2.01,0.03,0.11,0.12,14.25,-40.00,13.50
1608.403,454,251,30,26,6526.695,-0.20,-0.32,0.54,0.75,-3.44,9.21,1.92,-0.00,-0.02,0.06,14.25,-40.00,13.50
1608.433,455,250,30,28,6526.717,-0.20,-0.32,0.54,0.75,-3.06,9.24,1.82,-0.02,-0.03,-0.03,14.56,-41.06,13.50
1608.449,455,250,30,28,6526.742,-0.20,-0.32,0.54,0.75,-2.75,9.13,1.65,-0.05,0.02,-0.11,14.56,-41.06,13.50
1608.476,455,250,29,28,6526.765,-0.20,-0.32,0.54,0.75,-2.81,9.02,1.75,-0.06,0.15,-0.27,14.25,-41.38,12.75
1608.499,456,249,28,26,6526.787,-0.20,-0.33,0.54,0.75,-3.08,8.28,1.78,-0.02,0.16,-0.47,14.25,-41.38,12.75
1608.521,457,245,29,28,6526.808,-0.19,-0.33,0.53,0.75,-3.41,8.24,1.96,0.02,0.16,-0.77,15.38,-40.56,12.75
1608.537,457,245,29,28,6526.832,-0.18,-0.34,0.53,0.76,-3.35,8.48,1.84,-0.01,0.12,-1.07,15.38,-40.56,12.75
1608.559,455,242,30,27,6526.855,-0.18,-0.35,0.52,0.76,-3.86,8.50,1.57,-0.01,0.18,-1.37,16.50,-40.56,13.19
1608.582,455,242,30,27,6526.877,-0.16,-0.36,0.52,0.76,-4.14,7.58,1.48,0.04,0.21,-1.49,16.50,-40.56,13.19
1608.603,452,235,33,31,6526.9,-0.15,-0.37,0.51,0.76,-4.45,7.26,1.62,0.16,0.25,-1.75,16.50,-40.56,13.19
1608.628,453,231,26,24,6526.922,-0.14,-0.38,0.51,0.76,-4.96,7.48,1.63,0.19,0.30,-2.30,19.06,-39.06,12.69
1608.648,449,221,31,28,6526.945,-0.12,-0.40,0.50,0.76,-6.18,8.34,1.66,0.17,0.37,-2.42,19.06,-39.06,12.69
1608.664,449,221,31,28,6526.969,-0.10,-0.42,0.49,0.76,-6.30,8.70,1.85,0.17,0.28,-2.24,21.00,-37.25,12.75
1608.681,449,221,31,28,6526.992,-0.08,-0.43,0.48,0.76,-5.93,8.21,1.27,0.22,0.13,-1.82,21.00,-37.25,12.75
1608.702,445,213,32,28,6527.014,-0.07,-0.44,0.47,0.76,-5.98,6.09,1.08,0.22,0.29,-1.95,22.50,-33.88,9.56
1608.725,445,213,32,28,6527.039,-0.05,-0.45,0.46,0.76,-6.28,5.59,1.06,0.27,0.47,-2.37,22.50,-33.88,9.56
1608.753,440,207,34,29,6527.059,-0.03,-0.47,0.45,0.76,-7.68,6.12,1.81,0.31,0.57,-2.69,23.56,-31.56,10.75
1608.776,438,199,32,28,6527.084,-0.01,-0.49,0.44,0.75,-8.09,6.48,1.40,0.22,0.28,-2.65,23.56,-31.56,10.75
1608.795,434,193,33,27,6527.105,0.02,-0.50,0.43,0.75,-8.28,6.27,0.67,0.21,0.25,-2.46,24.25,-29.25,8.50
1608.816,434,193,33,27,6527.129,0.03,-0.52,0.42,0.75,-8.15,5.00,0.47,0.19,0.42,-2.29,24.25,-29.25,8.50
1608.838,428,187,32,25,6527.15,0.05,-0.53,0.41,0.74,-9.05,4.22,0.90,0.24,0.61,-2.29,24.25,-29.25,8.50
1608.86,424,182,32,24,6527.174,0.06,-0.54,0.40,0.74,-9.55,4.89,1.22,0.31,0.46,-2.27,26.19,-28.06,8.88
1608.884,424,182,32,24,6527.195,0.09,-0.56,0.38,0.73,-8.79,4.53,0.27,0.38,0.23,-2.13,26.19,-28.06,8.88
1608.913,420,176,33,24,6527.219,0.10,-0.57,0.37,0.73,-8.62,2.86,-0.12,0.35,0.35,-2.27,28.75,-25.37,8.38
1608.936,417,170,32,26,6527.244,0.12,-0.58,0.36,0.72,-8.81,2.10,-0.07,0.37,0.75,-2.85,28.75,-25.37,8.38
1608.956,415,167,28,23,6527.266,0.15,-0.60,0.34,0.71,-10.79,2.99,1.48,0.33,0.57,-2.97,30.87,-22.56,10.00
1608.978,415,167,28,23,6527.291,0.17,-0.61,0.33,0.70,-10.30,3.03,0.11,0.38,0.17,-2.67,30.87,-22.56,10.00
1609.001,410,162,27,24,6527.311,0.19,-0.62,0.32,0.69,-9.82,2.85,-0.68,0.23,0.24,-2.27,33.38,-18.75,12.00
1609.022,403,156,31,29,6527.334,0.20,-0.63,0.31,0.69,-9.63,0.53,-0.17,0.24,0.45,-2.20,33.38,-18.75,12.00
1609.044,403,156,31,29,6527.356,0.23,-0.64,0.29,0.67,-10.47,-0.70,0.47,0.42,0.56,-2.40,36.00,-13.88,9.56
1609.068,403,156,31,29,6527.381,0.25,-0.65,0.28,0.66,-11.08,-0.03,0.92,0.58,0.34,-2.65,36.00,-13.88,9.56
1609.09,398,150,31,35,6527.401,0.26,-0.65,0.27,0.66,-10.53,0.94,-0.07,0.44,0.01,-2.58,37.69,-9.00,10.25
1609.114,394,149,29,32,6527.424,0.28,-0.66,0.25,0.65,-9.93,-0.06,-0.54,0.37,0.20,-2.45,37.69,-9.00,10.25
1609.137,389,150,28,27,6527.447,0.31,-0.67,0.24,0.63,-9.86,-0.95,-0.06,0.36,0.34,-2.33,37.69,-9.00,10.25
1609.159,384,151,29,25,6527.471,0.32,-0.68,0.22,0.62,-10.26,-2.04,0.51,0.32,0.33,-2.33,38.75,-1.75,10.69
1609.181,384,151,29,25,6527.494,0.34,-0.68,0.21,0.61,-9.92,-1.62,-0.05,0.23,0.16,-2.35,38.75,-1.75,10.69
1609.204,380,149,29,27,6527.516,0.36,-0.69,0.19,0.60,-9.48,-2.55,-0.86,0.21,0.18,-2.19,39.50,3.38,9.88
1609.232,375,150,26,24,6527.541,0.37,-0.69,0.18,0.59,-9.56,-3.34,-0.41,0.32,0.29,-2.14,39.50,3.38,9.88
1609.25,375,150,26,24,6527.563,0.39,-0.70,0.17,0.58,-9.44,-2.94,-0.02,0.27,0.28,-2.28,39.75,9.19,9.50
1609.272,370,145,30,34,6527.584,0.40,-0.70,0.16,0.57,-9.09,-3.43,-0.21,0.10,0.18,-2.18,39.75,9.19,9.50
1609.296,369,149,26,30,6527.606,0.42,-0.71,0.14,0.56,-8.82,-3.96,-0.70,0.12,0.18,-1.99,37.69,13.69,9.19
1609.318,369,149,26,30,6527.631,0.43,-0.71,0.13,0.55,-9.00,-4.29,-0.70,0.20,0.27,-1.83,37.69,13.69,9.19
1609.34,366,152,25,26,6527.651,0.44,-0.71,0.12,0.54,-9.00,-4.73,0.00,0.16,0.19,-1.76,36.56,17.69,8.50
1609.362,359,154,31,29,6527.674,0.45,-0.71,0.11,0.53,-8.50,-4.70,-0.17,0.11,0.12,-1.74,36.56,17.69,8.50
1609.384,359,154,31,29,6527.696,0.46,-0.72,0.09,0.52,-7.87,-5.67,-0.69,0.13,0.15,-1.61,36.56,17.69,8.50
1609.408,355,155,34,30,6527.719,0.47,-0.72,0.08,0.51,-8.13,-6.16,-0.52,0.23,0.23,-1.58,34.69,20.69,7.69
1609.431,355,155,34,30,6527.744,0.48,-0.72,0.07,0.50,-8.11,-5.36,-0.05,0.15,0.09,-1.77,34.69,20.69,7.69
1609.453,354,157,33,30,6527.766,0.49,-0.72,0.06,0.49,-7.65,-5.23,-0.23,-0.07,0.00,-1.65,33.69,22.75,6.56
1609.478,351,159,32,30,6527.789,0.50,-0.72,0.04,0.48,-6.66,-7.24,-0.68,-0.10,-0.01,-1.52,33.69,22.75,6.56
1609.5,349,163,32,28,6527.811,0.51,-0.72,0.03,0.47,-6.65,-7.27,-1.14,0.20,0.25,-1.46,31.06,25.00,6.56
1609.522,349,163,32,28,6527.834,0.51,-0.72,0.03,0.46,-7.16,-6.89,-0.05,0.16,0.20,-1.47,31.06,25.00,6.56
1609.555,348,166,31,29,6527.856,0.52,-0.72,0.01,0.45,-6.94,-7.02,-0.03,-0.01,0.03,-1.57,30.00,27.25,5.00
1609.606,346,169,33,30,6527.879,0.53,-0.72,0.00,0.44,-6.06,-7.36,-0.63,-0.18,-0.09,-1.70,30.00,27.25,5.00
1609.63,345,172,33,31,6527.901,0.54,-0.72,-0.01,0.43,-5.77,-7.65,-1.32,-0.02,0.04,-1.66,28.50,30.25,5.38
1609.677,345,172,33,31,6527.924,0.54,-0.72,-0.02,0.42,-6.05,-7.03,-0.48,0.06,0.17,-1.38,28.50,30.25,5.38
1609.704,342,181,35,33,6527.944,0.55,-0.72,-0.03,0.41,-6.35,-7.97,-0.34,-0.00,0.06,-1.28,28.50,30.25,5.38
1609.798,341,185,35,33,6527.969,0.56,-0.72,-0.04,0.41,-6.21,-7.29,0.27,-0.21,-0.15,-1.39,26.25,31.37,4.25
1609.829,338,196,35,33,6527.993,0.56,-0.72,-0.06,0.40,-4.29,-10.16,-1.87,-0.12,-0.30,-1.47,26.25,31.37,4.25
1609.862,337,203,34,32,6528.016,0.57,-0.72,-0.07,0.39,-4.74,-8.73,-1.04,0.24,0.02,-1.60,24.25,33.06,3.06
1609.909,337,203,34,32,6528.038,0.58,-0.72,-0.08,0.38,-4.80,-7.02,-0.18,0.17,0.03,-1.42,24.25,33.06,3.06
1609.933,336,208,34,33,6528.061,0.58,-0.72,-0.09,0.38,-4.68,-7.07,-0.49,-0.05,-0.05,-0.73,22.37,33.75,4.25
1609.989,335,212,35,33,6528.083,0.58,-0.72,-0.09,0.37,-5.09,-8.50,-0.07,-0.15,-0.15,-0.50,22.37,33.75,4.25
1610.036,334,212,35,33,6528.106,0.58,-0.72,-0.10,0.37,-4.09,-11.52,-0.59,-0.12,-0.36,-0.84,21.25,35.25,3.19
1610.072,337,209,31,28,6528.131,0.59,-0.71,-0.11,0.36,-3.45,-9.52,-1.16,0.28,-0.21,-1.53,21.25,35.25,3.19
1610.09,337,209,31,28,6528.151,0.60,-0.71,-0.12,0.36,-3.61,-5.98,-0.24,0.11,-0.06,-1.09,20.19,35.25,3.06
1610.111,340,194,34,29,6528.174,0.60,-0.71,-0.13,0.35,-4.21,-6.50,-0.26,-0.14,-0.08,-0.12,20.19,35.25,3.06
1610.127,340,194,34,29,6528.196,0.60,-0.71,-0.13,0.35,-4.50,-8.93,0.06,-0.32,-0.29,0.44,20.19,35.25,3.06
1610.148,345,186,33,29,6528.221,0.59,-0.71,-0.13,0.36,-3.36,-11.28,-0.63,-0.21,-0.49,0.32,18.37,37.06,3.25
1610.174,350,180,32,29,6528.243,0.59,-0.71,-0.13,0.36,-3.00,-8.54,-1.04,0.20,-0.10,-0.06,18.37,37.06,3.25
1610.19,350,180,32,29,6528.266,0.59,-0.71,-0.13,0.36,-3.95,-6.66,-0.24,0.10,-0.03,0.35,18.25,37.06,3.25
1610.227,354,176,30,27,6528.29,0.59,-0.71,-0.13,0.37,-4.35,-6.56,-0.04,-0.06,-0.12,1.01,18.25,37.06,3.25
1610.25,355,170,33,30,6528.313,0.58,-0.71,-0.12,0.38,-4.19,-7.81,-0.71,-0.19,-0.28,1.96,18.56,37.06,1.69
1610.27,357,166,32,30,6528.335,0.57,-0.71,-0.10,0.40,-4.63,-7.87,-0.93,-0.11,-0.18,2.36,18.56,37.06,1.69
1610.287,357,166,32,30,6528.356,0.56,-0.71,-0.08,0.41,-5.06,-8.02,-0.52,-0.13,-0.04,2.59,20.06,35.56,2.88
1610.309,358,163,32,29,6528.38,0.55,-0.72,-0.07,0.43,-6.14,-7.81,-0.33,-0.24,-0.07,2.68,20.06,35.56,2.88
1610.33,361,158,33,29,6528.403,0.53,-0.72,-0.05,0.44,-6.69,-8.02,-0.63,-0.18,-0.14,2.67,23.75,33.69,4.38
1610.347,361,158,33,29,6528.425,0.52,-0.72,-0.02,0.46,-6.74,-8.10,-0.54,-0.12,-0.16,2.57,23.75,33.69,4.38
1610.378,364,150,32,34,6528.446,0.50,-0.72,-0.01,0.47,-6.93,-7.82,-0.43,-0.10,-0.14,2.35,23.75,33.69,4.38
1610.4,370,151,26,27,6528.471,0.49,-0.72,0.01,0.49,-7.43,-7.58,-0.45,-0.08,-0.11,1.91,26.06,31.19,4.75
1610.416,370,151,26,27,6528.493,0.48,-0.72,0.02,0.50,-7.98,-6.88,-0.19,-0.05,-0.12,1.71,26.06,31.19,4.75
1610.44,375,148,25,24,6528.516,0.47,-0.72,0.03,0.51,-8.29,-6.35,-0.19,-0.07,-0.21,1.64,29.37,28.19,6.00
1610.456,375,148,25,24,6528.54,0.46,-0.72,0.04,0.52,-8.45,-5.83,-0.63,-0.12,-0.24,1.61,29.37,28.19,6.00
1610.477,379,144,23,26,6528.563,0.45,-0.72,0.05,0.53,-8.56,-5.21,-0.65,-0.07,-0.20,1.74,31.25,26.56,6.00
1610.494,379,144,23,26,6528.585,0.44,-0.71,0.07,0.54,-8.70,-4.92,-0.09,-0.04,-0.18,1.91,31.25,26.56,6.00
1610.517,381,140,28,31,6528.608,0.43,-0.71,0.08,0.55,-8.58,-4.47,-0.13,-0.07,-0.22,2.08,34.25,24.00,6.38
1610.55,385,141,28,29,6528.63,0.42,-0.71,0.10,0.56,-8.79,-4.18,-0.50,-0.17,-0.18,2.30,34.25,24.00,6.38
1610.567,385,141,28,29,6528.653,0.40,-0.71,0.11,0.57,-9.19,-4.05,-0.25,-0.17,-0.16,2.36,35.75,20.25,8.25
1610.592,386,139,33,35,6528.675,0.38,-0.70,0.13,0.59,-9.42,-3.33,-0.18,-0.18,-0.22,2.41,35.75,20.25,8.25
1610.627,387,137,34,43,6528.698,0.37,-0.70,0.14,0.60,-9.55,-2.78,-0.38,-0.26,-0.29,2.46,35.75,20.25,8.25
1610.657,389,138,36,49,6528.72,0.35,-0.69,0.16,0.61,-9.45,-2.25,-0.65,-0.41,-0.23,2.57,37.06,16.50,7.56
1610.682,390,138,37,57,6528.743,0.33,-0.69,0.18,0.62,-9.96,-1.82,-0.05,-0.41,-0.22,2.64,37.06,16.50,7.56
1610.714,390,139,40,64,6528.765,0.31,-0.68,0.19,0.63,-10.03,-1.53,0.21,-0.44,-0.36,2.72,38.19,10.50,7.19
1610.734,393,143,39,64,6528.79,0.29,-0.68,0.21,0.65,-9.79,-1.54,-0.01,-0.56,-0.56,2.63,38.19,10.50,7.19
1610.751,393,143,39,64,6528.813,0.26,-0.67,0.22,0.66,-9.08,-2.24,0.01,-0.54,-0.55,2.52,39.69,4.50,9.19
1610.773,393,150,39,62,6528.837,0.24,-0.66,0.23,0.67,-9.20,-1.47,0.34,-0.46,-0.44,2.02,39.69,4.50,9.19
1610.791,391,153,39,63,6528.86,0.23,-0.65,0.24,0.68,-9.29,-0.65,0.62,-0.43,-0.45,1.81,39.69,-2.50,7.56
1610.811,391,153,39,63,6528.882,0.22,-0.65,0.25,0.69,-8.94,0.20,0.13,-0.48,-0.47,1.76,39.69,-2.50,7.56
1610.83,391,153,39,63,6528.903,0.20,-0.64,0.26,0.70,-8.93,0.59,-0.13,-0.46,-0.34,1.69,38.25,-7.00,7.19
1610.858,394,166,36,53,6528.927,0.18,-0.63,0.26,0.70,-9.16,0.74,0.00,-0.46,-0.26,1.68,38.25,-7.00,7.19
1610.89,398,175,30,43,6528.948,0.17,-0.63,0.27,0.71,-8.87,1.40,0.61,-0.50,-0.17,1.59,36.88,-11.06,7.25
1610.909,399,183,28,33,6528.97,0.16,-0.62,0.28,0.71,-9.44,2.03,0.22,-0.56,-0.06,1.60,36.88,-11.06,7.25
1610.925,399,183,28,33,6528.993,0.14,-0.62,0.28,0.72,-10.12,1.23,0.60,-0.66,0.03,1.55,36.88,-11.06,7.25
1610.947,398,187,29,27,6529.017,0.12,-0.62,0.29,0.72,-10.22,0.52,1.03,-0.63,-0.03,1.20,34.69,-14.75,7.25
1610.966,395,186,30,28,6529.04,0.11,-0.61,0.29,0.73,-9.86,-0.16,0.69,-0.36,-0.35,0.53,34.69,-14.75,7.25
1610.983,395,186,30,28,6529.062,0.11,-0.61,0.29,0.73,-9.37,2.23,0.20,0.09,-0.32,0.20,32.56,-18.69,8.38
1611.007,396,184,33,30,6529.087,0.11,-0.60,0.29,0.73,-10.76,4.74,-0.03,0.06,-0.21,0.50,32.56,-18.69,8.38
1611.024,396,184,33,30,6529.11,0.10,-0.60,0.30,0.74,-10.49,3.08,0.38,-0.43,-0.33,1.04,31.87,-19.37,8.88
1611.057,398,181,33,32,6529.132,0.09,-0.60,0.30,0.74,-9.79,0.23,-0.04,-0.31,-0.34,0.86,31.87,-19.37,8.88
1611.078,397,179,33,31,6529.153,0.09,-0.59,0.30,0.74,-9.28,0.01,2.06,-0.03,-0.27,0.32,29.69,-21.37,9.38
1611.098,396,176,33,31,6529.177,0.09,-0.59,0.30,0.74,-9.59,2.03,1.20,0.18,-0.31,-0.36,29.69,-21.37,9.38
1611.118,396,176,33,31,6529.2,0.10,-0.59,0.30,0.74,-10.09,2.54,1.13,0.27,0.22,-0.82,29.00,-20.56,9.75
1611.146,395,175,32,30,6529.222,0.10,-0.59,0.30,0.74,-11.70,1.91,1.66,0.20,0.55,-0.91,29.00,-20.56,9.75
1611.169,394,174,32,30,6529.243,0.11,-0.60,0.29,0.73,-12.46,2.16,2.00,0.29,0.61,-0.78,29.00,-20.56,9.75
1611.185,394,174,32,30,6529.267,0.12,-0.61,0.29,0.73,-12.08,3.01,1.87,0.37,0.43,-0.50,28.69,-20.25,11.25
1611.214,394,173,32,30,6529.29,0.12,-0.61,0.29,0.73,-10.60,3.59,0.51,0.24,-0.02,-0.29,28.69,-20.25,11.25
1611.231,394,173,32,30,6529.312,0.13,-0.61,0.29,0.73,-9.71,3.35,0.06,0.11,-0.11,-0.33,29.75,-20.25,12.88
1611.253,394,170,33,32,6529.337,0.13,-0.61,0.29,0.73,-9.01,2.32,-0.22,-0.01,-0.14,-0.47,29.75,-20.25,12.88
1611.272,397,169,31,30,6529.359,0.13,-0.61,0.29,0.73,-8.81,2.59,0.07,0.11,-0.21,-0.58,31.75,-20.25,11.69
1611.29,397,169,31,30,6529.382,0.14,-0.61,0.28,0.73,-8.53,2.39,-0.38,0.12,-0.24,-0.47,31.75,-20.25,11.69
1611.318,397,167,33,31,6529.404,0.15,-0.61,0.28,0.73,-8.64,2.49,0.02,0.12,-0.16,-0.34,32.88,-19.56,12.50
1611.337,397,165,32,29,6529.429,0.15,-0.61,0.28,0.73,-9.08,1.79,0.38,0.16,-0.06,-0.16,32.88,-19.56,12.50
1611.358,397,165,32,29,6529.449,0.15,-0.61,0.28,0.73,-10.49,1.65,1.08,0.23,0.18,-0.10,34.38,-18.50,11.69
1611.382,398,165,33,29,6529.472,0.15,-0.61,0.28,0.72,-10.71,0.64,1.07,0.15,0.20,-0.26,34.38,-18.50,11.69
1611.407,399,164,32,29,6529.495,0.16,-0.61,0.28,0.72,-10.33,1.47,0.29,0.33,0.19,-0.30,34.38,-18.50,11.69
1611.424,399,164,32,29,6529.519,0.16,-0.62,0.28,0.72,-10.00,2.39,0.83,0.40,0.25,0.09,34.00,-18.87,12.50
1611.445,401,162,32,30,6529.542,0.16,-0.62,0.29,0.72,-8.94,1.16,0.39,0.24,0.22,0.15,34.00,-18.87,12.50
1611.468,403,163,34,31,6529.564,0.16,-0.62,0.29,0.71,-9.29,1.48,0.36,0.16,0.37,-0.17,34.38,-18.06,12.06
1611.484,403,163,34,31,6529.589,0.16,-0.62,0.29,0.71,-9.14,1.57,0.90,0.10,0.45,-0.46,34.38,-18.06,12.06
1611.506,406,164,32,29,6529.609,0.16,-0.63,0.29,0.71,-9.01,1.97,1.08,0.13,0.30,-0.34,34.75,-18.06,13.69
1611.535,410,165,31,28,6529.634,0.17,-0.63,0.29,0.70,-8.66,2.34,0.53,0.07,0.23,-0.14,34.75,-18.06,13.69
1611.551,410,165,31,28,6529.654,0.17,-0.63,0.29,0.70,-8.51,1.67,-0.04,-0.04,0.38,0.03,35.50,-17.75,12.06
1611.568,410,165,31,28,6529.679,0.16,-0.64,0.29,0.70,-9.19,1.93,0.15,-0.17,0.68,0.06,35.50,-17.75,12.06
1611.588,411,165,35,33,6529.699,0.16,-0.64,0.29,0.69,-9.66,0.95,1.14,-0.19,0.58,0.16,36.25,-17.37,12.38
1611.608,415,169,32,29,6529.724,0.15,-0.64,0.29,0.69,-8.94,0.76,0.43,-0.09,0.37,0.21,36.25,-17.37,12.38
1611.625,415,169,32,29,6529.744,0.15,-0.65,0.29,0.69,-9.01,1.09,-0.16,0.01,0.32,0.08,36.25,-17.37,12.38
1611.647,417,169,33,31,6529.769,0.15,-0.65,0.29,0.69,-9.60,2.10,0.13,-0.01,0.34,-0.05,36.25,-18.37,14.75
1611.663,417,169,33,31,6529.792,0.15,-0.65,0.29,0.68,-9.43,2.33,-0.37,-0.08,0.21,0.13,36.25,-18.37,14.75
1611.695,416,168,36,34,6529.814,0.15,-0.65,0.29,0.68,-9.18,1.62,-0.53,-0.12,0.19,0.32,35.50,-19.87,14.19
1611.715,417,168,34,32,6529.839,0.14,-0.65,0.30,0.68,-9.45,1.26,-0.55,-0.09,0.30,0.28,35.50,-19.87,14.19
1611.735,420,171,29,27,6529.861,0.14,-0.65,0.30,0.68,-10.19,1.66,-0.38,-0.05,0.27,0.19,37.00,-20.19,17.75
1611.752,420,171,29,27,6529.884,0.14,-0.66,0.30,0.68,-10.16,2.16,-1.10,-0.01,0.16,0.06,37.00,-20.19,17.75
1611.771,416,167,35,32,6529.906,0.14,-0.66,0.30,0.68,-10.41,2.56,-1.43,0.01,0.13,-0.05,35.88,-21.69,19.19
1611.789,416,167,35,32,6529.929,0.14,-0.66,0.30,0.68,-10.54,2.58,-0.85,-0.02,0.14,-0.01,35.88,-21.69,19.19
1611.81,413,165,36,32,6529.951,0.14,-0.66,0.30,0.68,-10.01,2.34,-0.84,-0.08,0.06,0.04,36.25,-23.19,20.25
1611.832,413,165,34,32,6529.974,0.13,-0.66,0.30,0.68,-9.77,2.15,-1.11,-0.11,0.06,0.07,36.25,-23.19,20.25
1611.857,413,165,34,32,6529.996,0.13,-0.66,0.30,0.68,-9.78,1.89,-0.65,-0.08,0.13,0.01,36.56,-24.37,19.87
1611.891,411,164,35,33,6530.019,0.13,-0.66,0.30,0.68,-10.02,2.27,-0.85,-0.11,0.08,-0.13,36.56,-24.37,19.87
1611.905,411,164,35,33,6530.041,0.13,-0.66,0.29,0.68,-9.88,2.19,-0.58,-0.13,0.08,-0.08,36.56,-24.37,19.87
1611.932,409,163,35,32,6530.064,0.13,-0.66,0.29,0.68,-9.60,1.72,-0.71,-0.19,0.06,-0.07,37.25,-24.37,20.19
1611.959,408,163,35,32,6530.088,0.13,-0.66,0.29,0.68,-9.50,1.51,-0.91,-0.18,0.07,-0.12,37.25,-24.37,20.19
1611.978,408,164,32,30,6530.111,0.13,-0.67,0.29,0.68,-9.73,1.65,-0.78,-0.12,0.06,-0.16,37.69,-25.00,19.00
1611.994,408,164,32,30,6530.136,0.13,-0.67,0.29,0.68,-9.52,1.90,-0.79,-0.12,-0.01,-0.15,37.69,-25.00,19.00
1612.023,405,163,35,32,6530.156,0.13,-0.67,0.28,0.68,-9.14,1.76,-1.08,-0.18,-0.07,-0.12,38.06,-23.87,18.87
1612.039,405,163,35,32,6530.179,0.13,-0.67,0.28,0.68,-9.30,1.73,-1.18,-0.17,0.01,-0.06,38.06,-23.87,18.87
1612.061,404,165,33,30,6530.201,0.13,-0.67,0.28,0.68,-9.78,1.65,-0.63,-0.17,0.01,0.02,37.25,-22.75,18.87
1612.085,404,166,33,31,6530.226,0.13,-0.67,0.28,0.68,-9.70,1.51,-0.76,-0.17,-0.07,0.02,37.25,-22.75,18.87
1612.104,402,164,34,32,6530.246,0.13,-0.67,0.28,0.68,-9.61,1.38,-0.80,-0.16,-0.13,-0.01,36.25,-22.37,17.75
1612.12,402,164,34,32,6530.269,0.13,-0.67,0.28,0.68,-9.66,1.46,-0.57,-0.11,-0.10,-0.05,36.25,-22.37,17.75
1612.141,401,166,34,31,6530.291,0.13,-0.67,0.28,0.68,-9.56,1.52,-0.56,-0.10,-0.10,-0.07,36.25,-22.37,17.75
1612.158,401,166,34,31,6530.314,0.13,-0.67,0.27,0.68,-9.67,1.49,-0.69,-0.10,-0.09,-0.07,35.88,-22.00,17.37
1612.19,401,165,34,31,6530.338,0.13,-0.67,0.27,0.68,-9.75,1.27,-0.29,-0.07,-0.05,-0.09,35.88,-22.00,17.37
1612.213,400,164,34,32,6530.361,0.13,-0.67,0.27,0.68,-9.87,1.39,-0.41,-0.05,-0.06,-0.09,37.00,-22.00,15.75
1612.232,400,166,33,29,6530.383,0.13,-0.67,0.27,0.68,-9.96,1.60,-0.29,-0.02,-0.03,-0.06,37.00,-22.00,15.75
1612.249,400,166,33,29,6530.406,0.13,-0.67,0.27,0.68,-9.93,1.67,-0.26,-0.02,-0.04,-0.04,35.06,-21.25,15.06
1612.269,400,166,33,29,6530.428,0.13,-0.67,0.27,0.68,-9.73,1.60,-0.24,-0.03,-0.05,-0.01,35.06,-21.25,15.06
1612.294,399,165,35,31,6530.451,0.13,-0.67,0.27,0.68,-9.48,1.57,-0.29,-0.03,-0.05,-0.00,34.75,-20.87,16.19
1612.319,398,164,34,32,6530.473,0.13,-0.67,0.27,0.68,-9.57,1.65,-0.47,-0.03,-0.04,-0.02,34.75,-20.87,16.19
1612.344,398,164,34,32,6530.496,0.13,-0.67,0.27,0.68,-9.55,1.54,-0.39,-0.03,-0.02,-0.03,35.88,-20.50,15.75
1612.368,398,165,34,31,6530.519,0.13,-0.67,0.27,0.68,-9.62,1.51,-0.40,-0.00,-0.02,-0.05,35.88,-20.50,15.75
1612.39,398,165,34,31,6530.541,0.13,-0.67,0.26,0.68,-9.52,1.37,-0.25,0.01,-0.02,-0.07,35.88,-20.50,15.75
1612.413,397,163,36,34,6530.564,0.13,-0.67,0.26,0.68,-9.55,1.30,-0.24,-0.00,0.02,-0.07,35.06,-19.75,15.38
1612.429,397,163,36,34,6530.588,0.13,-0.67,0.26,0.68,-9.63,1.43,-0.29,-0.01,0.04,-0.02,35.06,-19.75,15.38
1612.46,398,165,35,32,6530.609,0.13,-0.67,0.26,0.68,-9.77,1.32,-0.17,-0.02,0.02,0.01,35.06,-20.50,15.75
1612.483,400,166,33,31,6530.631,0.14,-0.67,0.26,0.68,-9.66,1.27,-0.38,0.00,-0.01,0.00,35.06,-20.50,15.75
1612.512,399,166,35,33,6530.654,0.14,-0.67,0.26,0.68,-9.67,1.40,-0.22,0.02,0.00,-0.03,34.38,-20.50,15.06
1612.53,399,166,35,33,6530.676,0.14,-0.67,0.26,0.68,-9.61,1.40,-0.37,0.02,-0.01,-0.01,34.38,-20.50,15.06
1612.552,401,167,33,31,6530.699,0.14,-0.67,0.26,0.68,-9.52,1.39,-0.47,0.02,0.01,0.01,35.06,-20.50,14.56
1612.579,400,166,35,33,6530.721,0.14,-0.67,0.26,0.68,-9.64,1.57,-0.51,0.03,0.05,0.03,35.06,-20.50,14.56
1612.6,399,167,34,31,6530.744,0.14,-0.67,0.26,0.68,-9.81,1.76,-0.22,0.01,0.05,0.04,35.06,-20.50,14.56
1612.617,399,167,34,31,6530.766,0.14,-0.67,0.26,0.68,-9.68,1.71,-0.44,-0.03,0.03,0.03,34.38,-20.06,15.75
1612.634,399,167,34,31,6530.789,0.14,-0.67,0.26,0.68,-9.66,1.60,-0.54,-0.03,0.04,-0.01,34.38,-20.06,15.75
1612.662,400,167,33,31,6530.811,0.14,-0.67,0.27,0.68,-9.83,1.50,-0.52,-0.01,0.05,-0.03,35.06,-20.50,15.69
1612.678,400,167,33,31,6530.834,0.14,-0.67,0.27,0.68,-9.91,1.41,-0.49,-0.01,0.05,-0.05,35.06,-20.50,15.69
1612.7,401,167,33,31,6530.856,0.14,-0.67,0.27,0.68,-9.83,1.51,-0.43,-0.00,0.00,-0.01,35.06,-20.87,15.69
1612.725,400,167,33,31,6530.879,0.14,-0.67,0.27,0.68,-9.66,1.51,-0.50,-0.01,-0.01,0.02,35.06,-20.87,15.69
1612.748,400,167,33,30,6530.899,0.15,-0.67,0.27,0.68,-9.63,1.48,-0.58,-0.01,0.01,0.03,35.50,-21.25,15.75
1612.764,400,167,33,30,6530.924,0.15,-0.67,0.27,0.68,-9.66,1.52,-0.61,-0.00,0.04,0.00,35.50,-21.25,15.75
1612.787,399,166,34,32,6530.947,0.15,-0.67,0.27,0.68,-9.90,1.72,-0.55,-0.00,0.04,-0.01,34.75,-21.56,15.75
1612.815,400,167,32,30,6530.969,0.15,-0.67,0.28,0.68,-9.98,1.49,-0.60,-0.02,-0.01,-0.00,34.75,-21.56,15.75
1612.832,400,167,32,30,6530.99,0.15,-0.67,0.28,0.68,-9.89,1.45,-0.44,-0.02,-0.03,-0.01,34.75,-21.56,15.75
1612.874,399,166,34,31,6531.012,0.15,-0.66,0.28,0.68,-9.66,1.40,-0.46,-0.03,-0.04,-0.02,35.50,-20.87,16.56
1612.894,398,166,34,31,6531.037,0.15,-0.66,0.28,0.68,-9.62,1.37,-0.44,-0.02,-0.01,-0.02,35.50,-20.87,16.56
1612.92,398,164,35,32,6531.059,0.16,-0.66,0.28,0.68,-9.73,1.38,-0.32,-0.01,-0.02,-0.02,34.75,-21.25,15.38
1612.943,398,163,34,32,6531.082,0.16,-0.66,0.28,0.68,-9.82,1.42,-0.60,-0.01,-0.02,-0.04,34.75,-21.25,15.38
1612.969,398,163,34,32,6531.102,0.16,-0.66,0.28,0.67,-9.92,1.50,-0.40,-0.01,-0.02,-0.05,34.75,-20.50,15.75
