812.7448,288,180,33,30,820.24,-0.55,0.42,-0.65,-0.29,-9.61,-0.78,-2.11,-0.01,0.01,-0.01,26.50,-8.50,19.00
812.7593,288,180,33,30,820.262,-0.55,0.42,-0.65,-0.29,-9.54,-0.82,-2.08,0.01,0.04,-0.03,25.69,-8.50,17.75
812.7869,287,180,35,30,820.285,-0.55,0.42,-0.65,-0.29,-9.55,-0.87,-2.13,0.00,0.02,-0.01,25.69,-8.50,17.75
812.8053,288,180,34,30,820.307,-0.55,0.42,-0.65,-0.29,-9.58,-0.93,-2.02,-0.03,-0.01,0.01,25.25,-9.25,17.75
812.824,287,180,34,30,820.33,-0.55,0.43,-0.65,-0.29,-9.56,-0.91,-2.19,-0.03,-0.02,0.00,25.25,-9.25,17.75
812.8402,287,180,34,30,820.353,-0.55,0.43,-0.65,-0.29,-9.64,-0.93,-2.09,-0.01,0.02,-0.00,25.25,-9.25,17.75
812.858,288,180,35,30,820.375,-0.55,0.43,-0.65,-0.29,-9.61,-0.95,-2.07,0.01,0.06,-0.03,25.25,-8.50,18.19
812.8745,288,180,35,30,820.398,-0.55,0.43,-0.65,-0.29,-9.59,-0.89,-2.09,0.00,0.03,-0.01,25.25,-8.50,18.19
812.8925,287,180,35,31,820.42,-0.55,0.43,-0.65,-0.29,-9.58,-0.87,-2.19,-0.03,0.00,0.00,25.00,-8.50,17.37
812.909,287,180,35,31,820.445,-0.55,0.43,-0.65,-0.29,-9.56,-0.85,-2.29,-0.00,0.03,0.00,25.00,-8.50,17.37
812.93,287,179,34,32,820.467,-0.55,0.43,-0.65,-0.29,-9.55,-0.88,-2.17,0.01,0.02,-0.01,25.25,-8.19,18.19
812.9564,287,180,34,31,820.49,-0.55,0.43,-0.65,-0.29,-9.50,-0.95,-2.17,0.01,-0.01,-0.01,25.25,-8.19,18.19
812.9727,287,180,34,31,820.51,-0.55,0.43,-0.65,-0.29,-9.52,-0.95,-2.20,-0.02,-0.03,0.01,25.69,-8.88,17.75
812.9937,287,180,35,31,820.535,-0.55,0.43,-0.65,-0.29,-9.60,-0.91,-2.32,-0.01,-0.01,0.01,25.69,-8.88,17.75
813.0098,287,180,35,31,820.557,-0.55,0.43,-0.65,-0.29,-9.62,-0.86,-2.20,0.01,0.00,-0.01,25.69,-8.50,17.75
813.0288,286,180,34,31,820.58,-0.55,0.43,-0.65,-0.29,-9.59,-0.87,-2.19,0.02,-0.02,-0.00,25.69,-8.50,17.75
813.0448,286,180,34,31,820.602,-0.55,0.43,-0.65,-0.29,-9.62,-0.86,-2.04,0.01,-0.04,0.00,25.69,-8.50,17.75
813.0651,287,179,34,31,820.625,-0.55,0.43,-0.65,-0.29,-9.61,-0.85,-1.95,-0.00,-0.04,-0.00,25.69,-8.19,17.75
813.0812,287,179,34,31,820.647,-0.55,0.43,-0.65,-0.29,-9.60,-0.85,-1.94,-0.02,-0.02,0.00,25.69,-8.19,17.75
813.1117,287,179,34,31,820.67,-0.55,0.43,-0.65,-0.29,-9.55,-0.81,-1.97,-0.00,-0.02,-0.02,26.06,-7.75,16.69
813.1278,287,179,34,31,820.695,-0.55,0.43,-0.65,-0.29,-9.57,-0.90,-2.02,-0.01,0.01,-0.00,26.06,-7.75,16.69
813.1467,286,179,34,31,820.717,-0.55,0.43,-0.65,-0.29,-9.58,-0.91,-2.04,-0.01,0.01,-0.00,24.56,-8.50,17.75
813.1674,288,179,33,31,820.74,-0.55,0.43,-0.65,-0.29,-9.57,-0.85,-2.16,-0.00,0.02,-0.02,24.56,-8.50,17.75
813.1877,286,179,34,31,820.762,-0.55,0.43,-0.65,-0.29,-9.56,-0.90,-2.09,-0.01,0.02,-0.03,25.69,-7.75,17.37
813.2043,286,179,34,31,820.785,-0.55,0.43,-0.65,-0.29,-9.56,-0.95,-2.20,-0.02,-0.00,-0.02,25.69,-7.75,17.37
813.2331,286,179,35,30,820.807,-0.55,0.43,-0.65,-0.29,-9.54,-0.96,-2.10,-0.01,-0.00,-0.00,25.69,-8.19,18.69
813.2471,286,179,35,30,820.832,-0.55,0.43,-0.65,-0.29,-9.55,-0.95,-2.25,-0.01,0.01,0.01,25.69,-8.19,18.69
813.2775,286,179,34,31,820.852,-0.55,0.43,-0.65,-0.29,-9.56,-0.92,-2.17,0.01,0.01,-0.01,25.69,-8.19,18.69
813.2982,287,179,33,31,820.875,-0.55,0.43,-0.65,-0.29,-9.56,-0.91,-2.19,0.00,0.01,-0.01,26.06,-8.19,17.75
813.3158,285,178,34,31,820.897,-0.55,0.43,-0.65,-0.29,-9.54,-0.93,-2.14,-0.02,-0.02,0.01,26.06,-8.19,17.75
813.3319,285,178,34,31,820.92,-0.55,0.43,-0.65,-0.29,-9.57,-0.90,-2.24,-0.01,-0.02,0.01,26.06,-8.19,17.75
813.35,284,177,34,30,820.944,-0.55,0.43,-0.65,-0.29,-9.58,-0.92,-2.24,0.03,0.02,-0.00,26.06,-8.19,17.75
813.3662,284,177,34,30,820.967,-0.55,0.43,-0.65,-0.29,-9.51,-0.91,-1.98,0.03,0.01,-0.00,26.50,-7.75,17.75
813.3829,284,177,34,30,820.989,-0.55,0.43,-0.65,-0.29,-9.52,-0.93,-2.04,0.00,-0.02,0.02,26.50,-7.75,17.75
813.405,284,177,33,30,821.01,-0.55,0.43,-0.65,-0.29,-9.54,-0.90,-2.06,-0.02,-0.02,0.03,26.50,-8.50,17.75
813.4269,284,177,33,30,821.035,-0.55,0.43,-0.65,-0.29,-9.62,-0.89,-2.23,0.02,0.03,-0.00,26.50,-8.50,17.75
813.4466,284,175,33,32,821.055,-0.55,0.43,-0.65,-0.29,-9.59,-0.87,-2.04,0.03,0.04,-0.01,25.25,-8.19,17.75
813.4678,284,177,33,31,821.078,-0.55,0.43,-0.65,-0.29,-9.56,-0.87,-2.10,-0.00,-0.00,0.00,25.25,-8.19,17.75
813.4841,284,177,33,31,821.1,-0.55,0.43,-0.65,-0.29,-9.54,-0.88,-2.09,-0.03,-0.02,0.03,25.25,-8.19,17.75
813.5073,284,177,33,30,821.125,-0.55,0.43,-0.65,-0.29,-9.63,-0.86,-2.22,-0.01,0.00,0.01,26.50,-8.88,17.75
813.527,284,177,32,30,821.147,-0.55,0.43,-0.65,-0.29,-9.64,-0.90,-2.05,0.03,0.03,-0.01,26.50,-8.88,17.75
813.5432,284,177,32,30,821.17,-0.55,0.43,-0.65,-0.29,-9.59,-0.90,-1.96,0.03,0.02,-0.01,25.69,-7.75,17.75
813.5598,285,178,33,30,821.194,-0.55,0.43,-0.65,-0.29,-9.58,-0.90,-2.13,-0.02,-0.03,0.01,25.69,-7.75,17.75
813.5834,285,178,33,30,821.215,-0.55,0.43,-0.65,-0.29,-9.56,-0.89,-2.16,-0.00,-0.02,0.02,25.00,-8.19,18.69
813.6039,286,178,33,30,821.237,-0.55,0.43,-0.65,-0.29,-9.54,-0.90,-2.10,0.02,0.02,0.01,25.00,-8.19,18.69
813.6238,287,179,34,30,821.26,-0.55,0.43,-0.65,-0.29,-9.55,-0.88,-2.05,0.03,0.03,-0.00,25.69,-8.19,17.75
813.64,287,179,34,30,821.284,-0.55,0.43,-0.65,-0.29,-9.54,-0.85,-2.20,0.02,0.01,-0.00,25.69,-8.19,17.75
813.6577,289,180,33,30,821.305,-0.55,0.43,-0.65,-0.29,-9.64,-0.92,-2.09,-0.01,-0.02,0.01,26.06,-8.19,17.75
813.6736,289,180,33,30,821.327,-0.55,0.43,-0.65,-0.29,-9.59,-0.86,-2.22,0.02,-0.02,-0.02,26.06,-8.19,17.75
813.6913,291,182,32,29,821.35,-0.55,0.43,-0.65,-0.29,-9.63,-0.91,-2.08,0.01,0.01,0.01,26.06,-8.19,17.75
813.7078,291,182,32,29,821.374,-0.55,0.43,-0.65,-0.29,-9.62,-0.86,-1.99,0.00,-0.00,-0.00,26.06,-7.38,17.00
813.7247,293,182,32,30,821.397,-0.55,0.43,-0.65,-0.29,-9.65,-0.85,-2.08,-0.01,-0.02,0.00,26.06,-7.38,17.00
813.7482,293,182,32,30,821.42,-0.55,0.43,-0.65,-0.29,-9.68,-0.84,-2.11,-0.01,0.00,0.01,25.69,-8.50,18.19
813.7659,293,182,32,30,821.444,-0.55,0.43,-0.65,-0.29,-9.59,-0.80,-2.21,-0.00,0.02,-0.01,25.69,-8.50,18.19
813.7872,294,184,32,29,821.465,-0.55,0.43,-0.65,-0.29,-9.43,-0.93,-2.07,0.01,-0.01,-0.04,25.69,-8.88,16.69
813.8089,295,186,32,27,821.487,-0.55,0.43,-0.65,-0.29,-9.44,-0.99,-2.18,-0.02,-0.01,0.00,25.69,-8.88,16.69
813.8268,295,184,31,29,821.512,-0.55,0.43,-0.65,-0.29,-9.49,-0.95,-2.12,-0.02,-0.01,0.02,26.50,-7.75,18.19
813.8433,295,184,31,29,821.534,-0.55,0.43,-0.65,-0.29,-9.55,-0.92,-2.22,-0.01,-0.01,0.00,26.50,-7.75,18.19
813.8629,294,184,32,29,821.557,-0.55,0.43,-0.65,-0.29,-9.63,-0.91,-2.08,0.02,0.02,-0.01,25.25,-8.50,18.69
813.8793,294,184,32,29,821.581,-0.55,0.43,-0.65,-0.29,-9.59,-0.93,-2.20,0.02,0.01,-0.01,25.25,-8.50,18.69
813.9082,295,184,31,28,821.604,-0.55,0.43,-0.65,-0.29,-9.55,-0.93,-1.98,-0.02,-0.05,0.02,26.06,-8.50,16.69
813.9254,295,184,31,28,821.624,-0.55,0.43,-0.65,-0.29,-9.56,-0.86,-2.08,-0.02,-0.05,0.02,26.06,-8.50,16.69
813.9526,296,184,31,28,821.647,-0.55,0.42,-0.65,-0.29,-9.62,-0.84,-2.01,-0.01,-0.02,0.01,26.06,-8.50,16.69
813.979,297,185,31,28,821.671,-0.55,0.42,-0.65,-0.29,-9.65,-0.86,-1.96,0.01,0.02,-0.00,25.00,-8.19,17.75
813.9973,297,185,31,26,821.694,-0.55,0.42,-0.65,-0.29,-9.64,-0.80,-2.11,-0.01,0.01,0.00,25.00,-8.19,17.75
814.0136,297,185,31,26,821.716,-0.55,0.42,-0.65,-0.29,-9.66,-0.82,-2.11,-0.01,-0.01,-0.01,26.06,-8.19,17.37
814.0343,297,184,30,27,821.739,-0.55,0.43,-0.65,-0.29,-9.65,-0.86,-2.18,0.00,0.01,-0.03,26.06,-8.19,17.37
814.0637,296,183,30,28,821.762,-0.55,0.43,-0.65,-0.29,-9.57,-0.94,-2.00,0.01,0.01,-0.03,25.25,-8.50,17.37
814.08,296,183,30,28,821.784,-0.55,0.43,-0.65,-0.29,-9.56,-0.95,-2.11,-0.02,-0.02,-0.01,25.25,-8.50,17.37
814.0981,296,183,31,28,821.807,-0.55,0.43,-0.65,-0.29,-9.54,-0.90,-2.09,-0.02,-0.02,-0.01,25.69,-7.75,18.69
814.1146,296,183,31,28,821.831,-0.55,0.43,-0.65,-0.29,-9.54,-0.94,-2.15,0.00,0.01,-0.01,25.69,-7.75,18.69
814.1344,297,183,30,28,821.854,-0.55,0.43,-0.65,-0.29,-9.52,-0.93,-2.10,0.01,0.01,-0.02,25.00,-7.75,17.00
814.152,297,183,30,28,821.876,-0.55,0.43,-0.65,-0.29,-9.61,-0.89,-2.22,-0.00,0.01,-0.01,25.00,-7.75,17.00
814.1727,298,184,29,26,821.897,-0.55,0.43,-0.65,-0.29,-9.59,-0.95,-2.16,-0.01,-0.01,-0.01,25.00,-7.75,17.00
814.1892,298,184,29,26,821.921,-0.55,0.43,-0.65,-0.29,-9.55,-0.97,-2.14,-0.01,-0.02,0.00,25.69,-7.75,18.25
814.2266,297,182,31,28,821.944,-0.55,0.43,-0.65,-0.29,-9.55,-0.93,-2.11,0.01,-0.01,-0.02,25.69,-7.75,18.25
814.2476,296,183,31,27,821.966,-0.56,0.43,-0.65,-0.29,-9.56,-0.93,-2.06,0.01,-0.01,-0.01,25.00,-8.19,16.25
814.2682,295,182,30,27,821.991,-0.56,0.43,-0.65,-0.29,-9.56,-0.90,-2.09,-0.00,-0.03,0.01,25.00,-8.19,16.25
814.2851,295,182,30,27,822.013,-0.56,0.43,-0.65,-0.29,-9.62,-0.90,-2.06,-0.01,-0.03,0.00,25.00,-8.50,18.25
814.313,295,182,30,26,822.034,-0.56,0.43,-0.65,-0.29,-9.72,-0.94,-2.07,0.02,0.01,0.00,25.00,-8.50,18.25
814.3469,293,182,30,26,822.059,-0.56,0.43,-0.65,-0.29,-9.74,-0.92,-2.02,0.01,0.01,-0.02,25.25,-8.50,17.50
814.3842,291,181,30,27,822.083,-0.56,0.43,-0.65,-0.29,-9.77,-0.92,-2.10,0.03,0.00,-0.02,25.25,-8.50,17.50
814.4108,291,181,30,27,822.104,-0.56,0.43,-0.65,-0.29,-9.72,-0.83,-2.01,0.00,-0.01,-0.03,25.25,-8.19,16.69
814.4304,292,183,29,25,822.126,-0.56,0.43,-0.65,-0.29,-9.69,-0.68,-2.17,-0.01,-0.03,-0.04,25.25,-8.19,16.69
814.4464,292,183,29,25,822.149,-0.56,0.43,-0.65,-0.29,-9.65,-0.77,-2.13,-0.00,-0.03,-0.06,25.25,-8.19,16.69
814.4631,292,183,29,25,822.171,-0.56,0.43,-0.65,-0.29,-9.60,-0.93,-2.09,0.02,-0.02,-0.08,25.69,-8.19,17.50
814.4929,292,182,29,26,822.194,-0.56,0.43,-0.65,-0.29,-9.46,-1.06,-1.96,0.02,0.00,-0.09,25.69,-8.19,17.50
814.522,293,182,29,26,822.216,-0.56,0.43,-0.65,-0.29,-9.34,-1.11,-2.00,-0.01,-0.00,-0.07,26.06,-8.50,17.50
814.5629,294,182,29,26,822.241,-0.56,0.43,-0.65,-0.29,-9.15,-1.13,-2.13,-0.03,-0.01,-0.06,26.06,-8.50,17.50
814.5856,294,184,29,25,822.263,-0.56,0.43,-0.65,-0.29,-9.33,-1.17,-2.37,-0.07,-0.00,-0.03,25.25,-7.75,18.19
814.6038,295,184,28,25,822.284,-0.56,0.43,-0.65,-0.29,-9.43,-1.37,-2.22,-0.03,-0.04,-0.04,25.25,-7.75,18.19
814.6201,295,184,28,25,822.306,-0.56,0.43,-0.65,-0.29,-9.45,-1.32,-1.88,-0.10,-0.09,-0.01,26.06,-7.75,18.69
814.6412,294,184,29,25,822.331,-0.56,0.43,-0.65,-0.29,-9.56,-1.51,-1.87,-0.18,-0.14,0.07,26.06,-7.75,18.69
814.6697,295,183,28,26,822.353,-0.56,0.43,-0.65,-0.29,-9.50,-1.27,-2.48,-0.24,-0.13,-0.01,26.06,-9.25,17.00
814.6858,295,183,28,26,822.376,-0.56,0.43,-0.64,-0.30,-9.49,-1.24,-2.21,-0.23,-0.04,-0.01,26.06,-9.25,17.00
814.7218,294,183,28,26,822.396,-0.56,0.43,-0.64,-0.30,-9.42,-1.17,-2.00,-0.24,-0.04,-0.00,26.06,-9.25,17.00
814.7457,293,183,29,26,822.421,-0.56,0.43,-0.64,-0.30,-9.67,-0.66,-1.64,-0.35,-0.07,-0.01,26.50,-8.88,16.69
814.7631,293,183,29,26,822.444,-0.55,0.44,-0.64,-0.30,-9.45,-0.86,-1.79,-0.33,-0.18,0.11,26.50,-8.88,16.69
814.7795,293,183,29,26,822.466,-0.55,0.44,-0.64,-0.31,-9.62,-0.16,-1.86,-0.10,-0.30,0.19,27.19,-8.88,16.69
814.7979,293,182,30,26,822.491,-0.56,0.43,-0.64,-0.31,-9.34,-0.78,-2.18,-0.14,-0.31,0.16,27.19,-8.88,16.69
814.814,293,182,30,26,822.513,-0.56,0.43,-0.64,-0.31,-9.68,-0.88,-1.80,0.06,-0.18,0.21,25.69,-10.00,15.06
814.8318,293,182,30,26,822.536,-0.56,0.43,-0.64,-0.32,-9.85,-1.00,-1.63,0.06,-0.20,0.21,25.69,-10.00,15.06
814.8634,293,182,29,26,822.558,-0.56,0.43,-0.64,-0.32,-9.83,-0.80,-1.57,0.03,-0.30,0.20,26.50,-10.38,15.06
814.8912,294,182,29,26,822.581,-0.56,0.43,-0.63,-0.32,-9.79,-0.50,-1.34,-0.29,-0.39,0.19,26.50,-10.38,15.06
814.9088,294,182,29,26,822.603,-0.56,0.43,-0.63,-0.32,-10.77,-1.05,-1.21,-0.65,-0.11,0.03,25.69,-10.38,13.56
814.9249,294,182,29,26,822.628,-0.56,0.43,-0.63,-0.33,-9.76,0.12,-1.82,-0.41,0.39,-0.21,25.69,-10.38,13.56
814.9468,297,184,26,24,822.648,-0.55,0.43,-0.63,-0.32,-9.85,-0.34,-1.48,0.15,0.64,-0.14,25.69,-10.38,13.56
814.9669,296,185,28,25,822.673,-0.55,0.44,-0.63,-0.32,-9.66,-0.65,-1.52,-0.15,0.21,-0.08,26.06,-11.50,14.25
814.9833,296,185,28,25,822.693,-0.55,0.44,-0.63,-0.32,-9.59,-0.54,-1.73,-0.14,-0.20,0.05,26.06,-11.50,14.25
815.0039,297,186,27,25,822.718,-0.55,0.44,-0.63,-0.33,-9.72,-0.42,-1.93,-0.29,-0.45,0.13,25.69,-11.50,14.00
815.0201,297,186,27,25,822.743,-0.55,0.44,-0.63,-0.33,-9.93,-1.09,-1.80,-0.77,-0.67,0.15,25.69,-11.50,14.00
815.0485,297,185,27,25,822.765,-0.55,0.44,-0.62,-0.35,-9.60,-0.92,-2.21,-0.43,-0.78,0.27,26.06,-11.88,14.00
815.0782,298,185,27,24,822.79,-0.55,0.44,-0.62,-0.35,-9.94,-0.46,-1.77,-0.48,-0.72,0.21,26.06,-11.88,14.00
815.0974,297,185,28,24,822.812,-0.56,0.43,-0.62,-0.35,-9.80,0.60,-1.87,1.12,0.51,0.02,26.19,-12.69,12.75
815.1139,297,185,28,24,822.835,-0.56,0.43,-0.62,-0.34,-9.35,-0.50,0.17,0.42,0.92,-0.30,26.19,-12.69,12.75
815.1344,298,184,26,24,822.855,-0.55,0.43,-0.63,-0.33,-10.00,-0.52,-1.22,0.40,0.41,-0.21,25.75,-13.69,13.19
815.1506,298,184,26,24,822.88,-0.55,0.44,-0.63,-0.33,-9.73,0.02,-2.09,-0.45,0.22,-0.34,25.75,-13.69,13.19
815.1674,299,184,27,24,822.902,-0.55,0.45,-0.62,-0.34,-9.52,-0.71,-1.76,-2.17,-0.30,-0.10,25.75,-13.00,14.00
815.1873,299,184,27,24,822.925,-0.54,0.46,-0.61,-0.36,-9.70,-0.54,-1.95,-1.79,-0.32,-0.00,25.75,-13.00,14.00
815.2036,299,184,27,24,822.947,-0.53,0.47,-0.60,-0.37,-9.85,-0.60,-1.31,-1.36,-0.12,-0.04,25.75,-13.00,14.00
815.2254,299,184,27,25,822.97,-0.53,0.47,-0.60,-0.37,-10.02,-0.25,-0.95,-0.23,0.23,0.03,25.37,-14.06,11.56
815.2451,299,184,26,25,822.992,-0.53,0.47,-0.60,-0.37,-9.49,-0.48,-1.08,0.24,0.26,0.09,25.37,-14.06,11.56
815.2609,299,184,26,25,823.017,-0.52,0.47,-0.60,-0.37,-9.89,0.00,-1.24,0.04,-0.01,0.03,25.06,-16.75,10.00
815.2817,298,184,27,24,823.04,-0.52,0.47,-0.60,-0.37,-10.15,0.39,-1.23,-0.31,-0.33,-0.10,25.06,-16.75,10.00
815.2983,297,183,26,24,823.062,-0.53,0.47,-0.60,-0.38,-9.75,-0.34,-1.31,-0.21,-0.47,-0.08,25.37,-16.75,12.06
815.3145,297,183,26,24,823.087,-0.53,0.47,-0.59,-0.38,-9.45,-0.54,-1.04,-0.03,-0.53,0.07,25.37,-16.75,12.06
815.3337,296,183,27,24,823.109,-0.53,0.47,-0.59,-0.38,-9.14,-0.80,-1.15,-0.15,-0.47,0.14,26.06,-15.25,11.38
815.3547,296,183,27,24,823.132,-0.53,0.47,-0.59,-0.39,-10.44,-0.17,-1.13,0.22,-0.19,-0.08,26.06,-15.25,11.38
815.3768,297,182,26,25,823.154,-0.54,0.46,-0.59,-0.38,-9.65,0.07,-1.34,1.11,-0.13,-0.22,26.75,-15.25,10.56
815.3987,299,180,27,24,823.177,-0.55,0.46,-0.60,-0.37,-9.05,-0.98,-1.29,1.68,-0.08,0.10,26.75,-15.25,10.56
815.4151,299,180,27,24,823.199,-0.55,0.45,-0.60,-0.37,-9.56,-1.81,-1.07,1.55,-0.22,0.18,26.75,-15.25,10.56
815.438,300,179,26,23,823.222,-0.56,0.44,-0.60,-0.36,-9.80,-1.11,-1.35,0.69,-0.67,0.06,27.19,-14.56,11.00
815.4546,300,179,26,23,823.244,-0.57,0.43,-0.60,-0.36,-10.26,-1.13,-1.58,-0.02,-0.55,-0.05,27.19,-14.56,11.00
815.4716,302,178,26,23,823.267,-0.57,0.43,-0.60,-0.36,-9.69,-0.65,-1.94,-0.00,-0.21,-0.06,27.56,-14.19,12.19
815.4883,306,178,26,23,823.291,-0.57,0.43,-0.60,-0.36,-9.64,-0.44,-0.61,-0.41,0.15,0.05,27.56,-14.19,12.19
815.5075,306,178,26,23,823.314,-0.56,0.44,-0.60,-0.37,-9.62,-0.02,-0.02,-0.64,0.04,-0.00,28.00,-14.19,11.00
815.5239,306,178,26,23,823.339,-0.56,0.44,-0.59,-0.37,-9.55,-0.22,-0.03,-0.57,-0.07,0.00,28.00,-14.19,11.00
815.5432,309,176,27,24,823.359,-0.56,0.44,-0.59,-0.38,-9.68,-0.57,0.02,-0.49,-0.16,0.06,27.19,-13.50,10.56
815.5593,309,176,27,24,823.382,-0.56,0.44,-0.59,-0.38,-9.45,-0.90,-0.26,-0.65,-0.24,0.03,27.19,-13.50,10.56
815.576,309,176,27,24,823.404,-0.56,0.45,-0.58,-0.39,-9.47,-0.74,-0.75,-0.67,-0.30,-0.00,26.06,-15.00,9.00
815.5924,309,176,27,24,823.429,-0.56,0.45,-0.58,-0.39,-9.63,-0.27,-1.15,0.34,-0.14,-0.07,26.06,-15.00,9.00
815.6097,311,177,26,23,823.449,-0.56,0.44,-0.59,-0.38,-9.76,-0.32,-0.20,0.71,0.34,0.00,26.56,-13.50,8.19
815.6258,311,177,26,23,823.472,-0.56,0.44,-0.59,-0.38,-10.04,-0.60,-0.74,0.53,0.18,-0.04,26.56,-13.50,8.19
815.6447,311,176,27,24,823.494,-0.56,0.44,-0.59,-0.37,-10.16,0.03,-0.86,0.34,0.11,-0.15,26.56,-13.50,8.19
815.6671,311,176,27,24,823.519,-0.57,0.44,-0.59,-0.37,-9.75,-0.11,-0.63,0.19,0.09,-0.23,26.87,-13.75,9.00
815.6884,311,176,27,24,823.541,-0.57,0.44,-0.59,-0.37,-9.49,-0.59,-0.40,-0.32,0.19,-0.20,26.87,-13.75,9.00
815.705,310,177,27,23,823.564,-0.56,0.45,-0.59,-0.37,-10.00,-0.68,-0.36,-0.93,0.24,-0.09,26.56,-11.56,8.56
815.7216,310,177,27,23,823.588,-0.56,0.46,-0.59,-0.37,-10.18,-0.51,-0.76,-0.96,0.17,-0.15,26.56,-11.56,8.56
815.7385,309,175,27,24,823.611,-0.55,0.46,-0.58,-0.38,-9.96,-1.06,-1.07,-0.31,0.30,0.00,26.87,-12.38,7.50
815.7549,309,175,27,24,823.633,-0.55,0.47,-0.59,-0.38,-9.94,-0.31,-0.92,-0.36,0.24,-0.06,26.87,-12.38,7.50
815.7756,307,175,27,24,823.654,-0.54,0.47,-0.58,-0.38,-10.18,-0.31,-0.35,-0.40,0.02,-0.00,26.87,-12.75,7.75
815.7934,305,175,26,24,823.678,-0.54,0.47,-0.58,-0.38,-10.18,-0.38,-0.14,-0.27,-0.16,0.10,26.87,-12.75,7.75
815.8096,305,175,26,24,823.701,-0.54,0.47,-0.58,-0.39,-9.25,-1.55,0.06,-0.67,-0.60,0.10,26.56,-11.56,8.25
815.8403,303,174,26,24,823.724,-0.54,0.47,-0.57,-0.40,-9.48,-1.39,-1.06,-0.86,-0.93,0.01,26.56,-11.56,8.25
815.8568,303,174,26,24,823.744,-0.55,0.47,-0.56,-0.41,-9.59,-1.03,-1.93,-0.81,-1.05,0.14,26.56,-11.56,8.25
815.8762,301,175,27,23,823.769,-0.55,0.47,-0.56,-0.42,-9.75,-1.17,-0.10,-0.71,-0.89,0.35,28.75,-11.56,6.25
815.8926,301,175,27,23,823.791,-0.55,0.47,-0.55,-0.42,-11.02,0.38,-0.49,0.42,-0.35,-0.14,28.75,-11.56,6.25
815.9092,300,175,27,23,823.816,-0.55,0.46,-0.55,-0.42,-10.14,-0.74,0.61,-0.01,0.03,-0.05,28.37,-11.00,5.06
815.9255,300,175,27,23,823.838,-0.55,0.47,-0.55,-0.42,-9.70,-0.56,0.51,-0.64,-0.37,0.04,28.37,-11.00,5.06
815.9422,301,174,26,24,823.861,-0.55,0.47,-0.54,-0.43,-9.50,-0.96,-0.17,-0.41,-0.32,-0.02,28.06,-11.00,4.19
815.9587,301,174,26,24,823.883,-0.55,0.47,-0.54,-0.43,-9.60,-0.82,-0.36,-0.55,0.06,-0.09,28.06,-11.00,4.19
815.9759,303,175,26,23,823.906,-0.55,0.47,-0.54,-0.43,-9.63,-0.39,-0.01,0.07,0.30,-0.05,28.37,-11.00,2.19
815.999,303,175,26,23,823.928,-0.55,0.47,-0.54,-0.43,-9.90,-0.38,0.53,0.23,0.46,0.17,28.37,-11.00,2.19
816.0168,313,175,23,24,823.951,-0.54,0.47,-0.55,-0.42,-10.07,-0.42,0.24,0.00,0.30,0.12,28.50,-10.56,3.75
816.0331,313,175,23,24,823.973,-0.54,0.48,-0.55,-0.43,-9.49,-1.29,0.53,-1.07,0.16,0.12,28.50,-10.56,3.75
816.0555,326,176,21,23,823.994,-0.54,0.48,-0.54,-0.43,-11.23,0.00,-0.15,-0.52,-0.24,0.05,28.50,-10.56,3.75
816.076,347,179,17,17,824.018,-0.53,0.48,-0.54,-0.44,-9.65,-1.45,0.15,-0.76,-0.14,-0.15,28.19,-10.56,2.88
816.0923,347,179,17,17,824.041,-0.53,0.49,-0.54,-0.44,-8.99,-0.97,0.02,-0.37,-0.01,-0.11,28.19,-10.56,2.88
816.1124,365,179,10,19,824.064,-0.53,0.49,-0.53,-0.44,-10.51,-0.82,0.01,-0.01,0.09,-0.27,28.19,-11.06,1.25
816.1302,0,0,0,0,824.088,-0.53,0.49,-0.53,-0.44,-11.74,0.08,-0.33,-0.00,-0.18,-0.46,28.19,-11.06,1.25
816.1534,0,0,0,0,824.111,-0.54,0.49,-0.53,-0.43,-9.88,-3.18,-0.16,0.51,-0.28,-0.88,27.75,-11.50,2.06
816.1721,0,0,0,0,824.135,-0.55,0.49,-0.52,-0.42,-10.16,-1.06,0.24,0.56,-0.24,-1.11,27.75,-11.50,2.06
816.1886,0,0,0,0,824.156,-0.56,0.49,-0.52,-0.42,-10.32,1.48,0.71,0.18,-0.35,-0.89,28.87,-10.69,1.25
816.2126,0,0,0,0,824.18,-0.56,0.50,-0.51,-0.42,-10.34,-1.13,-2.77,-0.66,-0.42,0.06,28.87,-10.69,1.25
816.2336,0,0,0,0,824.201,-0.56,0.50,-0.51,-0.43,-9.13,-2.12,-1.91,-0.42,0.08,0.20,29.25,-8.75,1.25
816.2498,0,0,0,0,824.225,-0.55,0.50,-0.51,-0.43,-9.56,-2.73,-0.70,0.00,0.49,0.01,29.25,-8.75,1.25
816.2664,0,0,0,0,824.246,-0.55,0.50,-0.52,-0.42,-9.32,-0.70,0.58,0.26,0.55,-0.22,29.25,-8.75,1.25
816.2832,0,0,0,0,824.27,-0.55,0.50,-0.52,-0.42,-9.88,-0.16,-0.36,0.37,0.39,0.33,30.37,-8.75,0.50
816.3026,0,0,0,0,824.291,-0.55,0.50,-0.53,-0.42,-9.68,-1.58,-0.97,0.32,0.40,0.66,30.37,-8.75,0.50
816.3207,0,0,0,0,824.315,-0.54,0.50,-0.53,-0.42,-9.46,-1.49,-0.20,0.11,0.39,0.52,30.75,-8.56,0.50
816.3374,0,0,0,0,824.338,-0.54,0.50,-0.54,-0.42,-9.21,-1.59,0.17,0.09,0.31,0.20,30.75,-8.56,0.50
816.3539,0,0,0,0,824.36,-0.54,0.50,-0.54,-0.42,-9.69,-0.28,0.39,0.05,0.18,0.03,31.25,-9.69,0.50
816.3715,0,0,0,0,824.383,-0.54,0.50,-0.54,-0.41,-9.22,0.57,-0.27,-0.00,0.07,0.03,31.25,-9.69,0.50
816.3876,0,0,0,0,824.403,-0.54,0.50,-0.54,-0.42,-9.48,-0.31,-0.67,-0.14,0.17,0.11,30.00,-9.25,1.25
816.406,0,0,0,0,824.428,-0.53,0.50,-0.54,-0.42,-9.89,-0.27,-0.30,-0.18,0.31,0.14,30.00,-9.25,1.25
816.4223,0,0,0,0,824.449,-0.53,0.50,-0.54,-0.42,-10.05,-0.55,0.27,-0.19,0.20,0.04,29.69,-11.19,2.06
816.4438,0,0,0,0,824.471,-0.53,0.50,-0.54,-0.42,-9.99,-0.08,-0.43,-0.20,0.04,-0.13,29.69,-11.19,2.06
816.4655,0,0,0,0,824.494,-0.53,0.50,-0.54,-0.42,-9.91,0.19,-0.82,-0.23,0.02,-0.11,29.69,-11.19,2.06
816.4844,0,0,0,0,824.518,-0.53,0.50,-0.54,-0.42,-10.06,0.01,-0.93,-0.19,0.06,0.06,29.25,-10.38,1.25
816.5036,0,0,0,0,824.541,-0.53,0.51,-0.54,-0.42,-9.95,-0.67,-0.41,-0.23,0.09,0.05,29.25,-10.38,1.25
816.5198,0,0,0,0,824.563,-0.52,0.51,-0.54,-0.42,-9.90,-0.42,-0.55,-0.25,0.03,-0.06,30.00,-11.19,2.50
816.537,0,0,0,0,824.588,-0.52,0.51,-0.54,-0.42,-9.80,-0.32,-0.62,-0.35,0.00,-0.10,30.00,-11.19,2.50
816.5533,0,0,0,0,824.608,-0.52,0.51,-0.54,-0.42,-9.74,-1.06,-0.81,-0.34,0.02,-0.11,30.37,-10.06,1.69
816.579,0,0,0,0,824.631,-0.52,0.52,-0.53,-0.42,-9.58,-0.86,-0.72,-0.30,0.04,-0.19,30.37,-10.06,1.69
816.5972,0,0,0,0,824.653,-0.52,0.52,-0.53,-0.42,-9.65,-0.91,-0.85,-0.31,0.06,-0.22,30.00,-9.69,0.06
816.6169,0,0,0,0,824.678,-0.52,0.52,-0.53,-0.42,-9.71,-1.37,-0.60,-0.33,0.07,-0.21,30.00,-9.69,0.06
816.6331,0,0,0,0,824.698,-0.52,0.52,-0.53,-0.42,-9.64,-1.89,-0.48,-0.35,-0.02,-0.15,29.69,-10.38,1.25
816.6505,0,0,0,0,824.721,-0.51,0.53,-0.52,-0.43,-9.43,-2.10,-0.85,-0.38,-0.07,-0.04,29.69,-10.38,1.25
816.6669,0,0,0,0,824.743,-0.51,0.53,-0.52,-0.43,-9.26,-2.94,-1.27,-0.28,-0.02,0.06,29.69,-10.38,1.25
816.6857,0,0,0,0,824.768,-0.51,0.53,-0.52,-0.43,-9.19,-3.49,-1.20,-0.10,0.04,0.13,30.00,-10.38,-0.25
816.7021,0,0,0,0,824.788,-0.51,0.53,-0.52,-0.43,-9.01,-4.74,-1.30,0.01,0.06,0.16,30.00,-10.38,-0.25
816.7301,0,0,0,0,824.813,-0.51,0.53,-0.53,-0.43,-9.30,-4.70,-1.15,0.10,0.13,0.27,31.19,-10.50,0.50
816.7503,0,0,0,0,824.838,-0.51,0.52,-0.53,-0.43,-9.61,-4.49,-1.10,0.13,0.18,0.56,31.19,-10.50,0.50
816.7715,0,0,0,0,824.858,-0.50,0.52,-0.54,-0.43,-10.24,-5.13,-0.70,0.17,0.12,1.07,30.75,-9.75,1.25
816.7954,0,0,0,0,824.881,-0.50,0.51,-0.55,-0.44,-9.78,-5.78,-0.72,0.43,-0.01,1.18,30.75,-9.75,1.25
816.8179,0,0,0,0,824.903,-0.50,0.50,-0.55,-0.44,-9.71,-5.59,-0.84,0.63,-0.05,1.03,29.69,-9.38,0.50
816.8373,0,0,0,0,824.928,-0.50,0.49,-0.56,-0.44,-9.80,-5.64,-1.32,0.72,-0.01,0.78,29.69,-9.38,0.50
816.8545,0,0,0,0,824.948,-0.50,0.49,-0.57,-0.44,-10.69,-3.79,-0.66,0.89,-0.15,0.67,30.75,-10.88,2.50
816.8755,0,0,0,0,824.971,-0.50,0.47,-0.58,-0.44,-9.71,-0.23,-1.08,0.94,-0.47,0.98,30.75,-10.88,2.50
816.8976,0,0,0,0,824.993,-0.50,0.46,-0.58,-0.44,-9.49,0.24,-2.39,0.87,-0.42,1.06,30.75,-10.88,2.50
816.9221,0,0,0,0,825.016,-0.50,0.45,-0.59,-0.45,-8.80,0.22,-1.43,0.84,-0.31,0.98,29.87,-12.75,3.69
816.9557,0,0,0,0,825.038,-0.51,0.44,-0.60,-0.44,-8.64,1.91,-0.14,1.11,-0.07,0.39,29.87,-12.75,3.69
816.9739,0,0,0,0,825.063,-0.51,0.43,-0.60,-0.44,-8.94,3.55,-0.65,1.16,-0.12,0.27,29.56,-12.00,2.06
816.9902,0,0,0,0,825.088,-0.52,0.42,-0.61,-0.43,-9.30,6.45,-0.85,1.08,-0.27,0.34,29.56,-12.00,2.06
817.0067,0,0,0,0,825.108,-0.52,0.41,-0.61,-0.43,-7.41,2.79,-3.31,0.72,-0.41,0.23,29.50,-11.56,1.75
817.0319,0,0,0,0,825.133,-0.53,0.41,-0.61,-0.42,-8.65,3.53,-3.06,1.24,0.15,-0.70,29.50,-11.56,1.75
817.0524,0,0,0,0,825.153,-0.54,0.41,-0.62,-0.40,-10.47,7.55,-1.81,1.48,0.72,-1.28,29.37,-11.88,-0.19
817.0685,0,0,0,0,825.178,-0.54,0.41,-0.62,-0.39,-10.80,8.39,-1.18,0.62,0.61,-0.61,29.37,-11.88,-0.19
817.0875,0,0,0,0,825.198,-0.54,0.41,-0.63,-0.38,-9.74,7.54,-0.83,-0.43,0.38,0.65,30.50,-10.25,1.50
817.1127,0,0,0,0,825.223,-0.53,0.41,-0.63,-0.40,-9.19,2.64,-2.31,-0.76,0.05,1.87,30.50,-10.25,1.50
817.1287,0,0,0,0,825.243,-0.52,0.40,-0.64,-0.41,-8.88,-0.66,-3.11,-0.64,-0.01,2.06,30.50,-10.25,1.50
817.1562,0,0,0,0,825.268,-0.51,0.39,-0.64,-0.42,-9.87,0.75,-1.34,0.39,0.41,-0.22,29.25,-10.56,0.00
817.1917,0,0,0,0,825.288,-0.52,0.40,-0.64,-0.40,-10.68,4.91,-1.03,0.53,0.23,-1.01,29.25,-10.56,0.00
817.2163,0,0,0,0,825.313,-0.52,0.40,-0.64,-0.40,-10.61,5.43,-1.59,0.25,-0.05,-0.71,28.50,-12.69,1.25
817.2333,0,0,0,0,825.337,-0.52,0.40,-0.64,-0.40,-9.98,2.95,-1.99,-0.32,-0.17,0.53,28.50,-12.69,1.25
817.2526,0,0,0,0,825.36,-0.52,0.40,-0.64,-0.41,-9.47,-0.37,-1.05,-0.39,-0.08,0.70,29.50,-12.25,1.69
817.2826,0,0,0,0,825.382,-0.51,0.40,-0.64,-0.41,-9.55,0.10,-0.51,-0.32,-0.04,0.38,29.50,-12.25,1.69
817.2991,0,0,0,0,825.405,-0.51,0.40,-0.64,-0.41,-9.74,0.77,-0.66,-0.19,-0.11,0.01,28.37,-13.00,0.75
817.3358,0,0,0,0,825.427,-0.51,0.40,-0.64,-0.42,-9.56,1.46,-1.47,-0.16,-0.14,-0.16,28.37,-13.00,0.75
817.353,0,0,0,0,825.45,-0.51,0.40,-0.64,-0.42,-9.87,1.77,-1.33,-0.10,-0.07,-0.06,29.87,-12.69,0.50
817.3691,0,0,0,0,825.473,-0.51,0.40,-0.63,-0.42,-9.66,1.20,-1.30,-0.19,-0.04,0.06,29.87,-12.69,0.50
817.3888,0,0,0,0,825.495,-0.51,0.40,-0.63,-0.42,-9.72,0.60,-1.22,-0.19,-0.06,0.09,29.87,-12.69,0.50
817.405,0,0,0,0,825.518,-0.51,0.40,-0.63,-0.42,-9.74,0.52,-1.28,-0.01,-0.08,-0.02,28.37,-12.50,0.50
817.4324,0,0,0,0,825.538,-0.51,0.40,-0.63,-0.42,-9.76,1.07,-1.06,0.00,-0.11,-0.07,28.37,-12.50,0.50
817.4496,0,0,0,0,825.563,-0.51,0.40,-0.63,-0.42,-9.57,1.10,-1.07,-0.06,-0.15,-0.04,28.37,-11.06,0.56
817.4659,0,0,0,0,825.585,-0.52,0.40,-0.63,-0.42,-9.47,0.99,-1.25,-0.13,-0.14,0.01,28.37,-11.06,0.56
817.4844,0,0,0,0,825.608,-0.52,0.40,-0.63,-0.42,-9.38,1.15,-1.05,-0.15,-0.12,0.04,28.37,-12.50,0.19
817.5005,0,0,0,0,825.63,-0.52,0.40,-0.63,-0.43,-9.30,0.77,-1.12,-0.12,-0.12,0.09,28.37,-12.50,0.19
817.5188,0,0,0,0,825.651,-0.52,0.40,-0.63,-0.43,-9.31,1.33,-0.94,-0.05,-0.09,0.05,29.19,-11.38,1.37
817.5356,0,0,0,0,825.675,-0.52,0.40,-0.63,-0.43,-9.18,1.85,-1.04,-0.06,-0.08,0.02,29.19,-11.38,1.37
817.5519,0,0,0,0,825.698,-0.52,0.40,-0.63,-0.43,-8.95,1.42,-1.07,-0.14,-0.02,0.06,29.50,-11.75,1.37
817.5688,0,0,0,0,825.72,-0.51,0.40,-0.63,-0.43,-9.21,0.76,-1.06,-0.15,0.08,0.06,29.50,-11.75,1.37
817.5974,0,0,0,0,825.741,-0.51,0.40,-0.63,-0.43,-9.40,0.69,-0.85,-0.07,0.13,-0.02,29.50,-11.75,1.37
817.6159,0,0,0,0,825.765,-0.51,0.40,-0.63,-0.43,-9.65,0.69,-0.72,0.02,0.09,-0.11,30.25,-11.38,0.19
817.638,0,0,0,0,825.788,-0.51,0.40,-0.63,-0.43,-9.77,1.30,-0.81,0.01,0.03,-0.13,30.25,-11.38,0.19
817.6547,0,0,0,0,825.81,-0.51,0.40,-0.63,-0.43,-9.73,1.31,-0.80,-0.04,0.01,-0.04,29.37,-11.75,0.88
817.6758,0,0,0,0,825.835,-0.51,0.40,-0.63,-0.43,-9.65,1.36,-0.73,-0.09,0.01,0.06,29.37,-11.75,0.88
817.6921,0,0,0,0,825.858,-0.51,0.40,-0.63,-0.43,-9.61,1.54,-0.94,-0.11,-0.02,0.13,29.06,-11.75,0.88
817.7088,0,0,0,0,825.88,-0.51,0.40,-0.63,-0.43,-9.62,2.20,-1.07,-0.05,-0.02,0.10,29.06,-11.75,0.88
817.7274,0,0,0,0,825.901,-0.51,0.40,-0.63,-0.43,-9.56,4.05,-0.85,-0.02,-0.00,0.08,29.06,-11.75,0.88
817.7543,0,0,0,0,825.925,-0.51,0.40,-0.63,-0.43,-9.56,5.26,-1.01,-0.15,-0.05,0.24,29.06,-11.75,0.88
817.7706,0,0,0,0,825.948,-0.51,0.40,-0.63,-0.44,-8.49,8.44,-0.64,-0.25,-0.10,0.42,29.06,-12.50,1.37
817.7926,0,0,0,0,825.97,-0.50,0.40,-0.63,-0.44,-7.39,10.91,-0.86,-0.35,-0.06,0.52,29.06,-12.50,1.37
817.8093,0,0,0,0,825.991,-0.50,0.40,-0.63,-0.45,-6.48,14.48,0.37,-0.89,0.27,0.23,29.06,-12.50,1.37
817.8256,0,0,0,0,826.015,-0.49,0.41,-0.62,-0.45,-6.61,15.86,1.45,-2.45,0.81,-0.02,29.06,-12.19,1.75
817.8425,0,0,0,0,826.038,-0.47,0.42,-0.61,-0.47,-5.19,13.07,0.97,-3.51,0.85,-0.07,29.06,-12.19,1.75
817.8608,0,0,0,0,826.06,-0.45,0.46,-0.59,-0.49,-4.31,10.49,-1.83,-3.94,0.94,-0.66,28.25,-12.50,2.88
817.8792,0,0,0,0,826.085,-0.43,0.49,-0.57,-0.50,-2.18,8.98,-1.66,-4.61,1.60,-2.26,28.25,-12.50,2.88
817.9008,0,0,0,0,826.107,-0.41,0.53,-0.54,-0.51,-4.22,-0.80,-6.22,-5.00,2.27,-3.34,27.56,-16.56,4.88
817.919,0,0,0,0,826.132,-0.38,0.60,-0.49,-0.51,-10.90,-9.16,-10.52,-5.03,2.53,-4.16,27.56,-16.56,4.88
817.936,0,0,0,0,826.152,-0.36,0.65,-0.45,-0.50,-13.51,-9.68,-9.45,-3.66,2.00,-3.92,28.00,-14.56,3.00
817.9523,0,0,0,0,826.177,-0.35,0.67,-0.42,-0.49,-7.96,-8.46,-7.26,-2.86,-0.04,-1.68,28.00,-14.56,3.00
817.9689,0,0,0,0,826.198,-0.33,0.69,-0.39,-0.51,-7.52,-11.65,-10.35,-2.76,-0.74,-0.30,29.19,-8.69,4.25
817.9878,0,0,0,0,826.222,-0.32,0.69,-0.38,-0.52,-8.25,-14.84,-11.94,-2.56,-0.42,0.37,29.19,-8.69,4.25
818.0074,0,0,0,0,826.245,-0.30,0.70,-0.37,-0.53,-10.67,-19.25,-12.39,-1.49,-0.03,0.47,28.69,-8.00,2.56
818.024,0,0,0,0,826.267,-0.30,0.70,-0.37,-0.53,-11.13,-15.57,-11.35,1.30,-0.44,-0.30,28.69,-8.00,2.56
818.0445,0,0,0,0,826.288,-0.33,0.68,-0.38,-0.53,-10.85,-10.27,-11.74,2.09,-1.04,-0.26,28.69,-8.00,2.56
818.0643,0,0,0,0,826.312,-0.34,0.67,-0.39,-0.53,-9.87,-7.36,-13.07,2.23,-1.26,0.75,27.50,-7.38,2.00
818.0806,0,0,0,0,826.337,-0.35,0.65,-0.41,-0.53,-10.02,-8.31,-10.13,2.59,-1.07,2.49,27.50,-7.38,2.00
818.103,0,0,0,0,826.359,-0.37,0.61,-0.45,-0.54,-9.83,-7.85,-8.31,3.20,-1.31,2.78,27.69,-8.50,3.75
818.1229,0,0,0,0,826.384,-0.38,0.58,-0.48,-0.54,-9.89,-3.81,-7.51,4.08,-1.83,2.56,27.69,-8.50,3.75
818.1398,0,0,0,0,826.404,-0.40,0.54,-0.51,-0.54,-9.73,3.49,-6.41,4.76,-2.67,2.33,27.69,-9.75,3.38
818.1612,0,0,0,0,826.427,-0.44,0.47,-0.54,-0.54,-6.75,9.90,-5.69,5.09,-3.11,2.53,27.69,-9.75,3.38
818.18,0,0,0,0,826.449,-0.47,0.42,-0.57,-0.54,-4.24,12.93,-3.04,4.86,-2.92,2.15,27.00,-12.25,1.25
818.196,0,0,0,0,826.474,-0.49,0.38,-0.58,-0.53,-1.69,18.40,1.82,4.02,-2.35,1.35,27.00,-12.25,1.25
818.2245,0,0,0,0,826.494,-0.50,0.35,-0.59,-0.52,-0.90,19.00,4.57,2.18,-1.40,0.70,25.50,-15.00,-0.19
818.2409,0,0,0,0,826.517,-0.52,0.32,-0.60,-0.52,-1.30,15.55,4.63,1.19,-0.72,0.30,25.50,-15.00,-0.19
818.2631,0,0,0,0,826.54,-0.52,0.32,-0.60,-0.51,-2.81,11.09,4.25,0.77,0.10,-0.41,25.50,-15.00,-0.19
818.2822,0,0,0,0,826.564,-0.52,0.32,-0.60,-0.50,-4.39,9.88,4.23,0.48,0.70,-1.06,22.56,-17.87,-2.19
818.2988,0,0,0,0,826.587,-0.53,0.34,-0.60,-0.50,-6.42,6.41,3.50,-0.57,0.67,-0.91,22.56,-17.87,-2.19
818.3156,0,0,0,0,826.609,-0.52,0.35,-0.60,-0.49,-8.07,2.42,1.04,-0.92,0.56,-0.37,23.87,-16.56,-1.50
818.3321,0,0,0,0,826.634,-0.51,0.36,-0.60,-0.50,-8.91,0.46,-0.07,-0.97,0.68,-0.04,23.87,-16.56,-1.50
818.3489,0,0,0,0,826.656,-0.51,0.37,-0.60,-0.50,-11.95,-1.38,-0.05,-0.43,0.71,-0.03,24.75,-14.69,-1.06
818.3676,0,0,0,0,826.679,-0.50,0.37,-0.60,-0.50,-11.29,0.97,1.37,-0.30,0.18,-0.00,24.75,-14.69,-1.06
818.3845,0,0,0,0,826.701,-0.50,0.37,-0.60,-0.50,-10.75,1.82,0.53,-0.21,-0.42,0.34,24.87,-14.56,-1.50
818.4006,0,0,0,0,826.724,-0.50,0.37,-0.60,-0.51,-10.47,2.19,-1.55,-0.28,-0.46,0.87,24.87,-14.56,-1.50
818.4174,0,0,0,0,826.746,-0.50,0.36,-0.60,-0.52,-10.28,2.63,-0.11,-0.46,-0.11,1.07,24.06,-15.25,-1.50
818.4414,0,0,0,0,826.769,-0.49,0.35,-0.60,-0.53,-10.32,1.37,0.54,-0.47,-0.04,1.14,24.06,-15.25,-1.50
818.4585,0,0,0,0,826.791,-0.48,0.35,-0.60,-0.54,-9.54,1.72,0.85,-0.30,-0.14,0.77,24.06,-15.25,-1.50
818.475,0,0,0,0,826.814,-0.48,0.35,-0.60,-0.54,-9.09,2.21,0.81,-0.08,-0.11,0.18,21.50,-17.56,-2.25
818.4964,0,0,0,0,826.836,-0.48,0.35,-0.60,-0.54,-9.86,2.50,1.59,-0.03,0.04,-0.09,21.50,-17.56,-2.25
818.5255,0,0,0,0,826.859,-0.48,0.35,-0.60,-0.54,-9.98,2.91,1.59,-0.01,-0.01,-0.18,19.75,-17.87,-1.19
818.5488,0,0,0,0,826.884,-0.48,0.35,-0.60,-0.54,-10.26,3.45,0.90,0.12,-0.19,0.08,19.75,-17.87,-1.19
818.5672,0,0,0,0,826.906,-0.48,0.34,-0.60,-0.54,-10.40,4.21,0.24,0.03,-0.21,0.32,21.25,-17.56,-2.88
818.5848,0,0,0,0,826.931,-0.48,0.34,-0.60,-0.54,-10.36,3.82,-0.11,-0.11,-0.22,0.45,21.25,-17.56,-2.88
818.6012,0,0,0,0,826.951,-0.48,0.34,-0.60,-0.55,-10.26,2.83,-0.04,-0.19,-0.18,0.39,20.06,-17.87,-1.19
818.6205,0,0,0,0,826.976,-0.48,0.34,-0.60,-0.55,-9.81,2.25,0.46,-0.08,-0.14,-0.02,20.06,-17.87,-1.19
818.6371,0,0,0,0,826.996,-0.48,0.34,-0.59,-0.55,-9.50,2.70,0.50,0.04,-0.16,-0.27,19.75,-17.56,-1.69
818.6572,0,0,0,0,827.021,-0.48,0.34,-0.59,-0.55,-9.31,3.08,-0.06,0.06,-0.14,-0.36,19.75,-17.56,-1.69
818.6761,0,0,0,0,827.041,-0.49,0.34,-0.59,-0.55,-9.20,2.97,0.11,0.01,-0.03,-0.37,20.87,-17.69,-2.50
818.6959,0,0,0,0,827.064,-0.49,0.34,-0.59,-0.55,-9.21,2.21,0.04,-0.05,0.09,-0.37,20.87,-17.69,-2.50
818.7148,0,0,0,0,827.086,-0.49,0.35,-0.59,-0.54,-9.19,1.54,0.14,0.03,0.12,-0.51,20.87,-17.69,-2.50
818.7313,0,0,0,0,827.111,-0.49,0.35,-0.59,-0.54,-9.27,1.88,0.27,0.15,0.13,-0.65,20.87,-17.25,-1.25
818.75,0,0,0,0,827.133,-0.50,0.35,-0.59,-0.53,-9.10,2.44,0.38,0.19,0.13,-0.69,20.87,-17.25,-1.25
818.7664,0,0,0,0,827.156,-0.50,0.36,-0.59,-0.53,-8.90,2.79,0.40,0.11,0.15,-0.56,21.56,-16.50,-3.00
818.7831,0,0,0,0,827.181,-0.50,0.36,-0.59,-0.52,-8.62,2.53,0.80,0.03,0.18,-0.43,21.56,-16.50,-3.00
818.8028,0,0,0,0,827.203,-0.50,0.36,-0.59,-0.52,-8.57,2.10,1.14,0.03,0.16,-0.32,23.06,-16.19,-2.50
818.8208,0,0,0,0,827.226,-0.50,0.37,-0.59,-0.52,-8.57,2.29,1.23,0.11,0.12,-0.34,23.06,-16.19,-2.50
818.8373,0,0,0,0,827.246,-0.51,0.37,-0.58,-0.51,-8.95,2.76,0.86,0.12,0.12,-0.31,23.06,-15.00,-2.50
818.8644,0,0,0,0,827.271,-0.51,0.37,-0.59,-0.51,-9.03,3.11,0.84,0.10,0.15,-0.26,23.06,-15.00,-2.50
818.8809,0,0,0,0,827.293,-0.51,0.37,-0.59,-0.51,-8.90,2.99,1.01,-0.04,0.14,-0.10,24.56,-15.38,-3.00
818.8995,0,0,0,0,827.316,-0.51,0.37,-0.59,-0.51,-8.91,2.71,0.66,-0.07,0.18,-0.09,24.56,-15.38,-3.00
818.9191,0,0,0,0,827.336,-0.51,0.38,-0.59,-0.51,-8.97,2.47,0.84,-0.11,0.23,-0.11,24.56,-15.38,-3.00
818.9359,0,0,0,0,827.361,-0.50,0.38,-0.59,-0.51,-9.13,2.35,0.65,-0.09,0.24,-0.17,24.56,-15.38,-2.19
818.9558,0,0,0,0,827.383,-0.50,0.38,-0.59,-0.51,-9.26,2.33,0.42,-0.10,0.25,-0.22,24.56,-15.38,-2.19
818.9722,0,0,0,0,827.406,-0.50,0.39,-0.59,-0.51,-9.31,2.34,0.44,-0.12,0.25,-0.17,24.19,-15.38,-1.75
818.9915,0,0,0,0,827.43,-0.50,0.39,-0.59,-0.51,-9.38,2.01,0.12,-0.16,0.25,-0.10,24.19,-15.38,-1.75
819.0156,0,0,0,0,827.451,-0.50,0.39,-0.59,-0.50,-9.35,1.85,0.26,-0.19,0.28,-0.08,24.56,-15.38,-2.50
819.0316,0,0,0,0,827.473,-0.50,0.39,-0.59,-0.50,-9.60,1.26,0.03,-0.18,0.28,-0.09,24.56,-15.38,-2.50
819.0528,0,0,0,0,827.496,-0.49,0.40,-0.59,-0.50,-9.60,1.34,0.08,-0.13,0.25,-0.15,24.19,-14.25,-1.69
819.0778,0,0,0,0,827.521,-0.49,0.40,-0.59,-0.50,-9.71,1.31,-0.08,-0.08,0.24,-0.15,24.19,-14.25,-1.69
819.097,0,0,0,0,827.541,-0.49,0.40,-0.59,-0.50,-9.81,1.61,-0.09,-0.02,0.21,-0.17,25.25,-15.00,-1.25
819.1139,0,0,0,0,827.564,-0.49,0.40,-0.59,-0.50,-9.75,1.92,-0.08,-0.06,0.16,-0.09,25.25,-15.00,-1.25
819.1303,0,0,0,0,827.586,-0.49,0.41,-0.59,-0.50,-9.59,1.85,-0.02,-0.11,0.10,0.00,25.25,-15.00,-1.25
819.1466,0,0,0,0,827.609,-0.49,0.41,-0.59,-0.50,-9.59,1.79,0.05,-0.11,0.09,0.07,24.56,-13.88,-0.56
819.1777,0,0,0,0,827.633,-0.49,0.41,-0.59,-0.50,-9.55,2.01,0.23,-0.08,0.06,0.09,24.56,-13.88,-0.56
819.1976,0,0,0,0,827.656,-0.49,0.41,-0.59,-0.50,-9.42,2.15,0.23,-0.11,0.03,0.09,24.19,-13.88,-1.25
819.2139,0,0,0,0,827.678,-0.49,0.41,-0.59,-0.50,-9.33,2.01,0.10,-0.14,0.03,0.10,24.19,-13.88,-1.25
819.2343,0,0,0,0,827.701,-0.49,0.41,-0.59,-0.50,-9.44,1.71,0.29,-0.16,0.08,0.08,25.00,-14.25,-1.25
819.2534,0,0,0,0,827.723,-0.48,0.41,-0.59,-0.50,-9.61,1.89,0.40,-0.13,0.06,0.02,25.00,-14.25,-1.25
819.2697,0,0,0,0,827.744,-0.48,0.41,-0.59,-0.51,-9.46,2.02,0.37,-0.16,-0.00,0.03,25.00,-14.69,-1.00
819.2867,0,0,0,0,827.768,-0.48,0.41,-0.58,-0.51,-9.45,1.92,-0.01,-0.18,-0.03,0.08,25.00,-14.69,-1.00
819.3033,0,0,0,0,827.789,-0.48,0.41,-0.58,-0.51,-9.52,1.75,0.21,-0.19,-0.00,0.11,25.00,-14.69,-1.00
819.3392,0,0,0,0,827.813,-0.48,0.41,-0.58,-0.51,-9.65,1.82,0.40,-0.15,-0.03,0.09,24.19,-14.25,-1.25
819.3556,0,0,0,0,827.834,-0.48,0.41,-0.58,-0.51,-9.79,2.10,-0.02,-0.16,-0.09,0.05,24.19,-14.25,-1.25
819.387,0,0,0,0,827.858,-0.48,0.41,-0.58,-0.51,-9.79,2.15,-0.40,-0.18,-0.10,0.04,23.87,-15.38,-1.69
819.4119,0,0,0,0,827.883,-0.48,0.41,-0.58,-0.52,-9.72,1.72,-0.08,-0.22,-0.07,0.00,23.87,-15.38,-1.69
819.4309,0,0,0,0,827.906,-0.48,0.41,-0.58,-0.52,-9.72,1.45,0.65,-0.16,-0.10,-0.04,25.00,-14.69,0.19
819.4647,0,0,0,0,827.928,-0.48,0.41,-0.58,-0.52,-9.83,2.01,0.76,-0.15,-0.15,-0.03,25.00,-14.69,0.19
819.5141,0,0,0,0,827.951,-0.48,0.41,-0.57,-0.52,-9.86,2.26,0.84,-0.22,-0.19,0.05,24.56,-14.69,-1.00
819.5688,0,0,0,0,827.973,-0.48,0.41,-0.57,-0.52,-9.65,1.91,1.02,-0.40,-0.26,0.08,24.56,-14.69,-1.00
819.5961,0,0,0,0,827.996,-0.48,0.41,-0.57,-0.53,-9.30,1.79,0.81,-0.35,-0.28,0.07,24.56,-15.75,-0.19
819.6335,0,0,0,0,828.018,-0.48,0.41,-0.57,-0.53,-9.44,2.30,0.50,-0.23,-0.19,0.11,24.56,-15.75,-0.19
819.702,0,0,0,0,828.041,-0.48,0.41,-0.56,-0.53,-9.52,2.79,1.20,-0.32,-0.10,0.16,24.19,-15.00,-0.56
819.7184,0,0,0,0,828.063,-0.47,0.41,-0.56,-0.54,-9.29,2.27,1.85,-0.45,-0.09,0.37,24.19,-15.00,-0.56
819.7387,0,0,0,0,828.084,-0.47,0.41,-0.56,-0.55,-9.40,1.97,1.79,-0.37,-0.13,0.49,24.19,-15.00,-0.56
819.761,0,0,0,0,828.108,-0.47,0.41,-0.56,-0.55,-9.22,2.18,1.35,-0.41,-0.12,0.39,24.56,-15.75,-0.19
819.7877,0,0,0,0,828.133,-0.46,0.41,-0.56,-0.55,-9.03,2.45,0.92,-0.49,-0.05,0.22,24.56,-15.75,-0.19
819.8105,0,0,0,0,828.155,-0.46,0.41,-0.56,-0.56,-8.43,1.99,0.58,-0.62,0.10,0.08,24.56,-16.19,0.19
819.8387,0,0,0,0,828.18,-0.45,0.41,-0.55,-0.56,-8.17,1.20,0.01,-0.55,0.33,0.01,24.56,-16.19,0.19
819.8553,0,0,0,0,828.2,-0.45,0.42,-0.55,-0.56,-8.79,0.91,-0.51,-0.35,0.78,-0.28,25.69,-16.75,1.00
819.8952,0,0,0,0,828.223,-0.45,0.43,-0.55,-0.56,-10.61,1.05,0.08,-0.24,0.89,-0.46,25.69,-16.75,1.00
819.9474,0,0,0,0,828.246,-0.44,0.44,-0.55,-0.55,-10.84,2.26,0.59,-0.20,0.79,-0.46,25.00,-17.87,3.38
819.9836,0,0,0,0,828.27,-0.44,0.44,-0.55,-0.55,-10.42,3.23,0.37,-0.28,0.50,-0.19,25.00,-17.87,3.38
820.0039,0,0,0,0,828.291,-0.44,0.45,-0.55,-0.55,-10.02,3.01,0.02,-0.40,0.17,0.04,26.75,-18.19,5.00
820.0263,0,0,0,0,828.313,-0.43,0.45,-0.55,-0.55,-8.33,2.89,-0.96,-0.65,-0.07,-0.01,26.75,-18.19,5.00
820.0469,0,0,0,0,828.336,-0.43,0.45,-0.55,-0.56,-7.80,2.49,-1.49,-0.66,-0.01,-0.09,26.75,-18.19,5.00
820.0744,0,0,0,0,828.358,-0.43,0.46,-0.54,-0.56,-7.37,2.49,-1.57,-0.54,0.13,-0.21,28.25,-19.56,7.06
820.094,0,0,0,0,828.383,-0.43,0.46,-0.54,-0.56,-7.17,2.42,-2.24,-0.30,0.31,-0.44,28.25,-19.56,7.06
820.1104,0,0,0,0,828.405,-0.43,0.47,-0.54,-0.56,-7.42,2.23,-2.85,-0.25,0.37,-0.64,29.87,-21.00,8.56
820.1433,0,0,0,0,828.43,-0.43,0.48,-0.53,-0.55,-8.91,2.24,-2.22,-0.21,0.40,-0.66,29.87,-21.00,8.56
820.1671,0,0,0,0,828.45,-0.43,0.48,-0.53,-0.55,-9.81,2.03,-1.34,-0.25,0.40,-0.36,30.25,-21.69,8.56
820.1873,0,0,0,0,828.473,-0.43,0.49,-0.53,-0.55,-10.68,1.24,-0.51,-0.29,0.27,-0.21,30.25,-21.69,8.56
820.2039,0,0,0,0,828.495,-0.42,0.49,-0.53,-0.55,-11.10,0.73,-0.50,-0.25,0.09,-0.27,29.19,-20.19,9.06
820.2202,0,0,0,0,828.52,-0.43,0.49,-0.53,-0.55,-10.96,0.71,-0.43,-0.15,-0.02,-0.36,29.19,-20.19,9.06
820.2435,0,0,0,0,828.54,-0.43,0.50,-0.52,-0.55,-10.78,1.32,0.25,-0.01,-0.14,-0.20,27.37,-19.69,8.25
820.2649,0,0,0,0,828.563,-0.43,0.50,-0.52,-0.55,-10.51,1.92,0.48,-0.04,-0.22,0.12,27.37,-19.69,8.25
820.2875,0,0,0,0,828.585,-0.43,0.49,-0.52,-0.55,-10.28,1.66,0.39,-0.16,-0.27,0.31,27.37,-19.69,8.25
820.308,0,0,0,0,828.61,-0.43,0.49,-0.52,-0.55,-9.76,1.09,0.13,-0.21,-0.28,0.28,26.69,-18.56,7.19
820.3264,0,0,0,0,828.633,-0.43,0.49,-0.52,-0.56,-9.36,0.65,0.55,-0.06,-0.19,0.01,26.69,-18.56,7.19
820.3428,0,0,0,0,828.655,-0.43,0.49,-0.52,-0.56,-9.32,0.78,0.69,0.05,-0.15,-0.13,26.25,-17.00,7.50
820.3603,0,0,0,0,828.68,-0.43,0.49,-0.52,-0.56,-9.38,1.20,0.39,0.12,-0.11,-0.13,26.25,-17.00,7.50
820.377,0,0,0,0,828.7,-0.43,0.49,-0.52,-0.56,-9.55,1.46,0.17,0.10,-0.01,0.01,26.25,-17.00,6.00
820.3936,0,0,0,0,828.723,-0.43,0.49,-0.52,-0.56,-9.77,1.37,0.35,0.07,-0.02,0.06,26.25,-17.00,6.00
820.4101,0,0,0,0,828.745,-0.43,0.49,-0.52,-0.56,-9.81,1.47,0.38,0.06,-0.06,0.08,25.87,-17.25,5.19
820.427,0,0,0,0,828.768,-0.43,0.48,-0.52,-0.56,-9.79,1.47,0.05,0.05,-0.07,0.04,25.87,-17.25,5.19
820.4485,0,0,0,0,828.79,-0.43,0.48,-0.52,-0.56,-9.82,1.47,0.16,0.07,-0.04,-0.04,26.25,-17.00,6.00
820.4717,0,0,0,0,828.813,-0.43,0.48,-0.52,-0.56,-9.82,1.57,0.22,0.07,-0.04,-0.08,26.25,-17.00,6.00
820.5017,0,0,0,0,828.833,-0.44,0.48,-0.52,-0.56,-9.73,1.42,0.36,0.05,-0.07,-0.08,26.25,-17.00,6.00
820.52,0,0,0,0,828.856,-0.44,0.48,-0.52,-0.56,-9.64,1.48,0.30,0.04,-0.09,-0.07,26.69,-17.00,4.75
820.5365,0,0,0,0,828.878,-0.44,0.48,-0.52,-0.56,-9.54,1.51,0.21,0.02,-0.09,-0.04,26.69,-17.00,4.75
820.5549,0,0,0,0,828.901,-0.44,0.48,-0.52,-0.56,-9.51,1.36,0.47,-0.01,-0.06,-0.01,26.69,-17.00,4.75
820.5714,0,0,0,0,828.923,-0.44,0.48,-0.52,-0.56,-9.37,1.28,0.52,-0.02,-0.06,-0.01,26.69,-17.00,4.75
820.588,0,0,0,0,828.944,-0.44,0.48,-0.51,-0.56,-9.19,1.38,0.45,-0.02,-0.06,-0.01,27.00,-15.75,6.00
820.6149,0,0,0,0,828.968,-0.44,0.48,-0.51,-0.56,-9.23,1.26,0.21,-0.02,-0.02,0.00,27.00,-15.75,6.00
820.637,0,0,0,0,828.989,-0.44,0.48,-0.51,-0.56,-9.27,1.28,0.32,0.00,0.05,0.00,26.69,-15.50,4.75
820.6531,0,0,0,0,829.011,-0.44,0.48,-0.51,-0.56,-9.72,1.40,0.30,0.03,0.07,0.01,26.69,-15.50,4.75
820.6752,0,0,0,0,829.034,-0.44,0.48,-0.52,-0.56,-9.67,1.50,0.56,-0.00,0.04,0.02,26.69,-15.50,4.75
820.6926,0,0,0,0,829.057,-0.44,0.48,-0.52,-0.56,-9.64,1.28,0.27,-0.04,-0.01,0.04,26.25,-17.00,5.19
820.7092,0,0,0,0,829.081,-0.44,0.48,-0.52,-0.56,-9.58,1.22,0.01,0.02,0.03,0.00,26.25,-17.00,5.19
820.7255,0,0,0,0,829.104,-0.44,0.48,-0.52,-0.56,-9.80,1.41,0.03,0.05,0.07,-0.02,26.25,-17.00,5.19
820.7426,0,0,0,0,829.126,-0.44,0.48,-0.52,-0.56,-9.92,1.51,0.23,0.05,0.05,-0.02,26.25,-17.00,5.19
820.7683,0,0,0,0,829.149,-0.44,0.48,-0.52,-0.56,-9.85,1.60,0.48,0.02,-0.04,0.00,26.69,-17.00,5.19
820.785,0,0,0,0,829.171,-0.44,0.48,-0.52,-0.56,-9.76,1.51,0.08,-0.02,-0.10,0.01,26.69,-17.00,5.19
820.8033,0,0,0,0,829.192,-0.44,0.48,-0.52,-0.56,-9.95,1.48,0.23,-0.01,-0.04,-0.01,27.00,-17.00,4.75
820.8222,0,0,0,0,829.216,-0.44,0.48,-0.51,-0.56,-10.23,1.51,0.60,0.01,0.02,-0.06,27.00,-17.00,4.75
820.8387,0,0,0,0,829.239,-0.44,0.48,-0.51,-0.56,-10.33,1.73,0.95,0.00,-0.01,-0.11,27.00,-17.00,4.75
820.8597,0,0,0,0,829.261,-0.44,0.48,-0.51,-0.56,-10.44,1.93,0.60,-0.04,-0.08,-0.21,26.25,-16.56,5.56
820.8762,0,0,0,0,829.282,-0.44,0.48,-0.51,-0.56,-10.64,1.68,0.39,-0.06,-0.00,-0.30,26.25,-16.56,5.56
820.8928,0,0,0,0,829.306,-0.44,0.49,-0.51,-0.55,-10.80,1.36,0.64,-0.06,0.11,-0.41,26.69,-17.25,5.56
820.9161,0,0,0,0,829.331,-0.45,0.49,-0.51,-0.55,-10.97,1.27,1.10,-0.06,0.12,-0.48,26.69,-17.25,5.56
820.9338,0,0,0,0,829.353,-0.45,0.49,-0.50,-0.55,-10.87,1.40,1.25,-0.16,0.11,-0.41,27.00,-17.00,5.19
820.9501,0,0,0,0,829.378,-0.45,0.50,-0.50,-0.55,-10.55,1.51,0.70,-0.24,0.17,-0.27,27.00,-17.00,5.19
820.9758,0,0,0,0,829.399,-0.45,0.50,-0.50,-0.55,-10.34,1.42,0.47,-0.35,0.15,-0.34,30.00,-15.75,6.38
820.9922,0,0,0,0,829.421,-0.45,0.50,-0.50,-0.55,-9.24,0.78,0.68,-0.41,0.02,-0.42,30.00,-15.75,6.38
821.0123,0,0,0,0,829.444,-0.45,0.51,-0.49,-0.55,-9.80,-0.12,0.48,-0.36,0.06,-0.52,31.87,-16.56,4.75
821.0297,0,0,0,0,829.466,-0.45,0.52,-0.49,-0.54,-9.22,-0.03,0.52,-0.34,0.17,-0.76,31.87,-16.56,4.75
821.0459,0,0,0,0,829.489,-0.45,0.52,-0.48,-0.54,-8.95,0.11,0.59,-0.23,0.21,-0.88,34.19,-15.06,2.75
821.0638,0,0,0,0,829.511,-0.45,0.53,-0.48,-0.54,-8.63,0.90,-0.17,-0.16,0.17,-0.80,34.19,-15.06,2.75
821.0852,0,0,0,0,829.534,-0.46,0.54,-0.47,-0.53,-8.32,0.96,-0.65,-0.22,0.08,-0.77,34.19,-15.06,2.75
821.1053,0,0,0,0,829.556,-0.46,0.54,-0.47,-0.53,-7.44,0.74,-1.35,-0.29,-0.02,-0.74,37.06,-12.56,2.00
821.1217,0,0,0,0,829.581,-0.46,0.54,-0.46,-0.53,-6.26,0.71,-1.94,-0.29,-0.09,-0.52,37.06,-12.56,2.00
821.1379,0,0,0,0,829.603,-0.46,0.55,-0.45,-0.53,-5.94,0.83,-2.09,-0.30,-0.10,-0.26,39.69,-11.19,1.50
821.1548,0,0,0,0,829.628,-0.46,0.55,-0.45,-0.53,-6.44,0.69,-2.09,-0.41,-0.09,0.00,39.69,-11.19,1.50
821.171,0,0,0,0,829.648,-0.46,0.55,-0.45,-0.53,-7.17,-0.42,-1.46,-0.51,-0.03,0.38,38.56,-9.88,1.06
821.189,0,0,0,0,829.671,-0.45,0.55,-0.45,-0.54,-8.26,-1.62,-0.55,-0.38,0.09,0.58,38.56,-9.88,1.06
821.2052,0,0,0,0,829.693,-0.45,0.55,-0.45,-0.54,-10.06,-2.09,0.24,-0.14,0.27,0.76,38.19,-10.69,1.06
821.2311,0,0,0,0,829.716,-0.44,0.55,-0.46,-0.54,-11.20,-1.29,0.79,0.12,0.42,0.87,38.19,-10.69,1.06
821.2521,0,0,0,0,829.739,-0.43,0.54,-0.47,-0.54,-11.98,-0.65,0.45,0.35,0.42,0.88,35.19,-13.38,2.69
821.2693,0,0,0,0,829.761,-0.43,0.54,-0.48,-0.54,-13.18,-0.17,-0.21,0.46,0.46,0.61,35.19,-13.38,2.69
821.2856,0,0,0,0,829.782,-0.43,0.54,-0.49,-0.54,-13.42,0.66,0.52,0.46,0.45,0.21,35.19,-13.38,2.69
821.3036,0,0,0,0,829.806,-0.43,0.54,-0.49,-0.54,-12.94,0.98,0.61,0.32,0.19,-0.11,31.50,-14.56,3.88
821.3199,0,0,0,0,829.831,-0.43,0.54,-0.49,-0.53,-11.49,1.61,-0.43,0.13,-0.35,-0.25,31.50,-14.56,3.88
821.3371,0,0,0,0,829.853,-0.44,0.54,-0.48,-0.54,-10.33,2.06,-0.28,0.07,-0.53,-0.09,31.25,-14.88,4.69
821.3533,0,0,0,0,829.878,-0.44,0.53,-0.48,-0.54,-9.69,2.23,0.17,-0.04,-0.57,0.16,31.25,-14.88,4.69
821.3727,0,0,0,0,829.898,-0.44,0.53,-0.48,-0.54,-9.01,1.53,0.61,-0.28,-0.47,0.30,31.25,-14.56,5.06
821.3891,0,0,0,0,829.921,-0.44,0.53,-0.48,-0.55,-8.62,0.07,0.35,-0.32,-0.31,0.10,31.25,-14.56,5.06
821.4182,0,0,0,0,829.943,-0.44,0.53,-0.48,-0.55,-8.72,-0.32,0.31,-0.15,-0.12,-0.16,33.06,-14.56,4.00
821.4396,0,0,0,0,829.968,-0.44,0.53,-0.47,-0.55,-9.04,0.21,0.52,0.01,-0.01,-0.35,33.06,-14.56,4.00
821.4569,0,0,0,0,829.988,-0.44,0.53,-0.47,-0.55,-9.28,0.75,0.70,-0.06,-0.02,-0.28,32.38,-14.88,2.38
821.4733,0,0,0,0,830.011,-0.44,0.53,-0.47,-0.55,-9.50,0.62,0.25,-0.18,-0.02,-0.12,32.38,-14.88,2.38
821.4896,0,0,0,0,830.033,-0.44,0.53,-0.47,-0.55,-9.69,-0.03,0.10,-0.20,0.02,-0.00,32.38,-14.88,2.38
821.5102,0,0,0,0,830.058,-0.44,0.53,-0.47,-0.55,-9.78,-0.32,0.32,-0.15,0.02,-0.00,32.75,-14.19,2.38
821.527,0,0,0,0,830.081,-0.44,0.53,-0.47,-0.55,-9.88,-0.18,0.07,-0.04,-0.03,-0.07,32.75,-14.19,2.38
821.5434,0,0,0,0,830.103,-0.44,0.54,-0.47,-0.55,-9.88,0.00,-0.03,0.01,-0.02,-0.08,32.00,-13.38,2.75
821.5707,0,0,0,0,830.128,-0.44,0.54,-0.47,-0.55,-9.86,0.29,-0.03,0.03,-0.00,-0.04,32.00,-13.38,2.75
821.5868,0,0,0,0,830.15,-0.44,0.54,-0.47,-0.55,-9.80,0.28,0.11,0.00,-0.02,0.06,33.06,-14.56,2.25
821.6061,0,0,0,0,830.171,-0.44,0.53,-0.47,-0.55,-9.79,0.17,0.16,0.01,-0.06,0.08,33.06,-14.56,2.25
821.6268,0,0,0,0,830.193,-0.44,0.53,-0.47,-0.55,-9.75,0.26,0.20,0.03,-0.07,0.05,32.38,-13.38,1.19
821.6432,0,0,0,0,830.216,-0.44,0.53,-0.47,-0.55,-9.88,0.34,0.00,0.06,-0.05,0.02,32.38,-13.38,1.19
821.6596,0,0,0,0,830.238,-0.44,0.53,-0.47,-0.55,-9.88,0.56,0.11,0.07,-0.02,-0.02,32.38,-14.19,1.56
821.6794,0,0,0,0,830.261,-0.44,0.53,-0.47,-0.55,-10.02,0.59,0.04,0.07,-0.02,-0.02,32.38,-14.19,1.56
821.6985,0,0,0,0,830.281,-0.44,0.53,-0.47,-0.55,-10.00,0.55,0.24,0.05,-0.06,-0.02,32.38,-14.19,1.56
821.7202,0,0,0,0,830.304,-0.44,0.53,-0.47,-0.55,-9.90,0.43,0.21,0.04,-0.09,-0.02,32.75,-14.19,2.75
821.737,0,0,0,0,830.328,-0.44,0.53,-0.47,-0.55,-9.76,0.46,0.17,0.04,-0.08,-0.01,32.75,-14.19,2.75
821.7534,0,0,0,0,830.351,-0.45,0.53,-0.47,-0.55,-9.66,0.33,0.26,0.04,-0.04,0.00,32.75,-13.38,2.00
821.7757,0,0,0,0,830.371,-0.45,0.53,-0.47,-0.55,-9.74,0.27,0.35,0.06,-0.03,0.00,32.75,-13.38,2.00
821.7936,0,0,0,0,830.394,-0.45,0.53,-0.47,-0.55,-9.71,0.42,0.58,0.06,-0.04,-0.00,33.06,-13.06,1.56
821.8099,0,0,0,0,830.418,-0.45,0.53,-0.47,-0.55,-9.75,0.51,0.41,0.04,-0.09,-0.02,33.06,-13.06,1.56
821.8302,0,0,0,0,830.439,-0.45,0.53,-0.47,-0.55,-9.79,0.49,0.20,0.05,-0.04,-0.03,32.75,-13.75,1.56
821.8466,0,0,0,0,830.461,-0.45,0.53,-0.47,-0.55,-9.84,0.72,0.35,0.06,-0.01,-0.01,32.75,-13.75,1.56
821.8641,0,0,0,0,830.482,-0.45,0.53,-0.47,-0.55,-9.78,0.67,0.57,0.01,-0.02,0.00,32.75,-13.75,1.56
821.8843,0,0,0,0,830.507,-0.45,0.53,-0.47,-0.55,-9.68,0.32,0.54,-0.02,-0.04,-0.00,32.75,-13.38,1.19
821.9053,0,0,0,0,830.529,-0.45,0.53,-0.47,-0.55,-9.81,0.46,0.38,0.03,-0.04,-0.04,32.75,-13.38,1.19
821.9265,0,0,0,0,830.552,-0.45,0.53,-0.47,-0.55,-9.71,0.57,0.48,0.01,-0.03,-0.03,32.38,-13.38,1.19
821.9431,0,0,0,0,830.576,-0.45,0.53,-0.46,-0.55,-9.62,0.30,0.43,-0.02,-0.02,-0.00,32.38,-13.38,1.19
821.9626,0,0,0,0,830.599,-0.45,0.53,-0.46,-0.55,-9.70,0.33,0.43,0.01,-0.01,-0.01,33.88,-12.69,2.00
821.9836,0,0,0,0,830.621,-0.45,0.53,-0.46,-0.55,-9.65,0.40,0.42,-0.00,-0.00,0.01,33.88,-12.69,2.00
822.0026,0,0,0,0,830.642,-0.45,0.53,-0.46,-0.55,-9.71,0.34,0.39,-0.02,0.01,0.03,32.75,-13.06,0.75
822.0191,0,0,0,0,830.666,-0.45,0.53,-0.46,-0.55,-9.84,0.16,0.25,0.01,0.03,0.00,32.75,-13.06,0.75
822.0547,0,0,0,0,830.687,-0.45,0.53,-0.46,-0.55,-9.88,0.41,0.46,0.02,-0.01,-0.02,33.06,-12.25,1.19
822.0712,0,0,0,0,830.709,-0.45,0.52,-0.46,-0.55,-9.85,0.51,0.20,0.01,-0.02,0.00,33.06,-12.25,1.19
822.0889,0,0,0,0,830.73,-0.45,0.52,-0.46,-0.55,-9.73,0.37,0.29,-0.00,-0.01,0.01,33.06,-12.25,1.19
822.1114,0,0,0,0,830.754,-0.45,0.52,-0.46,-0.55,-9.76,0.27,0.38,0.01,0.01,-0.00,32.75,-12.69,1.19
822.1307,0,0,0,0,830.777,-0.45,0.52,-0.46,-0.55,-9.80,0.13,0.37,0.04,-0.01,-0.03,32.75,-12.69,1.19
822.1473,0,0,0,0,830.799,-0.45,0.52,-0.46,-0.55,-9.82,0.22,0.33,0.06,-0.03,-0.02,32.75,-13.38,2.00
822.1688,0,0,0,0,830.822,-0.45,0.52,-0.46,-0.55,-9.84,0.20,0.33,0.09,-0.04,-0.01,32.75,-13.38,2.00
822.2053,0,0,0,0,830.842,-0.45,0.52,-0.46,-0.55,-10.02,0.14,0.41,0.13,-0.08,-0.02,32.75,-13.38,2.38
822.2238,0,0,0,0,830.867,-0.46,0.52,-0.46,-0.55,-9.98,0.50,0.40,0.14,-0.15,-0.03,32.75,-13.38,2.38
822.2425,0,0,0,0,830.889,-0.46,0.52,-0.46,-0.55,-9.97,0.54,0.39,0.10,-0.16,-0.04,33.06,-13.38,0.75
822.2633,0,0,0,0,830.912,-0.46,0.52,-0.46,-0.55,-9.95,0.45,0.21,0.09,-0.17,-0.05,33.06,-13.38,0.75
822.2798,0,0,0,0,830.932,-0.46,0.52,-0.46,-0.55,-10.03,0.07,0.73,0.10,-0.19,-0.10,33.06,-13.38,0.75
822.3002,0,0,0,0,830.957,-0.46,0.52,-0.46,-0.55,-9.89,0.25,1.10,0.13,-0.29,-0.14,33.50,-13.06,2.00
822.3167,0,0,0,0,830.98,-0.47,0.52,-0.46,-0.55,-9.55,0.41,0.51,0.12,-0.37,-0.14,33.50,-13.06,2.00
822.3345,0,0,0,0,831.002,-0.47,0.51,-0.46,-0.55,-9.38,0.67,0.10,0.10,-0.33,-0.12,33.50,-13.06,1.19
822.3582,0,0,0,0,831.027,-0.47,0.51,-0.46,-0.55,-9.53,0.40,0.15,0.08,-0.07,-0.03,33.50,-13.06,1.19
822.375,0,0,0,0,831.049,-0.47,0.51,-0.46,-0.55,-9.97,0.04,1.26,0.08,0.03,-0.00,34.25,-12.25,2.00
822.3932,0,0,0,0,831.072,-0.47,0.51,-0.46,-0.55,-10.26,0.26,1.46,0.12,-0.00,0.00,34.25,-12.25,2.00
822.4101,0,0,0,0,831.092,-0.47,0.51,-0.46,-0.55,-10.38,0.48,1.37,0.14,-0.09,0.01,33.88,-12.25,1.19
822.4265,0,0,0,0,831.117,-0.48,0.51,-0.46,-0.55,-10.21,0.74,0.95,0.09,-0.22,-0.03,33.88,-12.25,1.19
822.4443,0,0,0,0,831.137,-0.48,0.51,-0.46,-0.55,-9.49,0.70,0.73,0.06,-0.27,-0.03,33.88,-12.69,0.37
822.4609,0,0,0,0,831.162,-0.48,0.50,-0.46,-0.55,-9.05,0.56,0.67,0.05,-0.27,-0.01,33.88,-12.69,0.37
822.48,0,0,0,0,831.182,-0.48,0.50,-0.46,-0.56,-8.74,0.12,0.60,0.03,-0.23,0.01,33.88,-12.69,0.37
822.5014,0,0,0,0,831.207,-0.48,0.50,-0.46,-0.56,-8.84,-0.50,0.32,0.13,-0.07,0.03,34.56,-11.88,-0.75
822.5245,0,0,0,0,831.229,-0.48,0.50,-0.46,-0.56,-9.54,-0.84,0.63,0.28,0.06,-0.03,34.56,-11.88,-0.75
822.5576,0,0,0,0,831.252,-0.48,0.50,-0.46,-0.55,-10.08,-1.57,1.06,0.54,0.09,-0.11,33.88,-12.69,0.37
822.5812,0,0,0,0,831.277,-0.49,0.50,-0.46,-0.55,-10.46,-0.40,0.73,1.15,-0.01,-0.26,33.88,-12.69,0.37
822.6046,0,0,0,0,831.299,-0.50,0.49,-0.47,-0.54,-10.45,1.26,0.63,1.18,-0.05,-0.30,35.00,-13.06,0.00
822.621,0,0,0,0,831.324,-0.51,0.49,-0.47,-0.53,-10.03,1.35,0.67,0.91,-0.12,-0.23,35.00,-13.06,0.00
822.6412,0,0,0,0,831.344,-0.51,0.48,-0.48,-0.53,-9.46,0.00,0.83,0.60,-0.24,-0.09,35.00,-11.56,2.75
822.6603,0,0,0,0,831.367,-0.52,0.48,-0.48,-0.53,-9.07,-1.04,0.52,0.83,-0.27,-0.15,35.00,-11.56,2.75
822.6805,0,0,0,0,831.389,-0.53,0.47,-0.48,-0.52,-9.45,-0.82,0.70,0.98,-0.18,-0.39,35.00,-12.25,2.00
822.7007,0,0,0,0,831.412,-0.53,0.47,-0.48,-0.51,-10.12,-0.08,0.94,1.05,-0.05,-0.59,35.00,-12.25,2.00
822.7172,0,0,0,0,831.434,-0.54,0.47,-0.48,-0.51,-10.52,0.57,1.24,0.94,0.00,-0.63,35.00,-12.25,2.00
822.7339,0,0,0,0,831.457,-0.55,0.46,-0.49,-0.50,-10.64,1.11,1.16,0.60,-0.07,-0.34,35.00,-10.38,1.56
822.7537,0,0,0,0,831.479,-0.55,0.46,-0.49,-0.50,-10.16,0.81,1.23,0.32,-0.16,-0.06,35.00,-10.38,1.56
822.7708,0,0,0,0,831.502,-0.55,0.46,-0.49,-0.50,-9.88,0.43,1.19,0.09,-0.23,0.13,35.69,-10.06,3.19
822.7868,0,0,0,0,831.526,-0.55,0.46,-0.49,-0.50,-9.79,-0.11,1.46,-0.02,-0.19,0.15,35.69,-10.06,3.19
822.8036,0,0,0,0,831.549,-0.55,0.45,-0.49,-0.50,-10.12,0.44,2.15,0.02,-0.15,0.11,35.25,-10.19,2.38
822.8202,0,0,0,0,831.574,-0.55,0.45,-0.49,-0.50,-9.90,1.08,1.87,-0.01,-0.17,0.12,35.25,-10.19,2.38
822.8519,0,0,0,0,831.596,-0.55,0.45,-0.48,-0.50,-9.34,1.14,1.42,-0.18,-0.25,0.15,36.06,-10.50,1.19
822.8685,0,0,0,0,831.619,-0.55,0.45,-0.48,-0.51,-8.28,0.25,0.42,-0.42,-0.25,0.17,36.06,-10.50,1.19
822.8849,0,0,0,0,831.639,-0.55,0.45,-0.48,-0.51,-8.01,-0.29,0.67,-0.48,-0.11,0.13,37.19,-10.88,0.37
822.9085,0,0,0,0,831.664,-0.55,0.45,-0.48,-0.52,-8.29,-0.61,0.93,-0.52,0.06,0.10,37.19,-10.88,0.37
822.9249,0,0,0,0,831.684,-0.54,0.46,-0.48,-0.52,-9.29,-1.22,0.95,-0.50,0.21,0.10,36.38,-10.88,0.00
822.9456,0,0,0,0,831.709,-0.54,0.46,-0.48,-0.52,-10.68,-1.54,1.07,-0.29,0.37,0.04,36.38,-10.88,0.00
822.9674,0,0,0,0,831.729,-0.54,0.47,-0.48,-0.52,-11.18,-1.08,1.13,-0.08,0.35,-0.05,36.38,-10.88,0.00
822.9877,0,0,0,0,831.754,-0.54,0.47,-0.48,-0.52,-11.39,-0.09,0.93,0.07,0.16,-0.08,36.38,-10.88,0.37
823.0056,0,0,0,0,831.776,-0.54,0.47,-0.48,-0.52,-10.51,0.60,0.66,0.06,-0.15,0.08,36.38,-10.88,0.37
823.022,0,0,0,0,831.799,-0.54,0.46,-0.48,-0.52,-9.91,0.30,0.75,-0.04,-0.24,0.18,35.00,-11.25,1.56
823.0408,0,0,0,0,831.823,-0.54,0.46,-0.48,-0.52,-9.36,-0.01,1.02,-0.09,-0.20,0.20,35.00,-11.25,1.56
823.0599,0,0,0,0,831.846,-0.54,0.46,-0.48,-0.52,-9.18,-0.12,1.41,-0.05,-0.08,0.13,36.75,-10.19,0.37
823.0764,0,0,0,0,831.868,-0.54,0.46,-0.48,-0.52,-9.15,0.01,1.75,0.00,-0.04,0.06,36.75,-10.19,0.37
823.0927,0,0,0,0,831.889,-0.54,0.46,-0.48,-0.52,-9.33,0.40,1.48,0.04,-0.02,0.01,36.38,-11.69,1.56
823.1094,0,0,0,0,831.913,-0.54,0.46,-0.48,-0.52,-9.54,0.52,1.31,0.02,0.03,0.02,36.38,-11.69,1.56
823.1262,0,0,0,0,831.936,-0.54,0.46,-0.48,-0.52,-9.72,0.47,1.49,-0.03,0.07,0.05,35.69,-11.69,0.00
823.1526,0,0,0,0,831.959,-0.53,0.46,-0.48,-0.52,-9.86,0.38,1.33,-0.07,0.03,0.07,35.69,-11.69,0.00
823.1689,0,0,0,0,831.979,-0.53,0.46,-0.48,-0.52,-9.78,0.27,1.22,-0.10,0.00,0.07,35.69,-11.69,0.00
823.1883,0,0,0,0,832.004,-0.53,0.46,-0.48,-0.53,-9.71,0.40,1.12,-0.10,-0.01,0.04,36.06,-11.69,1.56
823.2092,0,0,0,0,832.026,-0.53,0.46,-0.48,-0.53,-9.81,0.03,1.21,-0.10,0.04,0.01,36.06,-11.69,1.56
823.2235,0,0,0,0,832.049,-0.53,0.46,-0.48,-0.53,-9.88,-0.09,1.25,-0.08,0.04,-0.02,36.38,-11.25,1.19
823.2413,0,0,0,0,832.073,-0.53,0.46,-0.48,-0.53,-9.88,-0.14,1.23,-0.06,0.00,-0.03,36.38,-11.25,1.19
823.2581,0,0,0,0,832.094,-0.53,0.46,-0.48,-0.53,-9.88,-0.05,1.17,-0.02,-0.03,-0.00,35.00,-11.25,0.00
823.2772,0,0,0,0,832.116,-0.53,0.46,-0.48,-0.53,-9.81,0.00,1.05,-0.02,-0.03,0.01,35.00,-11.25,0.00
823.2984,0,0,0,0,832.139,-0.53,0.46,-0.47,-0.53,-9.76,-0.01,1.07,-0.01,-0.03,0.02,36.06,-12.00,1.56
